{"type": "FeatureCollection", "name": "boundaries", "crs": {"type": "name", "properties": {"name": "urn:ogc:def:crs:OGC:1.3:CRS84"}}, "features": [{"type": "Feature", "properties": {"rowId": 15, "city_name": "桑名市", "town_name": "相生町", "households": 8, "population": 18, "e_stat_code": "242050150"}, "geometry": {"type": "Polygon", "coordinates": [[[136.69271389367785, 35.067335783482385], [136.69271542429354, 35.067187811462205], [136.69256644962957, 35.06719556336591], [136.692571398811, 35.067112362458595], [136.69264724577812, 35.0671072119443], [136.6926349888884, 35.06698481192048], [136.69273883581167, 35.066963373732946], [136.69270742072433, 35.06673812193654], [136.69265702209142, 35.06643558167407], [136.69277770630393, 35.066404821171496], [136.69281932691786, 35.06600921674608], [136.69270667203185, 35.06598675992236], [136.69243894005405, 35.06591884753743], [136.69227112610056, 35.06652440449891], [136.6921515094057, 35.067010738365425], [136.69220540524137, 35.06706353230823], [136.69221943757546, 35.0672287396645], [136.69213186081058, 35.06734607419551], [136.69271389367785, 35.067335783482385]]]}}, {"type": "Feature", "properties": {"rowId": 64, "city_name": "桑名市", "town_name": "相川町", "households": 46, "population": 111, "e_stat_code": "242050590"}, "geometry": {"type": "Polygon", "coordinates": [[[136.68480252288384, 35.05835812638605], [136.6852671711287, 35.0582421908607], [136.68531338519816, 35.05834038452498], [136.68563484953847, 35.058267300402555], [136.68558290331086, 35.058154701500804], [136.6858121711226, 35.05809227854706], [136.6862497998155, 35.05798705560374], [136.68626669891523, 35.058031117267774], [136.68640678104788, 35.05799638068815], [136.6864312631447, 35.05806117435654], [136.68670411850178, 35.057998080250265], [136.68666182734594, 35.05788289245533], [136.68716860424732, 35.057751007164455], [136.68723570398834, 35.05787288565102], [136.68734695303155, 35.057841690995616], [136.6873129829718, 35.05773321770076], [136.68770045790095, 35.05765299258492], [136.68762438065625, 35.05744623237593], [136.6877735680923, 35.05741989368591], [136.68767276902713, 35.05703805556295], [136.68747252852145, 35.0570634859024], [136.6869327421568, 35.057195488765494], [136.68660721644886, 35.05727881151088], [136.6860857688706, 35.057381903558536], [136.68557876242136, 35.05747089667618], [136.68500535114882, 35.057577093302974], [136.6850438282032, 35.057707585463184], [136.68490392129212, 35.057742883433846], [136.68490897466896, 35.057788982895644], [136.68434425847025, 35.057880549928846], [136.68444084424155, 35.058256569748465], [136.68451763436508, 35.05852903404778], [136.68483536557002, 35.05845512742091], [136.68480252288384, 35.05835812638605]]]}}, {"type": "Feature", "properties": {"rowId": 134, "city_name": "桑名市", "town_name": "青葉町一丁目", "households": 39, "population": 88, "e_stat_code": "24205103001"}, "geometry": {"type": "Polygon", "coordinates": [[[136.67388462150393, 35.068025556202116], [136.67387746066464, 35.06797770678945], [136.6740404298655, 35.0677965137599], [136.67425677917535, 35.067601925042176], [136.67426871863302, 35.067512207988145], [136.67426248629786, 35.067374490299514], [136.67421056980788, 35.06723287171429], [136.67420472506254, 35.067136914576174], [136.67393021864885, 35.06709259202513], [136.67388108375224, 35.0672889989614], [136.6737234644952, 35.06725642099245], [136.6736290126216, 35.06749899647778], [136.67352583622002, 35.0674674548672], [136.6734353032336, 35.0677128260182], [136.67328524056379, 35.06767203680107], [136.67300438317477, 35.067610985617776], [136.67273649068238, 35.06755338322182], [136.67246638272644, 35.06747621373764], [136.67252031972362, 35.067864098890816], [136.67154742009967, 35.06795681143749], [136.6709452966078, 35.0680042982618], [136.67053942032734, 35.068031541419984], [136.6705339024097, 35.067995795884], [136.67029117055327, 35.06801403854338], [136.67029588307082, 35.068045422174], [136.67036019977974, 35.06846240690224], [136.6706057791177, 35.06844654282483], [136.67059161295867, 35.06839028090617], [136.67142035320055, 35.06836478341929], [136.6725944226369, 35.068235182077785], [136.67388462150393, 35.068025556202116]]]}}, {"type": "Feature", "properties": {"rowId": 135, "city_name": "桑名市", "town_name": "青葉町二丁目", "households": 47, "population": 109, "e_stat_code": "24205103002"}, "geometry": {"type": "Polygon", "coordinates": [[[136.67431674359756, 35.068720155824685], [136.67423843062375, 35.068457623463644], [136.674150108305, 35.06821190725888], [136.67436312558524, 35.068189807671615], [136.6742505142161, 35.068073597538756], [136.6741834548864, 35.06794466969996], [136.6741718600688, 35.0677693747183], [136.67425677917535, 35.067601925042176], [136.6740404298655, 35.0677965137599], [136.67387746066464, 35.06797770678945], [136.67388462150393, 35.068025556202116], [136.6725944226369, 35.068235182077785], [136.67142035320055, 35.06836478341929], [136.67059161295867, 35.06839028090617], [136.6706057791177, 35.06844654282483], [136.67036019977974, 35.06846240690224], [136.67036139659052, 35.06860853263501], [136.670305959113, 35.06865884069087], [136.67032742190324, 35.068800628992854], [136.67083945530206, 35.068718571918126], [136.67116905041254, 35.06867498779018], [136.67141768708387, 35.06866107706757], [136.671601012695, 35.06873105151574], [136.67177513869132, 35.06869783378174], [136.6718030909163, 35.06868556539601], [136.67182698664172, 35.068664516853644], [136.67185649384245, 35.068679776659074], [136.67189397767257, 35.06868611872773], [136.67215901208326, 35.06868204587851], [136.67237196618836, 35.06865171148809], [136.67263817553214, 35.068618827046606], [136.67278048977298, 35.068638954971206], [136.67329778627916, 35.068577705444866], [136.67355271040714, 35.06871390317947], [136.67367974377203, 35.06872995916541], [136.6738986512397, 35.06880381838143], [136.67407196584892, 35.06889053530049], [136.67418395918816, 35.06893160531554], [136.67433163476946, 35.06900966159921], [136.6743289910184, 35.06897460452596], [136.67431674359756, 35.068720155824685]]]}}, {"type": "Feature", "properties": {"rowId": 56, "city_name": "桑名市", "town_name": "赤須賀（南部）", "households": 231, "population": 490, "e_stat_code": "24205056001"}, "geometry": {"type": "Polygon", "coordinates": [[[136.7072546698443, 35.06089673050723], [136.70781391311775, 35.05971230172605], [136.7079657276199, 35.05939070080636], [136.70804516824805, 35.05922241460941], [136.7081996311595, 35.058895375211236], [136.70841927444008, 35.05843006356324], [136.70912868532366, 35.057693149261276], [136.7042317762071, 35.056539488020945], [136.70342619752998, 35.05631957019006], [136.70235156422203, 35.057402027404635], [136.70182204913849, 35.057955390929706], [136.70152809156568, 35.05826808692254], [136.7013941303744, 35.05838675242774], [136.70091356876208, 35.05808662880327], [136.70057930290926, 35.0584584300559], [136.70091011734687, 35.05866927566851], [136.7006787993376, 35.058911113025694], [136.7008229404196, 35.05899584788247], [136.70060802880616, 35.05921829282456], [136.70064547025487, 35.05923504928197], [136.70091895716433, 35.059356785588186], [136.701117014448, 35.05951663423261], [136.701225004013, 35.05965010023542], [136.70137592343715, 35.05987120880069], [136.7012468593808, 35.059902025681346], [136.7012702520117, 35.06000830301274], [136.70123107654138, 35.06002923422599], [136.7012315317744, 35.06008240259036], [136.70126122562777, 35.06026956203673], [136.70199502472218, 35.060240251087244], [136.70207507985464, 35.06023704226184], [136.70251211442172, 35.060148736477565], [136.70298760278956, 35.060060277505535], [136.7072546698443, 35.06089673050723]]]}}, {"type": "Feature", "properties": {"rowId": 57, "city_name": "桑名市", "town_name": "赤須賀（北部）", "households": 121, "population": 243, "e_stat_code": "24205056002"}, "geometry": {"type": "Polygon", "coordinates": [[[136.7072546698443, 35.06089673050723], [136.70298760278956, 35.060060277505535], [136.70251211442172, 35.060148736477565], [136.70207507985464, 35.06023704226184], [136.70199502472218, 35.060240251087244], [136.70126122562777, 35.06026956203673], [136.70127753281156, 35.06069370897883], [136.7012927685091, 35.060832358536636], [136.70129612967725, 35.06089480623124], [136.70127268251304, 35.06111227418278], [136.70121641940273, 35.0614385260845], [136.70118507287023, 35.06171850628196], [136.7011984344033, 35.06196357922497], [136.70118369523172, 35.06205261134685], [136.7011775820711, 35.06248378964276], [136.7012374751243, 35.06291120635807], [136.70124414799994, 35.062965254362574], [136.70584571113974, 35.063942083115], [136.7062744753712, 35.06301279513395], [136.7065948444706, 35.06229780626325], [136.70663392697108, 35.062211308024146], [136.70669831455066, 35.06207501221983], [136.7072546698443, 35.06089673050723]]]}}, {"type": "Feature", "properties": {"rowId": 197, "city_name": "桑名市", "town_name": "赤尾", "households": 156, "population": 385, "e_stat_code": "242051360"}, "geometry": {"type": "Polygon", "coordinates": [[[136.6318120110361, 35.056733405932846], [136.63266240926916, 35.056489093486235], [136.63281543073688, 35.05641878250966], [136.63297542727835, 35.05626012133507], [136.63344248838808, 35.05578497829394], [136.63359519567635, 35.055620016268826], [136.63340548840543, 35.0554287464163], [136.63343349552878, 35.055362962786], [136.63317220954502, 35.05476873954558], [136.63346137469452, 35.05455150995035], [136.63322912832285, 35.054390888197474], [136.63318278989365, 35.05429732300762], [136.63314773412827, 35.05418968507658], [136.6327874205982, 35.05332857240843], [136.63267140863422, 35.05308064539058], [136.6326254386894, 35.05303405296553], [136.63262174952274, 35.05292857333651], [136.63258063491756, 35.052773991105354], [136.6324768230317, 35.0526244552282], [136.6324244948835, 35.05249810294695], [136.6323667652097, 35.05240931573329], [136.63189750603, 35.05243036435658], [136.63144941359312, 35.05207283010512], [136.6310091298781, 35.051727931423684], [136.63085449549598, 35.05158978861999], [136.6306993719607, 35.051388617665935], [136.63061404644435, 35.051275396668416], [136.63047474355415, 35.051137244195], [136.63028184218598, 35.05101197854896], [136.63007318410138, 35.05087602051238], [136.62975688665134, 35.050642238653595], [136.6294467933274, 35.050258699933025], [136.62960885323182, 35.049869597088325], [136.62961917237666, 35.04971481855857], [136.6291038967118, 35.049603912759075], [136.62913185169677, 35.04924396284501], [136.62915127429218, 35.04878292633586], [136.62938930747617, 35.04878168240302], [136.62952748441666, 35.048780960091555], [136.62964213775774, 35.04871725922091], [136.63002243548712, 35.04825433312281], [136.63012937464282, 35.048184403873066], [136.63028282455025, 35.04817085329685], [136.6304133373421, 35.048170169746854], [136.6305126575015, 35.048106547821604], [136.63055392011117, 35.04802167963193], [136.63059577471176, 35.047935682029156], [136.63063286574743, 35.047771324121214], [136.63073858391618, 35.047643721411845], [136.6307094112585, 35.047559503993384], [136.63061707151167, 35.04741927697579], [136.63022033272466, 35.04699929413244], [136.63011985031295, 35.046913126546144], [136.6300792881039, 35.04682889910147], [136.63002156179755, 35.046740112422754], [136.62993543408172, 35.04666077190606], [136.62986638607597, 35.0465861302871], [136.6298543064569, 35.046497175416874], [136.6298703410231, 35.04635631026523], [136.62986928603115, 35.04622032307364], [136.62986808572836, 35.04606560448585], [136.62983891305436, 35.045981316373314], [136.62980372039414, 35.045854875355026], [136.6298026655186, 35.04571888929275], [136.6297960598145, 35.0456016650393], [136.6297323795866, 35.04548481052063], [136.6296857250154, 35.045349062529034], [136.62965578983813, 35.0451663244579], [136.62966915737437, 35.04505138998789], [136.62966817479597, 35.04492469870551], [136.62976637668947, 35.04478818771741], [136.62970206001054, 35.04478803214285], [136.6295251148693, 35.0447917069794], [136.62940877649677, 35.044808656458216], [136.62913874582378, 35.04485162434214], [136.62912712613013, 35.04489401274491], [136.6290923497638, 35.04505885089695], [136.62900529326726, 35.045191002261944], [136.62894219954887, 35.04530450658954], [136.62894512507575, 35.045433299514904], [136.62897470157554, 35.045630688714965], [136.6289755692468, 35.045742660183464], [136.62892806260288, 35.04581199635428], [136.62876028024172, 35.045865552947674], [136.62858057772578, 35.04592248214746], [136.62811227394, 35.04594141058213], [136.62801264171233, 35.04599791951702], [136.6279417253812, 35.04614639439055], [136.627920875944, 35.04629629772285], [136.6277268080818, 35.04631224232816], [136.62755754806645, 35.04631326667955], [136.6275722795762, 35.04635755809574], [136.62767597487732, 35.046637800884056], [136.62772788430726, 35.04681662089023], [136.62773267744768, 35.04692124814295], [136.6277294780342, 35.047022606594204], [136.62771020004007, 35.04710440036779], [136.62759735268423, 35.047395774539524], [136.62746883770367, 35.047648918810836], [136.62743184390283, 35.047832216812616], [136.62750984050462, 35.04798963202211], [136.62780386274176, 35.04828487045675], [136.62793280601218, 35.048374693620055], [136.62802071517484, 35.04842980047878], [136.6281644166919, 35.048500955406645], [136.62830005458616, 35.04855905213247], [136.62861896094262, 35.04865541951072], [136.62873467756594, 35.04870714191915], [136.62886469375806, 35.04880780514514], [136.62893304021074, 35.048902240313545], [136.62896965380898, 35.04901311005959], [136.62899799676958, 35.04931086236001], [136.62899170399027, 35.04959851229708], [136.62899605689827, 35.05004956470862], [136.62899701096728, 35.05017266344604], [136.6289979655874, 35.05029583260462], [136.62904177688304, 35.05050075344232], [136.6291007705014, 35.05068665123425], [136.62884297985474, 35.050730461644626], [136.62878515648862, 35.05075632753887], [136.62881030506253, 35.05083542500478], [136.6287159438403, 35.05084317071031], [136.62865635899558, 35.0508517215948], [136.62854116107405, 35.05088964736079], [136.62846163321956, 35.05093302061809], [136.6282239800662, 35.05097855656112], [136.62750370403552, 35.051165410468855], [136.6272445726338, 35.05141289304763], [136.62708120696908, 35.05113605680727], [136.62701868611097, 35.05099743296055], [136.62661224475806, 35.05105630774209], [136.62647086844015, 35.051142255312854], [136.6265280700141, 35.05159021207313], [136.62648321617755, 35.05174833650812], [136.62642322459487, 35.05193168211754], [136.62642478546763, 35.05213372183568], [136.62644972638253, 35.05237986806621], [136.62649712396404, 35.052556387605264], [136.62638548898386, 35.05256253012206], [136.62612108735308, 35.05257728163083], [136.62597514707372, 35.052571700372624], [136.62602921860994, 35.052830582445544], [136.62561815438335, 35.052879473562726], [136.6251806712398, 35.05294561236462], [136.62503537917507, 35.052679878732796], [136.62454152938543, 35.05284426751556], [136.62458018972768, 35.05288202680035], [136.62468883740385, 35.053032876427984], [136.62435906972246, 35.05307880708126], [136.6228558911631, 35.05330121625246], [136.62301148439673, 35.05356556303607], [136.6232570530454, 35.0535516200608], [136.62330342099065, 35.053589339778924], [136.6234591111847, 35.053866291245335], [136.62372747906997, 35.05382075062331], [136.6239342927965, 35.053756582870726], [136.62410026704603, 35.05387241968359], [136.6242013962963, 35.05404239616469], [136.62431023664237, 35.05421860005165], [136.62441951772266, 35.054451704225], [136.62453587879588, 35.054608854560016], [136.62473556084967, 35.0547416305704], [136.62492640853026, 35.054883887823046], [136.62515262095238, 35.05508645805927], [136.62537498992265, 35.05529538560423], [136.62541784366775, 35.05532692506049], [136.6254821379586, 35.05534581856785], [136.62577374339753, 35.055325365964876], [136.62614178702415, 35.05526029011482], [136.62636849546672, 35.05528756848924], [136.626423161861, 35.05540721906292], [136.62647036029114, 35.05555219032052], [136.6265953630628, 35.05582936991592], [136.6267658151772, 35.056030465262005], [136.62698161540283, 35.05613667539767], [136.6272587202655, 35.05622362200332], [136.62739803478286, 35.05636811619577], [136.62757644368662, 35.0566007916051], [136.62767341036286, 35.05672973004249], [136.62794227475842, 35.056747279071345], [136.62802464605963, 35.056744246457576], [136.62812521310008, 35.056729427668444], [136.6282877757469, 35.05671266771517], [136.6284425816823, 35.056700666303406], [136.6285819514345, 35.05669198442646], [136.62872331186594, 35.05669125009618], [136.62882213664759, 35.05670031446592], [136.62890183433694, 35.05671701366408], [136.62907892760782, 35.056779194299075], [136.62923298261285, 35.056841635903055], [136.6294027094222, 35.05694801059094], [136.62956438005511, 35.05700400355206], [136.62977213036933, 35.05705975602809], [136.62997943968332, 35.0570586771696], [136.6301867483165, 35.057057597959464], [136.6305398645443, 35.05704942003861], [136.63076991878077, 35.05701040281469], [136.63099972424345, 35.056939694907996], [136.63116827047293, 35.0568883209029], [136.6318120110361, 35.056733405932846]]]}}, {"type": "Feature", "properties": {"rowId": 207, "city_name": "桑名市", "town_name": "赤尾台一丁目", "households": 130, "population": 352, "e_stat_code": "24205141001"}, "geometry": {"type": "Polygon", "coordinates": [[[136.62561815438335, 35.052879473562726], [136.6255394257032, 35.051822599213914], [136.62551224726775, 35.051286177129285], [136.62549089611818, 35.05100536435592], [136.6254211515755, 35.04943054378506], [136.62539748042224, 35.04934855183257], [136.62509808376606, 35.04935010575972], [136.6250984731511, 35.049400597958986], [136.62513626732616, 35.049820271549954], [136.623658746766, 35.0498752516014], [136.62371171681588, 35.05027597098231], [136.62369959507566, 35.05069266179501], [136.6237103694667, 35.05109662774539], [136.6232576100418, 35.051124178792776], [136.62280461299784, 35.05112651817794], [136.62245540417598, 35.051144095273536], [136.62281091882426, 35.05144536359962], [136.62308941872575, 35.05172174782441], [136.62452206857367, 35.05231400433624], [136.62445368465728, 35.05240914875375], [136.62436250277568, 35.05252955230836], [136.6243943238641, 35.05267453232162], [136.62454152938543, 35.05284426751556], [136.62503537917507, 35.052679878732796], [136.6251806712398, 35.05294561236462], [136.62561815438335, 35.052879473562726]]]}}, {"type": "Feature", "properties": {"rowId": 213, "city_name": "桑名市", "town_name": "赤尾台七丁目", "households": 95, "population": 321, "e_stat_code": "24205141007"}, "geometry": {"type": "Polygon", "coordinates": [[[136.62703669086486, 35.04934953820111], [136.62856804529972, 35.04931310652428], [136.62899799676958, 35.04931086236001], [136.62896965380898, 35.04901311005959], [136.62893304021074, 35.048902240313545], [136.62886469375806, 35.04880780514514], [136.62873467756594, 35.04870714191915], [136.62861896094262, 35.04865541951072], [136.62830005458616, 35.04855905213247], [136.6281644166919, 35.048500955406645], [136.62802071517484, 35.04842980047878], [136.62793280601218, 35.048374693620055], [136.62780386274176, 35.04828487045675], [136.62750984050462, 35.04798963202211], [136.62743184390283, 35.047832216812616], [136.62746883770367, 35.047648918810836], [136.62715034486638, 35.04766649509048], [136.62556164755662, 35.04773786706679], [136.6252930059269, 35.04774553139726], [136.6253454594641, 35.048572322727374], [136.62539748042224, 35.04934855183257], [136.6254211515755, 35.04943054378506], [136.62703669086486, 35.04934953820111]]]}}, {"type": "Feature", "properties": {"rowId": 209, "city_name": "桑名市", "town_name": "赤尾台三丁目", "households": 129, "population": 309, "e_stat_code": "24205141003"}, "geometry": {"type": "Polygon", "coordinates": [[[136.6250984731511, 35.049400597958986], [136.62509808376606, 35.04935010575972], [136.62539748042224, 35.04934855183257], [136.6253454594641, 35.048572322727374], [136.6252930059269, 35.04774553139726], [136.62487838520943, 35.04774141790282], [136.6243948401532, 35.04775653440725], [136.623972656615, 35.047771331239574], [136.62352851042192, 35.047781239184005], [136.62352941664807, 35.04780440393017], [136.62354625118218, 35.04822812790813], [136.62358777546876, 35.048638271983286], [136.62359873846142, 35.04906111095387], [136.62364031269524, 35.04947766350856], [136.623658746766, 35.0498752516014], [136.62513626732616, 35.049820271549954], [136.6250984731511, 35.049400597958986]]]}}, {"type": "Feature", "properties": {"rowId": 215, "city_name": "桑名市", "town_name": "赤尾台九丁目", "households": 110, "population": 260, "e_stat_code": "24205141009"}, "geometry": {"type": "Polygon", "coordinates": [[[136.62602921860994, 35.052830582445544], [136.62597514707372, 35.052571700372624], [136.62612108735308, 35.05257728163083], [136.62638548898386, 35.05256253012206], [136.62649712396404, 35.052556387605264], [136.62644972638253, 35.05237986806621], [136.62642478546763, 35.05213372183568], [136.62642322459487, 35.05193168211754], [136.62648321617755, 35.05174833650812], [136.6265280700141, 35.05159021207313], [136.62647086844015, 35.051142255312854], [136.62661224475806, 35.05105630774209], [136.62701868611097, 35.05099743296055], [136.62708120696908, 35.05113605680727], [136.6272445726338, 35.05141289304763], [136.62750370403552, 35.051165410468855], [136.6282239800662, 35.05097855656112], [136.62846163321956, 35.05093302061809], [136.62854116107405, 35.05088964736079], [136.62865635899558, 35.0508517215948], [136.6287159438403, 35.05084317071031], [136.62881030506253, 35.05083542500478], [136.62878515648862, 35.05075632753887], [136.62884297985474, 35.050730461644626], [136.6291007705014, 35.05068665123425], [136.62904177688304, 35.05050075344232], [136.62815969840557, 35.050612609815545], [136.6281494437794, 35.05027814349915], [136.62709067782865, 35.05037830627033], [136.62575559905332, 35.05048630121649], [136.62576725218221, 35.050997593456465], [136.62549089611818, 35.05100536435592], [136.62551224726775, 35.051286177129285], [136.6255394257032, 35.051822599213914], [136.62561815438335, 35.052879473562726], [136.62602921860994, 35.052830582445544]]]}}, {"type": "Feature", "properties": {"rowId": 208, "city_name": "桑名市", "town_name": "赤尾台二丁目", "households": 99, "population": 287, "e_stat_code": "24205141002"}, "geometry": {"type": "Polygon", "coordinates": [[[136.62245540417598, 35.051144095273536], [136.62280461299784, 35.05112651817794], [136.6232576100418, 35.051124178792776], [136.6237103694667, 35.05109662774539], [136.62369959507566, 35.05069266179501], [136.62371171681588, 35.05027597098231], [136.623658746766, 35.0498752516014], [136.62364031269524, 35.04947766350856], [136.62359873846142, 35.04906111095387], [136.62358777546876, 35.048638271983286], [136.62252858070468, 35.048675303207325], [136.62247440487317, 35.04861875154556], [136.62231023377154, 35.04873643333583], [136.6227157004146, 35.04954871467189], [136.62263960526357, 35.04963748949235], [136.6226096310086, 35.049732293613324], [136.62251568443733, 35.049994824847936], [136.62234821010387, 35.05017879069204], [136.62241048761416, 35.05029213319188], [136.62232701543377, 35.05041876291802], [136.62223651636916, 35.0506338805627], [136.62237750627793, 35.05099308728254], [136.62245540417598, 35.051144095273536]]]}}, {"type": "Feature", "properties": {"rowId": 211, "city_name": "桑名市", "town_name": "赤尾台五丁目", "households": 143, "population": 373, "e_stat_code": "24205141005"}, "geometry": {"type": "Polygon", "coordinates": [[[136.6243948401532, 35.04775653440725], [136.62487838520943, 35.04774141790282], [136.6252930059269, 35.04774553139726], [136.625256559249, 35.04700077187614], [136.62522311597252, 35.04658966751033], [136.62487680188343, 35.04663618789384], [136.62481052142036, 35.04664251851434], [136.62435957403605, 35.04668605989424], [136.62432302917713, 35.046683573598266], [136.6234701928166, 35.0466242666568], [136.6216263924718, 35.04650215250137], [136.62151794698875, 35.04649770278033], [136.6215153744211, 35.04669814062387], [136.62125451684471, 35.046718408126516], [136.6211166964134, 35.046769601462024], [136.62101165010324, 35.04708577228708], [136.62211749249104, 35.04713064886052], [136.6231466505728, 35.047182222124434], [136.62350777622154, 35.04721816777993], [136.6235176745145, 35.04750847339934], [136.62352851042192, 35.047781239184005], [136.623972656615, 35.047771331239574], [136.6243948401532, 35.04775653440725]]]}}, {"type": "Feature", "properties": {"rowId": 214, "city_name": "桑名市", "town_name": "赤尾台八丁目", "households": 142, "population": 387, "e_stat_code": "24205141008"}, "geometry": {"type": "Polygon", "coordinates": [[[136.62709067782865, 35.05037830627033], [136.6281494437794, 35.05027814349915], [136.62815969840557, 35.050612609815545], [136.62904177688304, 35.05050075344232], [136.6289979655874, 35.05029583260462], [136.62899701096728, 35.05017266344604], [136.62899605689827, 35.05004956470862], [136.62899170399027, 35.04959851229708], [136.62899799676958, 35.04931086236001], [136.62856804529972, 35.04931310652428], [136.62703669086486, 35.04934953820111], [136.6254211515755, 35.04943054378506], [136.62549089611818, 35.05100536435592], [136.62576725218221, 35.050997593456465], [136.62575559905332, 35.05048630121649], [136.62709067782865, 35.05037830627033]]]}}, {"type": "Feature", "properties": {"rowId": 212, "city_name": "桑名市", "town_name": "赤尾台六丁目", "households": 102, "population": 316, "e_stat_code": "24205141006"}, "geometry": {"type": "Polygon", "coordinates": [[[136.62767597487732, 35.046637800884056], [136.6275722795762, 35.04635755809574], [136.62726634440193, 35.046387325377474], [136.62585720913685, 35.04652460504737], [136.62549217153244, 35.046569535269995], [136.62548014784036, 35.0465709353569], [136.62524304797253, 35.046586958123584], [136.62522311597252, 35.04658966751033], [136.625256559249, 35.04700077187614], [136.6252930059269, 35.04774553139726], [136.62556164755662, 35.04773786706679], [136.62715034486638, 35.04766649509048], [136.62746883770367, 35.047648918810836], [136.62759735268423, 35.047395774539524], [136.62771020004007, 35.04710440036779], [136.6277294780342, 35.047022606594204], [136.62773267744768, 35.04692124814295], [136.62772788430726, 35.04681662089023], [136.62767597487732, 35.046637800884056]]]}}, {"type": "Feature", "properties": {"rowId": 210, "city_name": "桑名市", "town_name": "赤尾台四丁目", "households": 137, "population": 325, "e_stat_code": "24205141004"}, "geometry": {"type": "Polygon", "coordinates": [[[136.62231023377154, 35.04873643333583], [136.62247440487317, 35.04861875154556], [136.62252858070468, 35.048675303207325], [136.62358777546876, 35.048638271983286], [136.62354625118218, 35.04822812790813], [136.62352941664807, 35.04780440393017], [136.62352851042192, 35.047781239184005], [136.6235176745145, 35.04750847339934], [136.62350777622154, 35.04721816777993], [136.6231466505728, 35.047182222124434], [136.62211749249104, 35.04713064886052], [136.62101165010324, 35.04708577228708], [136.6211166964134, 35.046769601462024], [136.62125451684471, 35.046718408126516], [136.6215153744211, 35.04669814062387], [136.62151794698875, 35.04649770278033], [136.62110728575172, 35.046480278072295], [136.6208994636537, 35.04653182606214], [136.62057435978562, 35.04664432007878], [136.6204795478661, 35.04674304209962], [136.62026853521215, 35.04682552034072], [136.62003014333132, 35.04689419357889], [136.61987376211192, 35.04697639578221], [136.61992281968145, 35.047249180042556], [136.62003057473655, 35.047286451972035], [136.62013284302245, 35.04760791207018], [136.6202183863425, 35.04775276288554], [136.6203338090733, 35.047789995508836], [136.62130188525103, 35.04789248058198], [136.6214322422918, 35.04787287537968], [136.62160149068308, 35.04791617088046], [136.6216790842276, 35.048023032256914], [136.62174887355408, 35.04811739726268], [136.62186419428144, 35.048135754642956], [136.6219567261234, 35.04819211607921], [136.62203427294128, 35.04829278003887], [136.62211206165946, 35.0484249183841], [136.62231023377154, 35.04873643333583]]]}}, {"type": "Feature", "properties": {"rowId": 19, "city_name": "桑名市", "town_name": "油町", "households": 18, "population": 42, "e_stat_code": "242050190"}, "geometry": {"type": "Polygon", "coordinates": [[[136.6945913020418, 35.06522103736109], [136.69430640858783, 35.06412445598975], [136.6942177602953, 35.06378157002475], [136.69401566090679, 35.06382674087391], [136.69412749862815, 35.064248019098926], [136.69394776395237, 35.06427911726883], [136.69396840299729, 35.06438991902341], [136.69417627085036, 35.06436330807873], [136.69442314280067, 35.06523368961256], [136.6945913020418, 35.06522103736109]]]}}, {"type": "Feature", "properties": {"rowId": 29, "city_name": "桑名市", "town_name": "伊賀町", "households": 114, "population": 277, "e_stat_code": "242050290"}, "geometry": {"type": "Polygon", "coordinates": [[[136.70037662348045, 35.060236566999706], [136.7006380164658, 35.06022576362158], [136.70126122562777, 35.06026956203673], [136.7012315317744, 35.06008240259036], [136.70123107654138, 35.06002923422599], [136.7012702520117, 35.06000830301274], [136.7012468593808, 35.059902025681346], [136.70137592343715, 35.05987120880069], [136.701225004013, 35.05965010023542], [136.701117014448, 35.05951663423261], [136.70091895716433, 35.059356785588186], [136.70064547025487, 35.05923504928197], [136.70060802880616, 35.05921829282456], [136.7001403524844, 35.05891302124408], [136.70003572711013, 35.05897735917037], [136.6998684340995, 35.059009380342026], [136.69923165875173, 35.05907600904643], [136.69888518208964, 35.05911222955632], [136.6980577202601, 35.059189808862314], [136.69791172350136, 35.059213747433695], [136.69723238867095, 35.05934709052316], [136.6971117412403, 35.05937553120835], [136.69720507867925, 35.05960500351581], [136.69745197431874, 35.060200158114306], [136.69747406679983, 35.06031524627743], [136.6975135667503, 35.06049805444888], [136.69849405059733, 35.060399880208394], [136.69956165886637, 35.0602943655136], [136.70037662348045, 35.060236566999706]]]}}, {"type": "Feature", "properties": {"rowId": 217, "city_name": "桑名市", "town_name": "和泉", "households": 970, "population": 2163, "e_stat_code": "242051430"}, "geometry": {"type": "Polygon", "coordinates": [[[136.67844291651855, 35.04683404600024], [136.6788769291632, 35.046582807650324], [136.67895501743936, 35.04666920611868], [136.68005656437603, 35.0459197743158], [136.6809135399005, 35.045368332415855], [136.68100451190764, 35.04531000267796], [136.68121420367873, 35.04515269385601], [136.681438802941, 35.04509932021045], [136.6816207020156, 35.04498266071628], [136.68204541448776, 35.04493309313241], [136.6825463595583, 35.044865206562285], [136.68282331465556, 35.044841960049936], [136.68331048119768, 35.04470351109287], [136.68383756771695, 35.04460286498125], [136.68410797545454, 35.04458507465106], [136.68447893277744, 35.044574676076344], [136.68461484749957, 35.04464813862874], [136.68504672612275, 35.04468274805986], [136.68531758080852, 35.044718334835046], [136.68549835649455, 35.04476492330917], [136.68582120471936, 35.044858457687106], [136.6862934386733, 35.04502298115042], [136.68631860197416, 35.04477656001381], [136.68660931584714, 35.0448109753113], [136.68668495811087, 35.04515126658263], [136.6882098778475, 35.045748015075354], [136.68957566183923, 35.04538814296044], [136.6904608740673, 35.04513669593922], [136.69129327489244, 35.04493399629192], [136.69184621887624, 35.04478358907456], [136.692437003595, 35.04462218731774], [136.69301281779647, 35.044437416904834], [136.69331594814273, 35.044355543425425], [136.6935805289471, 35.04428191726658], [136.69287255388892, 35.043092381618436], [136.6923234006728, 35.04206969104883], [136.69183666765758, 35.04105516427442], [136.69146697036786, 35.04035632121977], [136.6912765881888, 35.040307049566856], [136.69101327415083, 35.04028087006686], [136.6905654600858, 35.04028341608709], [136.6903190469633, 35.040271013446095], [136.69009471205632, 35.040221651671324], [136.68942736245148, 35.04007817929646], [136.6890686458201, 35.04002492993473], [136.68868204875517, 35.039985711969145], [136.68859813514584, 35.03999083511715], [136.68820912207963, 35.03999529278433], [136.6873693377346, 35.03998624360874], [136.68670887464648, 35.03999455586153], [136.6862681000565, 35.040019441077376], [136.68625564644526, 35.04002014579907], [136.68602360060564, 35.040051387159494], [136.68569361767234, 35.04008550431919], [136.68526869657737, 35.04014776354686], [136.68491083151952, 35.040195699551965], [136.684608845274, 35.04023430406155], [136.68427961447105, 35.04025608905437], [136.6840889222392, 35.04033315135903], [136.68349043005767, 35.040569910060846], [136.68317497339567, 35.04072359156594], [136.68303645079254, 35.04057253239535], [136.6825386119817, 35.04100450431022], [136.68240565151794, 35.04104806980567], [136.68208638992715, 35.04074062165881], [136.68224389227, 35.04063656377225], [136.6807878322272, 35.039315085743695], [136.67974953466603, 35.0402245312927], [136.67904264434156, 35.04091774189729], [136.67878523052204, 35.041329058344644], [136.67852386557286, 35.041687647837065], [136.67819498623427, 35.04224852485301], [136.6776960273918, 35.043170015431734], [136.67723708882323, 35.04399289564715], [136.6767102344645, 35.04483657565983], [136.67751867642403, 35.0456360507014], [136.6783150601532, 35.046678555793626], [136.67844291651855, 35.04683404600024]]]}}, {"type": "Feature", "properties": {"rowId": 37, "city_name": "桑名市", "town_name": "一色町", "households": 176, "population": 386, "e_stat_code": "242050370"}, "geometry": {"type": "Polygon", "coordinates": [[[136.69024598119609, 35.06089311193651], [136.6904057235907, 35.06079727026636], [136.69050186086855, 35.06084764166581], [136.69063658387682, 35.060791380034026], [136.69056269324827, 35.06071299442895], [136.69080829943204, 35.06060222736096], [136.6910112753568, 35.060478955397514], [136.69117294066083, 35.06037782043027], [136.69123033484433, 35.0604651731315], [136.69144838514873, 35.060341956036595], [136.69130209741226, 35.06013904821205], [136.69115347880688, 35.05993911242775], [136.6909963538184, 35.05971549046507], [136.69084524550536, 35.05949937011179], [136.69062664327922, 35.05920658822946], [136.69054130229947, 35.05911101408235], [136.6903115662393, 35.058812942054566], [136.69021577844538, 35.05867165012244], [136.69001282081712, 35.05839525823244], [136.68993286944294, 35.0582225363265], [136.68979442426456, 35.05795852396191], [136.68924657052182, 35.05811438719198], [136.68922555959955, 35.058070419702666], [136.68889597959935, 35.05816053240628], [136.68869296377267, 35.05823788387169], [136.68870351974368, 35.05834233556258], [136.6887000876676, 35.058443344212876], [136.6886917339971, 35.0585601565647], [136.68868313093154, 35.05866267401285], [136.68867898175858, 35.05869354432761], [136.68865279549823, 35.05890496840298], [136.68864264990168, 35.059017494416324], [136.6886546811666, 35.05911404956126], [136.68868217924975, 35.05920615118783], [136.68871335045912, 35.05927696301968], [136.68876346708973, 35.05934456814247], [136.6888632085098, 35.05948252879639], [136.68896296180046, 35.05949963967576], [136.68923382566382, 35.059790086182666], [136.6894018005498, 35.05996012459538], [136.68986760944816, 35.060489612775456], [136.69024598119609, 35.06089311193651]]]}}, {"type": "Feature", "properties": {"rowId": 46, "city_name": "桑名市", "town_name": "今片町", "households": 16, "population": 51, "e_stat_code": "242050460"}, "geometry": {"type": "Polygon", "coordinates": [[[136.69212950652778, 35.06756919456527], [136.69213186081058, 35.06734607419551], [136.69221943757546, 35.0672287396645], [136.6919134986591, 35.06729752792701], [136.69185846931524, 35.06711065187397], [136.69146266840224, 35.067193753705226], [136.69128335905972, 35.06727111597927], [136.69097897799753, 35.06735721706593], [136.69068852750902, 35.06742936550173], [136.69070547162255, 35.0675341322262], [136.6907421341684, 35.06778287670592], [136.69189156582163, 35.06753005596953], [136.69198211041643, 35.067596655806966], [136.69212950652778, 35.06756919456527]]]}}, {"type": "Feature", "properties": {"rowId": 49, "city_name": "桑名市", "town_name": "今北町", "households": 86, "population": 145, "e_stat_code": "242050490"}, "geometry": {"type": "Polygon", "coordinates": [[[136.69223498134858, 35.06840320259043], [136.6921720727036, 35.0679481210754], [136.69107893276302, 35.06816273486193], [136.69083844354577, 35.06822304960805], [136.69080237298547, 35.06823198697117], [136.69022403028893, 35.068370774068015], [136.69017257061586, 35.06827162564284], [136.69000151678176, 35.06832802283386], [136.69015807289085, 35.068655103228544], [136.69024081164451, 35.06877111621037], [136.69091192529112, 35.06883518912823], [136.6909689136678, 35.069163046691685], [136.6912608322666, 35.0690965942001], [136.6916258185857, 35.069025217675225], [136.69211441128473, 35.06893919146064], [136.69225744437975, 35.06889675436285], [136.6922473606058, 35.06853496792754], [136.69223498134858, 35.06840320259043]]]}}, {"type": "Feature", "properties": {"rowId": 195, "city_name": "桑名市", "town_name": "今島", "households": 89, "population": 276, "e_stat_code": "242051300"}, "geometry": {"type": "Polygon", "coordinates": [[[136.65956538269134, 35.11555545891663], [136.6607047137301, 35.11553249182964], [136.6611990693229, 35.11555359900753], [136.6612912709522, 35.115551335275214], [136.66142181244913, 35.11552597366013], [136.661486148167, 35.115527383105096], [136.66156350829027, 35.11554456695233], [136.66166459391184, 35.11558626982257], [136.66170750322817, 35.115587796138065], [136.66192916757353, 35.11555926078236], [136.66206206457434, 35.115555014100366], [136.66216929191458, 35.115561470133045], [136.6622874330851, 35.115587233737855], [136.6625087330842, 35.11564588496385], [136.66284197399574, 35.11575850256186], [136.66295469465314, 35.11578161956259], [136.66311138729486, 35.11580012841631], [136.66314799734025, 35.11582281660723], [136.66318035014362, 35.1158437663708], [136.66322974438648, 35.11585758094864], [136.66331341803368, 35.11586592657637], [136.66355357314967, 35.115866372365666], [136.66379567024276, 35.11584744029147], [136.664310827265, 35.115785671351404], [136.66475437066177, 35.11575506918762], [136.66589342980438, 35.11569339174392], [136.66582644840184, 35.11484000323527], [136.66580940731072, 35.11446248074056], [136.66583136150706, 35.11412699923489], [136.66588654334475, 35.11392514060537], [136.66591452743532, 35.11384111127672], [136.665982793478, 35.11363594229362], [136.66607462898858, 35.11333092156662], [136.66620757747347, 35.11293849038723], [136.6662877067616, 35.11263790018566], [136.66640194667627, 35.112190147035726], [136.66641407353123, 35.11204282273724], [136.66653944458653, 35.11090963899969], [136.66659498693852, 35.11048953493325], [136.66664563415807, 35.11025777122199], [136.66670860387555, 35.110091927842156], [136.66687565196332, 35.109678252815016], [136.667151860158, 35.10900453272873], [136.66721198214003, 35.108857790314474], [136.66737937029365, 35.10848108498727], [136.6675467245667, 35.10810606981841], [136.66776488005357, 35.1076498566008], [136.66800195529086, 35.10714417246119], [136.66838766859436, 35.10633935025565], [136.66848684811214, 35.1060697827152], [136.66537503097345, 35.105645125072336], [136.66532095413464, 35.10574521312155], [136.66517939206125, 35.10570415762664], [136.6648946141648, 35.10565578902987], [136.66440415656146, 35.105632701834885], [136.6633902927965, 35.105639872160566], [136.6632531169704, 35.1056535101723], [136.66313964503524, 35.10568955367817], [136.66289944113439, 35.10581164544295], [136.66280196447755, 35.10588619379609], [136.66193415234144, 35.106977794510655], [136.66109766007008, 35.10831056385102], [136.66060806058465, 35.10917593147278], [136.65946160255956, 35.109707750858966], [136.6591037604302, 35.109713430420385], [136.65881528388772, 35.10971253343768], [136.65876188231002, 35.10964211804966], [136.65873500980308, 35.10958831838306], [136.65869602278383, 35.10943479356674], [136.6586561891544, 35.10927197784241], [136.65861555388437, 35.10909979943842], [136.65860249725208, 35.108952541740464], [136.6585974002769, 35.10884615798455], [136.65857986650983, 35.108701390009145], [136.65857637873603, 35.108640632594806], [136.6584988512522, 35.108575348255975], [136.65837539175973, 35.1084358735141], [136.65841824479344, 35.108319088151624], [136.6584856101475, 35.10814942219926], [136.65892458446385, 35.107715545802826], [136.65912882041167, 35.1077652814481], [136.65944952804628, 35.10717760538768], [136.65984632398428, 35.106477329116906], [136.66003705914454, 35.106298680484976], [136.65996011141326, 35.106241210349], [136.6589557518618, 35.1072330388301], [136.65738235049014, 35.10874063790729], [136.65639217368044, 35.10965448189862], [136.65549730875804, 35.11054526619683], [136.65523416351488, 35.11086134701975], [136.6549599532909, 35.11121396601198], [136.65477554793807, 35.111458139376694], [136.65461283130728, 35.11170332160794], [136.6544916294663, 35.111877925900615], [136.65429012434092, 35.112218673623815], [136.6540794628141, 35.11267362933779], [136.65415258904002, 35.112703165704495], [136.65424061631535, 35.11272029664961], [136.6547665905236, 35.112812458059786], [136.6548634994139, 35.11286299237558], [136.65490477171173, 35.11293319420306], [136.65491389154877, 35.11300180919183], [136.65488195618624, 35.11324142649536], [136.65485142751587, 35.113538926007514], [136.65481949194057, 35.11366072243133], [136.65478333435794, 35.113769019536306], [136.65473145260344, 35.11396867283982], [136.65470733876327, 35.114039791463284], [136.6547515443798, 35.114171317543416], [136.6547437223448, 35.11422199532264], [136.65469920232832, 35.11431350660495], [136.6546875371379, 35.11439800910375], [136.6547215826868, 35.11453973182395], [136.65478861923623, 35.114691416836315], [136.65482623806662, 35.11476558217147], [136.6548984378316, 35.114973508121324], [136.65491396841912, 35.115018284806396], [136.65493932018077, 35.1151017420725], [136.6549682859855, 35.11550821870304], [136.65501231560472, 35.11605102684448], [136.6550130375467, 35.116055389832226], [136.65503255779316, 35.11617064019654], [136.65505257441058, 35.11626208371412], [136.65507013891357, 35.11631480791359], [136.65512634062316, 35.11637084381476], [136.65521472384222, 35.11643191648096], [136.65543030981453, 35.11658040334202], [136.65573593323543, 35.11672311982979], [136.65587997007793, 35.116771637662666], [136.65597874124205, 35.11679223033901], [136.65609451509303, 35.11678984311609], [136.65623160057496, 35.116773254676886], [136.65665087478152, 35.116654779775075], [136.65732902468443, 35.11646623603033], [136.65777295879818, 35.11635030168544], [136.65791821663407, 35.11628436927103], [136.65822340701953, 35.11608559222652], [136.65838957986446, 35.1159772918306], [136.65887382292837, 35.115673662834155], [136.65901489491583, 35.11562007739058], [136.6591432787712, 35.11558768714922], [136.65931888705734, 35.11556560398721], [136.65956538269134, 35.11555545891663]]]}}, {"type": "Feature", "properties": {"rowId": 48, "city_name": "桑名市", "town_name": "今中町", "households": 43, "population": 109, "e_stat_code": "242050480"}, "geometry": {"type": "Polygon", "coordinates": [[[136.69000151678176, 35.06832802283386], [136.69017257061586, 35.06827162564284], [136.69022403028893, 35.068370774068015], [136.69080237298547, 35.06823198697117], [136.69083844354577, 35.06822304960805], [136.69107893276302, 35.06816273486193], [136.6921720727036, 35.0679481210754], [136.69212950652778, 35.06756919456527], [136.69198211041643, 35.06759665580698], [136.69189156582166, 35.06753005596953], [136.69074213416843, 35.06778287670592], [136.69070547162255, 35.0675341322262], [136.69047285327204, 35.06757242772009], [136.69045605590648, 35.0674853373987], [136.69025223849806, 35.06754635745103], [136.69014008379457, 35.06758854573256], [136.69000587937367, 35.06767719896674], [136.69011470140515, 35.067910109954745], [136.6898371631345, 35.06801570536894], [136.68991763742352, 35.06816814071999], [136.68972787813595, 35.068225558770486], [136.68954291027828, 35.06830302104499], [136.6893525474108, 35.06842128929134], [136.68945591185752, 35.06870796678587], [136.68948897144725, 35.06876869686338], [136.69015807289085, 35.068655103228544], [136.69000151678176, 35.06832802283386]]]}}, {"type": "Feature", "properties": {"rowId": 25, "city_name": "桑名市", "town_name": "入江葭町", "households": 32, "population": 75, "e_stat_code": "242050250"}, "geometry": {"type": "Polygon", "coordinates": [[[136.6922107020915, 35.061871684811805], [136.692450280899, 35.06177207586006], [136.6925184316089, 35.06185486002795], [136.69276514365936, 35.06176330868356], [136.6927854263516, 35.06179678527277], [136.6931010775272, 35.06175484189088], [136.69304610295882, 35.06124034745629], [136.69300684051797, 35.06108450932051], [136.6927848426958, 35.060771397896666], [136.6926069384185, 35.0605169105995], [136.69232469482372, 35.06061964987595], [136.692173218971, 35.06070023512671], [136.6917971980355, 35.060844847728035], [136.69164029719715, 35.060927011464756], [136.69157493257416, 35.06084414113646], [136.69144619465283, 35.06091424294475], [136.69156592038544, 35.06110546984646], [136.69169207841048, 35.06125194000786], [136.6917973955655, 35.06121281812895], [136.69189848495643, 35.06135217652402], [136.6919821746961, 35.06151057889146], [136.69196164120018, 35.0615182319268], [136.69199589265406, 35.061578179323966], [136.69212382331932, 35.06174161211466], [136.6922107020915, 35.061871684811805]]]}}, {"type": "Feature", "properties": {"rowId": 75, "city_name": "桑名市", "town_name": "上野", "households": 360, "population": 831, "e_stat_code": "242050680"}, "geometry": {"type": "Polygon", "coordinates": [[[136.67531380777018, 35.06256944907265], [136.6754238399828, 35.062415239596525], [136.67445850832712, 35.062472367400765], [136.67446474066227, 35.06220999915181], [136.67474559312365, 35.06215315513025], [136.6746542324621, 35.06176695691146], [136.67463236828058, 35.06166010235869], [136.67462114866345, 35.0615720626459], [136.67475457519822, 35.06146082468591], [136.67486314870547, 35.06138430239656], [136.67491310828245, 35.06133564260275], [136.67464745275365, 35.061199014802995], [136.674692149823, 35.061015731245085], [136.67496554490626, 35.0610729466798], [136.67506733239915, 35.06119668146892], [136.6751171644447, 35.06112731727706], [136.6751163389567, 35.061027248133314], [136.6749709248401, 35.06045317451749], [136.67466169009103, 35.060380665170314], [136.67488064637428, 35.06019817339802], [136.67477506211088, 35.060122771245304], [136.67446622017758, 35.06035238359726], [136.67387184561295, 35.060329837115404], [136.67392287960956, 35.05995376466338], [136.67353780245304, 35.05997970415096], [136.673502851781, 35.05983334352978], [136.67347810318446, 35.059750378396366], [136.67333813298944, 35.05971157552493], [136.67296196704532, 35.05965429260401], [136.67287807142273, 35.059409184484196], [136.67279632468623, 35.05942541264857], [136.6725893087874, 35.05914337866624], [136.67244840432807, 35.05919909122281], [136.67237228781437, 35.05921761196056], [136.67233029451958, 35.05921967495311], [136.67205991752388, 35.05918990320921], [136.67209841813013, 35.0588981992574], [136.67210071545628, 35.0588807914937], [136.67209580026142, 35.05887152310505], [136.67192459839183, 35.058549077558794], [136.67208805665345, 35.05851253774866], [136.67175307109696, 35.05789457757328], [136.67233837734906, 35.057618088301346], [136.6722985703387, 35.05746393636837], [136.67080527842498, 35.055885229370325], [136.67049169910646, 35.056105561302076], [136.66961047755814, 35.056254864964856], [136.66944862076585, 35.05628237805048], [136.66945388646892, 35.057496694984714], [136.66910331091893, 35.05748320338399], [136.66894017238488, 35.05753790771178], [136.66821384030106, 35.057872342177845], [136.66782798972196, 35.057834181961475], [136.66760815978583, 35.057816164558915], [136.66734603882614, 35.0577637997133], [136.66718907193473, 35.05800291160847], [136.66768894556287, 35.05855356736841], [136.66761934928255, 35.0586154314574], [136.6679588704112, 35.0586961732999], [136.66788619319243, 35.05895785201831], [136.66776530391263, 35.0590315475441], [136.6678641113228, 35.05911171221705], [136.66798547212392, 35.05909569133164], [136.66801837673054, 35.05911860985001], [136.6682516482933, 35.05906732474465], [136.66847629585817, 35.05910834343186], [136.66871827241138, 35.05898017483975], [136.66898548755591, 35.05904729669305], [136.66924278724628, 35.05911186740223], [136.66985405909, 35.058997013875725], [136.67031554368342, 35.059134683460016], [136.6704009366164, 35.05929182395696], [136.67036851554184, 35.059322708966484], [136.67028455925646, 35.05934627198696], [136.670294272305, 35.05939234697552], [136.6698191582346, 35.05958321594721], [136.66940006726483, 35.059770041180236], [136.66907833760044, 35.05986012800116], [136.6689244986769, 35.05991097825056], [136.66879371857237, 35.05999008218214], [136.66774993940027, 35.05993526086943], [136.66767391802446, 35.05998666751629], [136.66697596583282, 35.06045939584546], [136.66562803531212, 35.06143549613588], [136.66575604740459, 35.06165769063309], [136.6657990691394, 35.06177654391444], [136.66584713519026, 35.06194156907237], [136.6659268527233, 35.061975710085605], [136.66618367186877, 35.06194352569815], [136.66625182814684, 35.062277530524256], [136.66632970743586, 35.062375064691494], [136.66641958797626, 35.062505210819715], [136.6665463098472, 35.06257374317439], [136.66661212035925, 35.06261943941303], [136.66665512338594, 35.06273068653122], [136.66684684325782, 35.06274498679249], [136.66695840340935, 35.062671342322], [136.66699519429508, 35.062598109136566], [136.66705539837838, 35.0625286916558], [136.66721320993605, 35.062397185440815], [136.66731546472892, 35.06232739475299], [136.66745551407783, 35.062307399254514], [136.66758619353055, 35.0622835811804], [136.66775842616516, 35.06219812353091], [136.66793059657257, 35.062104918645694], [136.66804697955212, 35.06205047385145], [136.66831088787202, 35.062031836935326], [136.66857629628632, 35.06247990023763], [136.6686832830894, 35.062417830225996], [136.66875272749957, 35.062336810710505], [136.66882705616862, 35.062282525310785], [136.66891562221636, 35.0622513324407], [136.66915455378978, 35.06216853300955], [136.66938073983104, 35.06209819879336], [136.6693160537778, 35.061891435186325], [136.66992812521863, 35.061767279031834], [136.6701083574041, 35.06172818473824], [136.67027963216137, 35.061620263137996], [136.67037143481923, 35.06155073886533], [136.67061443480995, 35.061483760881096], [136.67077813348192, 35.06147602521789], [136.67092566794548, 35.06154422618184], [136.67103583021122, 35.06166101682195], [136.67110579708532, 35.061748661672034], [136.67118204549425, 35.06182415859873], [136.67127830102018, 35.06178566658842], [136.67144588706412, 35.06173987941065], [136.6715509597282, 35.061753030584406], [136.6716730047129, 35.06178348335957], [136.67182421400418, 35.061792999702256], [136.67192941381418, 35.06181657278714], [136.6720430221511, 35.06184707243547], [136.67214601299432, 35.06186199539522], [136.67224418122296, 35.062051389020944], [136.6722448045652, 35.06212730403308], [136.6723385638825, 35.062295946519825], [136.67245285301794, 35.06240926237514], [136.67259659133293, 35.062525864755884], [136.67289240660912, 35.062752122216516], [136.67309947912926, 35.06290978365534], [136.67352691024726, 35.06280381818175], [136.67412637522892, 35.06268316340089], [136.67444504288352, 35.06262611015189], [136.67495283238497, 35.062585330242705], [136.67531380777018, 35.06256944907265]]]}}, {"type": "Feature", "properties": {"rowId": 27, "city_name": "桑名市", "town_name": "内堀", "households": 166, "population": 435, "e_stat_code": "242050270"}, "geometry": {"type": "Polygon", "coordinates": [[[136.69397235314864, 35.0631992180362], [136.69545229813045, 35.06263580158836], [136.69564769156418, 35.06312723643344], [136.69571235880798, 35.06312221793497], [136.69591718089194, 35.06307019687262], [136.69553764851554, 35.06225276304648], [136.69610495405814, 35.06200555976998], [136.69650566360215, 35.061843748681994], [136.6966041241842, 35.06178416818673], [136.69676358991865, 35.06175212491604], [136.69717863562286, 35.061785518979704], [136.69780818024142, 35.06174718346271], [136.69869629883823, 35.061693553892525], [136.69867640504197, 35.061505211092694], [136.69865187134548, 35.061264920197], [136.69861263704837, 35.06095295171432], [136.69855149889418, 35.06070364619887], [136.69849405059733, 35.060399880208394], [136.6975135667503, 35.06049805444888], [136.69642087500446, 35.060636090891094], [136.69596710980338, 35.06067679264925], [136.69503612522197, 35.06081050925453], [136.69304610295882, 35.06124034745629], [136.6931010775272, 35.06175484189088], [136.6931339988492, 35.06199128278791], [136.6932117065104, 35.06220127040301], [136.6934676467928, 35.06287025737778], [136.6935298090961, 35.063069980455985], [136.69362798240738, 35.06304160127792], [136.69382960741424, 35.062945727633775], [136.69397235314864, 35.0631992180362]]]}}, {"type": "Feature", "properties": {"rowId": 73, "city_name": "桑名市", "town_name": "馬道", "households": 78, "population": 171, "e_stat_code": "242050660"}, "geometry": {"type": "Polygon", "coordinates": [[[136.68174289054335, 35.05893085450705], [136.68192462763616, 35.058868352400836], [136.68199137226452, 35.059025518809825], [136.68203464078454, 35.05917133771163], [136.68224926288005, 35.0591239332505], [136.68221119025705, 35.058995198566706], [136.68214788121804, 35.058736460373446], [136.68185922193285, 35.05881526745436], [136.681703247013, 35.05847436893805], [136.68137859359638, 35.058602040742926], [136.681335215828, 35.05852009787176], [136.68047810784682, 35.0588553385983], [136.68003934243063, 35.0589230810361], [136.68001258441157, 35.05892921646169], [136.67993671739816, 35.05894668470218], [136.67979204393416, 35.058970594083], [136.6799378930769, 35.059289366747095], [136.68000863853257, 35.05944397656421], [136.6801039923565, 35.05967408521482], [136.67995487228197, 35.05972485171235], [136.68017731714377, 35.060061717525706], [136.68052679485498, 35.05993679721531], [136.6809693054029, 35.059757549408445], [136.68135133667138, 35.0596132186653], [136.68173563281076, 35.0594631684726], [136.68161877556906, 35.059181279000974], [136.68183484583733, 35.059127599298336], [136.68174289054335, 35.05893085450705]]]}}, {"type": "Feature", "properties": {"rowId": 124, "city_name": "桑名市", "town_name": "梅園通", "households": 88, "population": 168, "e_stat_code": "242050970"}, "geometry": {"type": "Polygon", "coordinates": [[[136.67492339124684, 35.067185037697115], [136.67509463810717, 35.06702133310924], [136.67524705513105, 35.06704133155793], [136.6753099939785, 35.06728310295505], [136.67535613811026, 35.06733714473756], [136.67554444757906, 35.06739863492626], [136.67559037661405, 35.06740591436507], [136.67569383128338, 35.067248149662944], [136.67580765896705, 35.0672937856245], [136.6759906409315, 35.067342839503695], [136.67616996373516, 35.067410576165294], [136.67622850849688, 35.067441519516734], [136.67629016015422, 35.06734025684069], [136.67647805516526, 35.06735167555214], [136.67645861798263, 35.067456223885834], [136.67658035627775, 35.06744301054197], [136.67662989605134, 35.067296601629984], [136.67653352155057, 35.06730551918349], [136.67653248666696, 35.06718030889714], [136.67666433795412, 35.067162883489445], [136.67666155349937, 35.06713156032915], [136.67660894055152, 35.06690649275488], [136.67508448505322, 35.0667146871164], [136.6744339124648, 35.0666138613825], [136.67393060641322, 35.06652066654663], [136.67390321809552, 35.066278766442736], [136.67349195542778, 35.066264427653174], [136.67308078537303, 35.0662667073123], [136.67307645362393, 35.06635434032113], [136.6730777281875, 35.06639996881232], [136.67307899397701, 35.066444611398445], [136.6729655058454, 35.06644524036633], [136.6729172472409, 35.066581851052575], [136.6727115153291, 35.06652059413555], [136.67276179536074, 35.06636446508925], [136.6727965175987, 35.06626412748005], [136.67232434783918, 35.06625420737182], [136.67233647374675, 35.06587433689357], [136.6719153635863, 35.06590166839302], [136.67191320585422, 35.066098026473746], [136.671678288414, 35.066086649472], [136.6716866919117, 35.06587370744873], [136.67153895295877, 35.06580783268685], [136.67153799394373, 35.06569093152511], [136.67217655533426, 35.06556640745821], [136.67209739755262, 35.065199507465515], [136.67234110552525, 35.065202383383834], [136.67232941278496, 35.06501462451399], [136.671832196834, 35.06504653231469], [136.67124921166175, 35.06513736645731], [136.6713838251808, 35.065462268401646], [136.67144609988227, 35.065624606842874], [136.6714831105788, 35.065808141600556], [136.67145372214776, 35.06593767479802], [136.67142942863057, 35.066067109930174], [136.67142763166655, 35.06616106769997], [136.67143609201943, 35.06626327781112], [136.67146797957108, 35.0664383898612], [136.6716380908132, 35.06644371660531], [136.67213073285112, 35.066474301645805], [136.6721369526932, 35.06661624450248], [136.67214335051176, 35.06677480617622], [136.67238189071597, 35.06677348564424], [136.6723985077166, 35.066940301444866], [136.67286135419153, 35.06705041814864], [136.6729612394666, 35.066853730384416], [136.6732485776368, 35.066916858506445], [136.67357933349967, 35.0670151695692], [136.67393021864885, 35.06709259202513], [136.67420472506254, 35.067136914576174], [136.67421056980788, 35.06723287171429], [136.67426248629786, 35.067374490299514], [136.67426871863302, 35.067512207988145], [136.67425677917535, 35.067601925042176], [136.67457804093462, 35.067639226859654], [136.67476962593582, 35.06761999274677], [136.6749826078155, 35.06759380870574], [136.6749039515291, 35.06728951592628], [136.67492339124684, 35.067185037697115]]]}}, {"type": "Feature", "properties": {"rowId": 96, "city_name": "桑名市", "town_name": "駅元町", "households": 137, "population": 316, "e_stat_code": "242050820"}, "geometry": {"type": "Polygon", "coordinates": [[[136.6865816769865, 35.06860720427324], [136.68649190884162, 35.06823466951787], [136.68677208152997, 35.06819230865908], [136.68670417772495, 35.067965430547325], [136.68644055201165, 35.068014457984546], [136.68629631245707, 35.06803562609442], [136.68603675349885, 35.068074418569914], [136.6856164559588, 35.06813756912208], [136.68540784748762, 35.06816891177977], [136.6850519938874, 35.06822237685686], [136.68505247663145, 35.0682800529242], [136.68456234891912, 35.068377749404966], [136.68447992036994, 35.06813919091107], [136.6840320661142, 35.06816523705372], [136.68405061293538, 35.06829351772793], [136.68411161209968, 35.068827842226035], [136.68554229935117, 35.06869447997347], [136.6856167915203, 35.06868753574824], [136.68572369185102, 35.06867756946904], [136.6858848667876, 35.06866254451714], [136.68645171310772, 35.06860969906026], [136.6865816769865, 35.06860720427324]]]}}, {"type": "Feature", "properties": {"rowId": 4, "city_name": "桑名市", "town_name": "江戸町", "households": 12, "population": 26, "e_stat_code": "242050040"}, "geometry": {"type": "Polygon", "coordinates": [[[136.69673472365508, 35.06678212777078], [136.69663236120383, 35.06599198183227], [136.69656764540647, 35.0655388149532], [136.6960834314257, 35.065592931303584], [136.69605974787677, 35.065451934449], [136.69603037319757, 35.065306464093204], [136.6957961296366, 35.06532900383301], [136.69576026334735, 35.065331604327895], [136.6958924862599, 35.06628524868053], [136.69584473255608, 35.06629017037563], [136.69584848234433, 35.06639881492299], [136.69590192463295, 35.06640315620018], [136.69594304979063, 35.06661095646756], [136.69622964203495, 35.06657931262147], [136.69627663550725, 35.066817151213726], [136.69673472365508, 35.06678212777078]]]}}, {"type": "Feature", "properties": {"rowId": 61, "city_name": "桑名市", "town_name": "江場（西部）", "households": 324, "population": 670, "e_stat_code": "24205057004"}, "geometry": {"type": "MultiPolygon", "coordinates": [[[[136.68070530010073, 35.05245571660261], [136.68043480438823, 35.05252251663723], [136.67979612564773, 35.05270673479222], [136.67936061234823, 35.051754130753274], [136.67868941548096, 35.051961623351104], [136.6787275924385, 35.05205740061803], [136.6781632936892, 35.05219520611127], [136.6780013985741, 35.05211342970728], [136.6775210003078, 35.05222752402273], [136.6772956582483, 35.0521058171011], [136.67667111470044, 35.05230148989945], [136.67658103720765, 35.05214818215429], [136.67618777475195, 35.05226713766253], [136.67599838436098, 35.052324461883984], [136.67611823923139, 35.0526926131724], [136.67604132953622, 35.05271804289923], [136.67605376417396, 35.05280825877133], [136.67579873558788, 35.05304792836723], [136.67609971835176, 35.05328076990449], [136.6763539533946, 35.053509926989605], [136.67655661996508, 35.0537163422473], [136.67680717480224, 35.05406460750114], [136.67698026161293, 35.054365275049896], [136.67712481494374, 35.0546123663421], [136.67723375357704, 35.054788525926156], [136.67739507508514, 35.0550796805774], [136.67750455510463, 35.05532119209882], [136.67758059183635, 35.05547443536756], [136.6776759103575, 35.05569672973333], [136.6779353204784, 35.05626981150251], [136.6798621294037, 35.055874871090225], [136.68032384199213, 35.05575692852516], [136.6801041833216, 35.05519715103738], [136.68012708254824, 35.05513927463192], [136.6799313905625, 35.0546447166465], [136.6798830040986, 35.05444899394563], [136.67984431392063, 35.054291669150416], [136.6797442584526, 35.05406158633542], [136.67963851415163, 35.05370864366586], [136.67994137952488, 35.05359933871491], [136.68015121722183, 35.05354442878875], [136.680136512161, 35.053459930355544], [136.68096955521523, 35.05332659624709], [136.68093137422605, 35.05323067921698], [136.68094435360874, 35.05310764409913], [136.68070530010073, 35.05245571660261]]], [[[136.68487755011017, 35.05654601424873], [136.68472483401104, 35.05600713643586], [136.68458697406433, 35.056031013075014], [136.684448711177, 35.055560788411], [136.68501568402135, 35.055459630344515], [136.6849411272126, 35.05520835105996], [136.6854146229623, 35.055107718253026], [136.6853736542948, 35.05486364485652], [136.68525145168311, 35.05459361924171], [136.6850929351224, 35.05464064206574], [136.685002433303, 35.0544336797836], [136.6851515714906, 35.0543866395588], [136.68507517479676, 35.05418664027296], [136.68469288159218, 35.05430091311154], [136.68436651172462, 35.054394939776195], [136.68395135519316, 35.054481858521505], [136.6839471739372, 35.05446293767524], [136.6838712061935, 35.05411912681331], [136.68423983696962, 35.054055569404454], [136.68407517007736, 35.0536434528403], [136.68402266441424, 35.05350916588193], [136.68396106959017, 35.05340964973343], [136.68386653608616, 35.05328334668853], [136.68379039572176, 35.053118557436655], [136.68359922576997, 35.05267545980893], [136.68314539939468, 35.052796820834445], [136.68291700790948, 35.05286000913856], [136.68267797876177, 35.05292114404818], [136.68258034201276, 35.05294613041156], [136.68211852555214, 35.052972317351724], [136.6814938813219, 35.05316026858229], [136.68131720913433, 35.053217600119275], [136.6811443375575, 35.05327364178143], [136.68126394065868, 35.053603476851066], [136.6811099936493, 35.0536389190597], [136.6812194191417, 35.05387282211701], [136.68130691593882, 35.0542757977565], [136.68131682669286, 35.05434489978163], [136.68134580049644, 35.054456149480124], [136.68179844773718, 35.05437677540607], [136.68181785306155, 35.05446498030945], [136.68137017153376, 35.05457517287071], [136.68139916789704, 35.05469409877851], [136.68143306601, 35.054836168188125], [136.68148109213305, 35.05499343949473], [136.68154748657722, 35.055386885005255], [136.68166913007306, 35.055966506438686], [136.68215913555613, 35.055883047881935], [136.68226128295117, 35.05636284525753], [136.68181112423275, 35.05645946135707], [136.68192595854387, 35.05678164594775], [136.68194341956053, 35.05683162025091], [136.68238303379204, 35.05672337230341], [136.68245082962994, 35.0569554645162], [136.6826844580035, 35.05695415148087], [136.68283793723757, 35.056944203799105], [136.6830657693265, 35.05690482311994], [136.68324107252002, 35.056867286344314], [136.6834638827602, 35.05682680526844], [136.6835851401709, 35.05679929136364], [136.68404009433493, 35.05671792395141], [136.68487755011017, 35.05654601424873]], [[136.6839328136919, 35.05448604484604], [136.68400309062446, 35.054708575805485], [136.68402753645344, 35.05493299617504], [136.68411971604215, 35.055335943737866], [136.68419205817685, 35.05560448965347], [136.68373722930275, 35.055705082969205], [136.68293880133473, 35.055847538832005], [136.68274998347576, 35.05500349744137], [136.6826948183723, 35.05483281446662], [136.68295201472765, 35.05479291631217], [136.6829256020457, 35.05473221740977], [136.682922424213, 35.05470554465661], [136.68314193279267, 35.0546497306266], [136.6836059559313, 35.054558595238994], [136.6836458027493, 35.054550834904674], [136.6839328136919, 35.05448604484604]]]]}}, {"type": "Feature", "properties": {"rowId": 62, "city_name": "桑名市", "town_name": "江場（中野）", "households": 547, "population": 1100, "e_stat_code": "24205057005"}, "geometry": {"type": "Polygon", "coordinates": [[[136.69280765144225, 35.048324238508386], [136.69380225037247, 35.04804340938031], [136.6936483123202, 35.04789097259374], [136.6934163020693, 35.04767602104714], [136.6932147246141, 35.047656889077764], [136.69313062280546, 35.04764067874458], [136.69309532561275, 35.04763397791495], [136.69283146423732, 35.047540831505316], [136.69260462483805, 35.047450853843756], [136.69244789044492, 35.047387590452324], [136.69230150356293, 35.04733778899947], [136.69218612923706, 35.04730464231404], [136.6920708407232, 35.047281636279855], [136.69190622865543, 35.047258911087916], [136.69141122316518, 35.04705221411406], [136.68770928575037, 35.04813115895217], [136.6876269889219, 35.04794760268838], [136.68748321029673, 35.047627065862066], [136.68726141480423, 35.04713238450535], [136.68942112006283, 35.04651005125968], [136.68949613844964, 35.04647983608994], [136.68956317615707, 35.04643748148121], [136.68959748693058, 35.04639841189005], [136.68992131962722, 35.04654636797827], [136.69009205708028, 35.04660025955347], [136.69060756919, 35.0462538658464], [136.69038222309078, 35.04599506519109], [136.69055428924926, 35.04581569967118], [136.69076981374002, 35.04564108756249], [136.6911150830721, 35.04541728325792], [136.691709261114, 35.0451143823437], [136.6923537655018, 35.044793655894644], [136.6930074156568, 35.044522592394074], [136.69361036566931, 35.04432681936598], [136.6935805289471, 35.04428191726658], [136.69331594814273, 35.044355543425425], [136.69301281779647, 35.044437416904834], [136.692437003595, 35.04462218731774], [136.69184621887624, 35.04478358907456], [136.69129327489244, 35.04493399629192], [136.6904608740673, 35.04513669593922], [136.68957566183923, 35.04538814296044], [136.6882098778475, 35.045748015075354], [136.68668495811087, 35.04515126658263], [136.68660931584714, 35.0448109753113], [136.68631860197416, 35.04477656001381], [136.6862934386733, 35.04502298115042], [136.68649967668313, 35.04510365028817], [136.68571576752635, 35.045346467237074], [136.6859130292808, 35.04582213405284], [136.68572667180322, 35.04587621650235], [136.68552307856427, 35.04541114947135], [136.68543304329557, 35.04542757310746], [136.68446272451402, 35.04571375978685], [136.68428452860834, 35.045269040436814], [136.6841515145261, 35.04532739745072], [136.68431428545136, 35.04578128931547], [136.68425083861214, 35.04580256297779], [136.68428664414975, 35.04589595627641], [136.68424014862575, 35.04591185311253], [136.68425511514798, 35.0459504318791], [136.68399781617723, 35.046015686552025], [136.68381716925506, 35.04571824001291], [136.68352761289174, 35.04581219698627], [136.68353101073907, 35.046219166331724], [136.68300340039283, 35.04645326969541], [136.68301541364357, 35.046481935778104], [136.68329515820247, 35.04715095517457], [136.68407917321758, 35.046928506305946], [136.68453184989448, 35.04791796945418], [136.6847313430514, 35.048414823537335], [136.684692360983, 35.04842314275091], [136.6855905537341, 35.05041611588451], [136.6863661640634, 35.05019419193111], [136.6873751561957, 35.049893192379535], [136.68831839940964, 35.04962636133723], [136.6889444671031, 35.04944970576967], [136.6893234091167, 35.04934226989959], [136.69011628362625, 35.04911881578939], [136.69070731891833, 35.04894735047268], [136.69280765144225, 35.048324238508386]]]}}, {"type": "Feature", "properties": {"rowId": 59, "city_name": "桑名市", "town_name": "江場（北東部）", "households": 101, "population": 291, "e_stat_code": "24205057002"}, "geometry": {"type": "Polygon", "coordinates": [[[136.695739442745, 35.05684450077248], [136.69566012646612, 35.056197888703366], [136.69585478833793, 35.05611641777035], [136.69574679295113, 35.05596034036221], [136.69563329313596, 35.055978033432815], [136.6955705049684, 35.05546738755394], [136.6961061834206, 35.05533867972795], [136.69648091749272, 35.055217723880496], [136.69661469145657, 35.055413936028714], [136.6968217981156, 35.055340773302085], [136.6967076142136, 35.055172266969116], [136.69666590366637, 35.05512158934413], [136.6965737106391, 35.05496598539955], [136.69638543488094, 35.05467508151379], [136.6962643841048, 35.05451950194187], [136.6960409690358, 35.05422034902295], [136.69551649604074, 35.05445251698331], [136.69550100582416, 35.054574863925154], [136.695332375022, 35.054650550707294], [136.6947612578704, 35.05498312822677], [136.69458035185957, 35.055075785687265], [136.6942517247992, 35.05527119383298], [136.69399031627972, 35.05541586679828], [136.69389825992604, 35.05546681232092], [136.69367478534605, 35.0555981588598], [136.69353671449167, 35.05567930864804], [136.6936463652501, 35.05595031200255], [136.6934284823794, 35.05601050270895], [136.69350236867217, 35.05615438211503], [136.69362056583972, 35.05631716407176], [136.6936999636461, 35.05642875711945], [136.69388814768774, 35.05670945340468], [136.6941200800443, 35.05664439321787], [136.69414076201267, 35.05671505181001], [136.6943131817177, 35.05667653012022], [136.69438900083077, 35.056855962108685], [136.69429008782066, 35.05687695092709], [136.6943511724502, 35.05703583367747], [136.6943747207186, 35.05708584179908], [136.6944733212776, 35.056967456620406], [136.69461395849322, 35.056948060076316], [136.695739442745, 35.05684450077248]]]}}, {"type": "Feature", "properties": {"rowId": 60, "city_name": "桑名市", "town_name": "江場（北部）", "households": 229, "population": 538, "e_stat_code": "24205057003"}, "geometry": {"type": "Polygon", "coordinates": [[[136.6863903107953, 35.05627675991888], [136.68673675693134, 35.05622726495543], [136.6867966269007, 35.05622770053279], [136.68685631982177, 35.05622250416426], [136.68691591437187, 35.056210687251244], [136.6870924401142, 35.05617137737335], [136.6870669201542, 35.05608989891138], [136.68742028726902, 35.05601310827646], [136.68741400494346, 35.05599419889871], [136.6877106641857, 35.055921249086005], [136.68755586233712, 35.05543154394669], [136.68786530073393, 35.05534070381631], [136.68776643660365, 35.05481694727456], [136.68827261738804, 35.05467266582524], [136.68824676270603, 35.054612739612914], [136.68806982095543, 35.054189359673344], [136.68785919652098, 35.05369137860416], [136.68763408801874, 35.05319192972174], [136.6870265596864, 35.05336685410021], [136.68722888537906, 35.05386136178454], [136.68629434055896, 35.054130459921566], [136.68518010140787, 35.05444422730584], [136.6851655099952, 35.05441480144777], [136.6851515714906, 35.0543866395588], [136.685002433303, 35.0544336797836], [136.6850929351224, 35.05464064206574], [136.68525145168311, 35.05459361924171], [136.6853736542948, 35.05486364485652], [136.6854146229623, 35.055107718253026], [136.6849411272126, 35.05520835105996], [136.68501568402135, 35.055459630344515], [136.684448711177, 35.055560788411], [136.68458697406433, 35.056031013075014], [136.68472483401104, 35.05600713643586], [136.68487755011017, 35.05654601424873], [136.6851621195952, 35.056491379536936], [136.6855326702044, 35.05642076421095], [136.68563226563094, 35.056404356321], [136.68566049070378, 35.05639968976171], [136.68604804547323, 35.056329611786495], [136.6863903107953, 35.05627675991888]]]}}, {"type": "Feature", "properties": {"rowId": 58, "city_name": "桑名市", "town_name": "江場（宮乃島）", "households": 773, "population": 1745, "e_stat_code": "24205057001"}, "geometry": {"type": "Polygon", "coordinates": [[[136.69367478534605, 35.0555981588598], [136.69389825992604, 35.05546681232092], [136.69399031627972, 35.05541586679828], [136.6942517247992, 35.05527119383298], [136.69458035185957, 35.055075785687265], [136.6947612578704, 35.05498312822677], [136.695332375022, 35.054650550707294], [136.69550100582416, 35.054574863925154], [136.69551649604074, 35.05445251698331], [136.6960409690358, 35.05422034902295], [136.69597368734696, 35.05407812347405], [136.6958057941718, 35.05375653727932], [136.69568382416645, 35.05349243704724], [136.695599610716, 35.053302700786375], [136.69554716428564, 35.05320285700511], [136.69546423334472, 35.05299797137865], [136.69545741686605, 35.05261398209686], [136.6953978416279, 35.05080777392642], [136.69537479596517, 35.04984406555075], [136.69535872929848, 35.04917230086307], [136.69494267017018, 35.04936532271452], [136.6942818396629, 35.04861188888218], [136.69380225037247, 35.04804340938031], [136.69280765144225, 35.048324238508386], [136.69070731891833, 35.04894735047268], [136.69011628362625, 35.04911881578939], [136.6893234091167, 35.04934226989959], [136.6889444671031, 35.04944970576967], [136.68831839940964, 35.04962636133723], [136.68915692058107, 35.0516350672601], [136.68722519715263, 35.052192655114425], [136.6874317035663, 35.05269052005716], [136.68825765821413, 35.05247027075431], [136.68846411529492, 35.05296144422016], [136.68763408801874, 35.05319192972174], [136.68785919652098, 35.05369137860416], [136.68806982095543, 35.054189359673344], [136.68824676270603, 35.054612739612914], [136.68827261738804, 35.05467266582524], [136.68835415504424, 35.05486171803594], [136.68862700190564, 35.05490094803768], [136.68874542174493, 35.05469942318651], [136.68879793521432, 35.05460454426451], [136.68885902462517, 35.054505814262626], [136.68923841880545, 35.054449292897914], [136.68948158838535, 35.05439692530227], [136.689679242863, 35.0543347437866], [136.68988294805027, 35.054253795561564], [136.69003430918167, 35.054821618975005], [136.69007273451064, 35.05497077258504], [136.6901536115008, 35.05525891564351], [136.69048789299708, 35.05524004308335], [136.69057930470868, 35.05524374939724], [136.69064289336526, 35.05524845842006], [136.69076884319682, 35.05526520757208], [136.69091342185817, 35.055271638956725], [136.6909706880012, 35.05526814347296], [136.691021677609, 35.05525658532266], [136.6910675877613, 35.05523681630139], [136.69107523955478, 35.055362340959334], [136.69105566059196, 35.05548802056366], [136.69127908406864, 35.05554111788263], [136.69140709995983, 35.05554383998969], [136.6921332966367, 35.05548533473131], [136.6925818095414, 35.05554559768397], [136.6927741694523, 35.05566767374519], [136.69284751553045, 35.05571725725178], [136.6929394265344, 35.055774763266676], [136.6933969844441, 35.055754898105256], [136.69353671449167, 35.05567930864804], [136.69367478534605, 35.0555981588598]]]}}, {"type": "Feature", "properties": {"rowId": 219, "city_name": "桑名市", "town_name": "大貝須", "households": 119, "population": 313, "e_stat_code": "242051450"}, "geometry": {"type": "Polygon", "coordinates": [[[136.70138214859753, 35.04536498753698], [136.70147445371614, 35.04531409990094], [136.70104623739553, 35.045097971953254], [136.70079377788903, 35.04492125273557], [136.70069576035453, 35.04479984106189], [136.70038702543937, 35.04405109552992], [136.7000958676913, 35.043349080856004], [136.69922554570027, 35.04128773476199], [136.69862899386627, 35.03989089257679], [136.69857662190768, 35.03976921700377], [136.69866597088551, 35.03954827070917], [136.69880781282268, 35.039458295344026], [136.6989976574056, 35.03931409806965], [136.6992015367419, 35.03914876243104], [136.69952933179493, 35.03879509940957], [136.69971347477556, 35.038515363802595], [136.69974327240288, 35.03847011970969], [136.69833051761128, 35.03894496051035], [136.69771909909807, 35.037939696362955], [136.69789533945223, 35.037887414063974], [136.697747903134, 35.03765747534418], [136.69750957946468, 35.037744340818826], [136.69707718284403, 35.03701164857286], [136.69770455453542, 35.036841278818834], [136.697831666612, 35.03712274461546], [136.69803885230633, 35.0370445789485], [136.69789032446496, 35.03668647234821], [136.69800294867525, 35.03648912689756], [136.6980432789681, 35.03634353765966], [136.69802106125985, 35.036172744037145], [136.6980716046961, 35.03601005266277], [136.69815318032286, 35.035821549272306], [136.69806395644466, 35.03511252799435], [136.69776838312936, 35.03517218595773], [136.69773555555892, 35.034379175850326], [136.6976114163934, 35.03411396331312], [136.69392351051897, 35.035138075566955], [136.69391298975293, 35.035063625243936], [136.69354226680528, 35.03504602257532], [136.69326244335264, 35.035024661218955], [136.69289248038024, 35.03500592542314], [136.69264093957125, 35.03497778029292], [136.69216950542744, 35.03493250691271], [136.69230605635406, 35.03510265101356], [136.69247384493738, 35.03528127924708], [136.6926309415592, 35.035425671110026], [136.68945975074922, 35.03651226711076], [136.68970035701835, 35.03693430072381], [136.6908484559171, 35.0391159789154], [136.69146697036786, 35.04035632121977], [136.69183666765758, 35.04105516427442], [136.6923234006728, 35.04206969104883], [136.69287255388892, 35.043092381618436], [136.6935805289471, 35.04428191726658], [136.69361036566931, 35.04432681936598], [136.69368867771868, 35.04448356237398], [136.69393874034958, 35.04437417110624], [136.69450767680775, 35.04420210957359], [136.6951786784142, 35.043963683815036], [136.69544617981347, 35.04389179755426], [136.69583793153987, 35.04367848916029], [136.6960472042552, 35.0434708721386], [136.69616591642108, 35.0433482152207], [136.6963321072258, 35.04343642113543], [136.69671525561705, 35.04355620170032], [136.69716004880001, 35.04368471215195], [136.69785410904345, 35.043882778568786], [136.69860674960407, 35.04414663323965], [136.69955468406306, 35.04452140587091], [136.6999541283569, 35.04474319865305], [136.70035385440826, 35.04499794832078], [136.70070399397386, 35.04520171174305], [136.70106489686285, 35.04535209952734], [136.70118072586305, 35.045318331637546], [136.70138214859753, 35.04536498753698]]]}}, {"type": "Feature", "properties": {"rowId": 170, "city_name": "桑名市", "town_name": "大仲新田", "households": 481, "population": 1071, "e_stat_code": "242051200"}, "geometry": {"type": "Polygon", "coordinates": [[[136.61309926057152, 35.07611050651133], [136.61300639670154, 35.07546460869342], [136.61248325346278, 35.07566176704413], [136.612057388499, 35.07583089653865], [136.61199563372614, 35.075528940907766], [136.61189970806763, 35.07487326641957], [136.61191914405734, 35.074665905013404], [136.61194427096945, 35.07428012668894], [136.61194965923895, 35.07406142713725], [136.61192039794938, 35.073894664803085], [136.6119040229801, 35.073578112560945], [136.61189596633605, 35.07344004800144], [136.61204188284097, 35.07328958727014], [136.6121494889025, 35.07316530570709], [136.61214823984835, 35.07299840321861], [136.61208351463534, 35.07276850688556], [136.61204076656452, 35.07267083046607], [136.6119278616926, 35.07255632381886], [136.6116835209495, 35.07264967308689], [136.61138341467486, 35.072777740022886], [136.61127201476134, 35.07285886842357], [136.6110242253773, 35.07296667066336], [136.6109682399117, 35.072989207673885], [136.61061935472696, 35.07312984305071], [136.61020758936456, 35.07330459932807], [136.60974746504542, 35.07357164370255], [136.6097071217992, 35.07379065968727], [136.60960705218895, 35.073989764574286], [136.60951029967316, 35.07415716068503], [136.60944802728704, 35.07425529499546], [136.6094636209874, 35.074468256096495], [136.60944546476753, 35.074854000090774], [136.6094111165776, 35.074940515151695], [136.60920887180032, 35.07505090343573], [136.60904153418448, 35.07514372136102], [136.60900739982577, 35.07525910945714], [136.6090013181226, 35.075385696317426], [136.60894641181437, 35.07552999306603], [136.60866827031555, 35.07579034714784], [136.6085953503182, 35.07586839340397], [136.60844891176646, 35.075949766661424], [136.6081763373076, 35.07601437757952], [136.60812785252617, 35.0760837794272], [136.60810789258716, 35.07622776033676], [136.60812352523735, 35.076446355811775], [136.6081530768897, 35.07665347126052], [136.60806989864255, 35.07676896569474], [136.60794427466038, 35.076821429794116], [136.607804772287, 35.07689121728272], [136.60778472629445, 35.07702371916651], [136.6077397440124, 35.0771322609248], [136.6076196507172, 35.07742175123014], [136.60748811300508, 35.07762390046622], [136.60752370634606, 35.07769851518733], [136.6076291551826, 35.0777555245001], [136.60774882700204, 35.07784704106758], [136.60769370239208, 35.077962465089314], [136.60757876225742, 35.078040721871616], [136.6073842611694, 35.078248961369404], [136.60724518137818, 35.07838198981919], [136.60725267501837, 35.07844526603673], [136.60752003105713, 35.07862238470377], [136.60762565432177, 35.07870242237927], [136.6076193124536, 35.07878879733404], [136.6069441801302, 35.07933326826711], [136.60680454458816, 35.07938580203647], [136.606384528134, 35.07940509120234], [136.60625161748982, 35.0794173062604], [136.60618205735776, 35.079481038921784], [136.60616869037327, 35.079567378222805], [136.60618397620252, 35.07973998670621], [136.60603152691874, 35.07995379003529], [136.60594808653494, 35.08003477565051], [136.60579099504406, 35.080095988486825], [136.60566583297432, 35.080211691765655], [136.60553364650997, 35.080327499988634], [136.60554854824468, 35.08044827783181], [136.60552134381632, 35.08055778630088], [136.60543066655796, 35.08060429894304], [136.6052075870886, 35.0807378871677], [136.60496415501783, 35.080957778953795], [136.6047906290805, 35.081165911886465], [136.6045540064929, 35.08136273908945], [136.6044148371602, 35.0814785820186], [136.60412380484905, 35.081888722222516], [136.60393584247137, 35.08203931704207], [136.6036880639059, 35.08214703925027], [136.60336684577203, 35.08226949507825], [136.6031300933168, 35.082443432378426], [136.6030181154639, 35.08259942273579], [136.6027762970281, 35.08289409694936], [136.60232428029073, 35.083316657145765], [136.60217160459717, 35.08350735904863], [136.60217342846025, 35.083754900981205], [136.60227951912918, 35.083898183484905], [136.60244214561672, 35.08411034373775], [136.60273398826857, 35.08427868759643], [136.60300126906776, 35.08443856107651], [136.6030652552533, 35.08457064406083], [136.60313030255796, 35.08484660406727], [136.60321012517178, 35.08522608680659], [136.60321178197864, 35.08545059948646], [136.60315127620555, 35.08579056918405], [136.6042099066557, 35.085488782092085], [136.605338925561, 35.08515451973941], [136.60686194044123, 35.084703686417555], [136.60748333116996, 35.084519709501876], [136.6075785230207, 35.0844921168382], [136.61043191842748, 35.08366446894812], [136.61154616540333, 35.08331059300757], [136.61189526984134, 35.08317649998482], [136.61291183066328, 35.08286183910338], [136.6129368391019, 35.082471835260726], [136.61304156993285, 35.082431022352196], [136.6132144364136, 35.08213654233177], [136.61335420522718, 35.082101325655195], [136.61341544575302, 35.081865019300395], [136.61346105315536, 35.08178295306034], [136.61370185462548, 35.081425660808414], [136.61379664620694, 35.081339261750394], [136.61384521800767, 35.08128147782498], [136.61384448418863, 35.081183589138426], [136.61387193642847, 35.08110865787333], [136.6139976525856, 35.081067737925345], [136.61415810297223, 35.08098628728905], [136.6142344731275, 35.08089955763955], [136.61419900282237, 35.080836424650364], [136.61403695318106, 35.0807049158389], [136.61398040832626, 35.08063611464211], [136.61397945842077, 35.080509423998244], [136.61405470403568, 35.080273116326254], [136.61405388393644, 35.080163749219246], [136.61391967716273, 35.08000899941584], [136.61379305615847, 35.07992900322811], [136.6136106279608, 35.07987823392777], [136.61353283446317, 35.07977496096965], [136.61346844801403, 35.07959112336475], [136.6134742228776, 35.07942988940963], [136.61340621500733, 35.07923163277543], [136.61336337488416, 35.079122548683586], [136.61322219116985, 35.07896783379054], [136.61310212132273, 35.07883026513808], [136.61292646057206, 35.0787447410262], [136.61276476143277, 35.07865928746134], [136.61267292299542, 35.07855038032693], [136.6126653382782, 35.07847555595901], [136.6128288039333, 35.07832796154967], [136.61294016485428, 35.07824105637285], [136.6129669166288, 35.078169650770086], [136.61299847402313, 35.07807667004609], [136.61296920974826, 35.07790997941203], [136.61288413741386, 35.07777223364572], [136.61277829390986, 35.07766339747257], [136.6128403510832, 35.077536458795066], [136.61318972873596, 35.077436870293695], [136.61331531032997, 35.07737862737155], [136.6132867811528, 35.07730975391551], [136.61311771368125, 35.07717236380139], [136.61313184486622, 35.07672051057369], [136.61312400126448, 35.076611179580574], [136.61309496463141, 35.07656026716439], [136.6129697204316, 35.076360468569206], [136.61298061829797, 35.076162939609695], [136.61309926057152, 35.07611050651133]]]}}, {"type": "Feature", "properties": {"rowId": 247, "city_name": "桑名市", "town_name": "大山田一丁目", "households": 24, "population": 50, "e_stat_code": "24205158001"}, "geometry": {"type": "Polygon", "coordinates": [[[136.6418071359754, 35.07979437377634], [136.64207066282702, 35.07877174506736], [136.64216563492494, 35.07829101297711], [136.63906983195366, 35.07798954817815], [136.63900683333335, 35.07834827285033], [136.63894342374033, 35.078659745664865], [136.63887958084425, 35.07891030248497], [136.63879998292788, 35.079255663468146], [136.6387122682929, 35.0796145893232], [136.63903669714492, 35.079652599450895], [136.6391700702475, 35.07966738911383], [136.63922164865744, 35.07967352632287], [136.63926456898028, 35.079673299946975], [136.63933162336545, 35.07966463609311], [136.6395038262344, 35.07963774074557], [136.63970686230923, 35.079599273007325], [136.63977739577112, 35.07959157649553], [136.63981594131977, 35.079590809617606], [136.6398604072012, 35.07959670185176], [136.63991704532276, 35.079609079882246], [136.63994748673946, 35.07961814428298], [136.64015828844873, 35.07971280910623], [136.6402201421042, 35.07973473725224], [136.64026047032525, 35.07974832697516], [136.64030445726067, 35.0797588696284], [136.6403465560113, 35.079763224837585], [136.64038023646089, 35.07976459623533], [136.6404241941952, 35.07976042016459], [136.64046586849105, 35.07975421381831], [136.64094209947717, 35.07964338256291], [136.6410045552809, 35.07963819348186], [136.64104941481628, 35.07963971684424], [136.64110094358182, 35.079644796039275], [136.6411634562504, 35.07965784611108], [136.64125352282645, 35.0796834268756], [136.64137700100736, 35.07971981707128], [136.64142114524103, 35.07973916216575], [136.6414624970201, 35.07975232351967], [136.64151956735915, 35.07976497966023], [136.6416684299222, 35.07978292523226], [136.6418071359754, 35.07979437377634]]]}}, {"type": "Feature", "properties": {"rowId": 253, "city_name": "桑名市", "town_name": "大山田七丁目", "households": 131, "population": 317, "e_stat_code": "24205158007"}, "geometry": {"type": "Polygon", "coordinates": [[[136.63690753491312, 35.07976268328821], [136.63694299484098, 35.07956305312243], [136.63655707172262, 35.079659731976065], [136.63626947150289, 35.07970856781701], [136.63565203725537, 35.079657721191396], [136.635334996144, 35.0796221991191], [136.63522133632586, 35.079818858331805], [136.63504261506137, 35.080110721501896], [136.63467554349089, 35.08051836323659], [136.634242995073, 35.080973812828866], [136.63373678604776, 35.08147690217283], [136.63395997236051, 35.081611092219525], [136.63490636144905, 35.082170735016], [136.63538396006592, 35.08169152474988], [136.6356778640922, 35.08139912746104], [136.63595541211527, 35.081113647075476], [136.63627393333968, 35.08081428904553], [136.63640451270896, 35.080678387305234], [136.63651005305007, 35.08049522085826], [136.63660684232477, 35.0802444922162], [136.6366791189436, 35.080014174136565], [136.63674386198852, 35.07987861786619], [136.63690753491312, 35.07976268328821]]]}}, {"type": "Feature", "properties": {"rowId": 249, "city_name": "桑名市", "town_name": "大山田三丁目", "households": 106, "population": 252, "e_stat_code": "24205158003"}, "geometry": {"type": "Polygon", "coordinates": [[[136.63807913675515, 35.08370863333226], [136.63867943336678, 35.08359560813596], [136.63893344094458, 35.083879349665665], [136.6389593599355, 35.083874072535274], [136.6393663071064, 35.08383481170024], [136.64015588803292, 35.08379676955421], [136.64076304760667, 35.08380567335806], [136.6408388773624, 35.083806751320665], [136.6409780656484, 35.08319395210506], [136.6410814828168, 35.08274021963325], [136.64035658877808, 35.082629048002524], [136.63979680517016, 35.08259143971838], [136.63913059142808, 35.08262199819971], [136.6386293166054, 35.08269900959065], [136.63821032868736, 35.08277565603288], [136.63766835973144, 35.08291372499152], [136.63709391255082, 35.08310618956248], [136.6366798982223, 35.08329428743336], [136.63697947477664, 35.08373237722634], [136.63721835563328, 35.08407141512228], [136.63807913675515, 35.08370863333226]]]}}, {"type": "Feature", "properties": {"rowId": 248, "city_name": "桑名市", "town_name": "大山田二丁目", "households": 93, "population": 227, "e_stat_code": "24205158002"}, "geometry": {"type": "Polygon", "coordinates": [[[136.6410814828168, 35.08274021963325], [136.64120967922057, 35.082299948527336], [136.6414171444033, 35.08147375122623], [136.6418071359754, 35.07979437377634], [136.6416684299222, 35.07978292523226], [136.64151956735915, 35.07976497966023], [136.6414624970201, 35.07975232351967], [136.64142114524103, 35.07973916216573], [136.64137700100736, 35.07971981707128], [136.64125352282647, 35.07968342687563], [136.6411634562504, 35.079657846111104], [136.64110094358182, 35.079644796039275], [136.64104941481628, 35.07963971684424], [136.6410045552809, 35.07963819348185], [136.64094209947717, 35.07964338256291], [136.64046586849105, 35.07975421381829], [136.6404241941952, 35.07976042016459], [136.64038023646089, 35.079764596235314], [136.6403465560113, 35.079763224837585], [136.64030445726067, 35.07975886962844], [136.64026047032525, 35.07974832697516], [136.6402201421042, 35.07973473725224], [136.64015828844873, 35.07971280910622], [136.63994748673946, 35.079618144283], [136.63991704532273, 35.07960907988223], [136.6398604072012, 35.07959670185176], [136.63981594131977, 35.079590809617606], [136.63977739577112, 35.07959157649553], [136.63970686230923, 35.079599273007325], [136.6395038262344, 35.079637740745554], [136.63933162336545, 35.07966463609311], [136.63926456898028, 35.07967329994698], [136.63922164865744, 35.07967352632287], [136.6391700702475, 35.07966738911383], [136.63903669714492, 35.079652599450895], [136.6387122682929, 35.0796145893232], [136.63858166011022, 35.08027466793086], [136.63850965450882, 35.080538789132454], [136.63841517551373, 35.08108036196191], [136.63842555763787, 35.08135764110299], [136.6384539139554, 35.08183088940348], [136.63851888577517, 35.082253308049204], [136.63853384654186, 35.08233175313661], [136.6386293166054, 35.08269900959065], [136.63913059142808, 35.08262199819971], [136.63979680517016, 35.08259143971838], [136.64035658877808, 35.082629048002524], [136.6410814828168, 35.08274021963325]]]}}, {"type": "Feature", "properties": {"rowId": 251, "city_name": "桑名市", "town_name": "大山田五丁目", "households": 167, "population": 416, "e_stat_code": "24205158005"}, "geometry": {"type": "Polygon", "coordinates": [[[136.63395997236051, 35.081611092219525], [136.63373678604776, 35.08147690217283], [136.6326552682101, 35.08259513011741], [136.63246722159758, 35.08275168101578], [136.6323123740534, 35.08294179201236], [136.63172950662675, 35.08364492952673], [136.6321881928682, 35.08390958883258], [136.63291585921115, 35.08437925666155], [136.6331557611641, 35.08454709362847], [136.6333128518251, 35.0846476845613], [136.63360984914505, 35.08474768496223], [136.63398841055982, 35.084759225882166], [136.63427620106353, 35.084737436913265], [136.63459645734176, 35.08465448860272], [136.63476036421977, 35.084572500534264], [136.63503069612082, 35.08441551534456], [136.63539438005535, 35.08409916125281], [136.6357299284118, 35.08386746372566], [136.6361884766918, 35.08358779456602], [136.6366798982223, 35.08329428743336], [136.63605149399564, 35.08289862932491], [136.63501394726688, 35.08225144131393], [136.63490636144905, 35.082170735016], [136.63395997236051, 35.081611092219525]]]}}, {"type": "Feature", "properties": {"rowId": 254, "city_name": "桑名市", "town_name": "大山田八丁目", "households": 360, "population": 774, "e_stat_code": "24205158008"}, "geometry": {"type": "Polygon", "coordinates": [[[136.63655707172262, 35.079659731976065], [136.63694299484098, 35.07956305312243], [136.63833441337135, 35.07969094887712], [136.63857215317677, 35.07958152361067], [136.6387122682929, 35.0796145893232], [136.63879998292788, 35.079255663468146], [136.63887958084425, 35.07891030248497], [136.63894342374033, 35.078659745664865], [136.63900683333335, 35.07834827285033], [136.63906983195366, 35.07798954817815], [136.63862535455374, 35.07795801663473], [136.63799961384385, 35.077900465050696], [136.6373574685485, 35.07784299652523], [136.63595769861558, 35.07769471111801], [136.63586138375666, 35.07800642316642], [136.63570225946776, 35.078703832157444], [136.6356301409201, 35.078954430767645], [136.63558195871556, 35.07911025248173], [136.63544855216765, 35.079411948300404], [136.635334996144, 35.0796221991191], [136.63565203725537, 35.079657721191396], [136.63626947150289, 35.07970856781701], [136.63655707172262, 35.079659731976065]]]}}, {"type": "Feature", "properties": {"rowId": 252, "city_name": "桑名市", "town_name": "大山田六丁目", "households": 190, "population": 469, "e_stat_code": "24205158006"}, "geometry": {"type": "Polygon", "coordinates": [[[136.63858166011022, 35.08027466793086], [136.6387122682929, 35.0796145893232], [136.63857215317677, 35.07958152361067], [136.63833441337135, 35.07969094887712], [136.63694299484098, 35.07956305312243], [136.63690753491312, 35.07976268328821], [136.63674386198852, 35.07987861786619], [136.6366791189436, 35.080014174136565], [136.63660684232477, 35.0802444922162], [136.63651005305007, 35.08049522085826], [136.63640451270896, 35.080678387305234], [136.63627393333968, 35.08081428904553], [136.63595541211527, 35.081113647075476], [136.6356778640922, 35.08139912746104], [136.63538396006592, 35.08169152474988], [136.63490636144905, 35.082170735016], [136.63501394726688, 35.08225144131393], [136.63605149399564, 35.08289862932491], [136.6366798982223, 35.08329428743336], [136.63709391255082, 35.08310618956248], [136.63766835973144, 35.08291372499152], [136.63821032868736, 35.08277565603288], [136.6386293166054, 35.08269900959065], [136.63853384654186, 35.08233175313661], [136.63851888577517, 35.082253308049204], [136.6384539139554, 35.08183088940348], [136.63842555763787, 35.08135764110299], [136.63841517551373, 35.08108036196191], [136.63850965450882, 35.080538789132454], [136.63858166011022, 35.08027466793086]]]}}, {"type": "Feature", "properties": {"rowId": 250, "city_name": "桑名市", "town_name": "大山田四丁目", "households": 207, "population": 459, "e_stat_code": "24205158004"}, "geometry": {"type": "Polygon", "coordinates": [[[136.63580268040386, 35.08503564459549], [136.6367798328031, 35.084309432159245], [136.63719333352424, 35.08408196904302], [136.63721835563328, 35.08407141512228], [136.63697947477664, 35.08373237722634], [136.6366798982223, 35.08329428743336], [136.6361884766918, 35.08358779456602], [136.6357299284118, 35.08386746372566], [136.63539438005535, 35.08409916125281], [136.63503069612082, 35.08441551534456], [136.63476036421977, 35.084572500534264], [136.63459645734176, 35.08465448860272], [136.63427620106353, 35.084737436913265], [136.63398841055982, 35.084759225882166], [136.63360984914505, 35.08474768496223], [136.6333128518251, 35.0846476845613], [136.6331557611641, 35.08454709362847], [136.63291585921115, 35.08437925666155], [136.6321881928682, 35.08390958883258], [136.63172950662675, 35.08364492952673], [136.63158330728865, 35.083895911774775], [136.6313969134925, 35.08426203774515], [136.63112266654312, 35.08498039533069], [136.6310616250998, 35.08531481019909], [136.63119903501598, 35.085340574089855], [136.63147955360282, 35.08536467576349], [136.63172932702122, 35.08544020716609], [136.63191703413986, 35.085550147602035], [136.63220949969553, 35.08577905238284], [136.63231419226153, 35.08588949584212], [136.63251461281249, 35.08629804168643], [136.63375372976785, 35.08578880057368], [136.63364539942214, 35.08562330450477], [136.63453052416946, 35.085584303553816], [136.63527617276796, 35.085341444712284], [136.63575228329728, 35.085068262694314], [136.63578057647723, 35.085052028744315], [136.63580268040386, 35.08503564459549]]]}}, {"type": "Feature", "properties": {"rowId": 123, "city_name": "桑名市", "town_name": "尾野山", "households": 56, "population": 144, "e_stat_code": "242050960"}, "geometry": {"type": "Polygon", "coordinates": [[[136.67876313002816, 35.066879399510256], [136.67877324476575, 35.06661672729506], [136.67877068499752, 35.06655610547943], [136.67878015512304, 35.066458443174255], [136.67880733833394, 35.066281523892], [136.67882659547948, 35.06613500218243], [136.6789528332564, 35.06613795855927], [136.6795018665082, 35.06623932826921], [136.67953644066577, 35.06612215903786], [136.67955611471507, 35.06604697509186], [136.67955002385793, 35.06592179310553], [136.6795417383268, 35.065537881614915], [136.67950910940306, 35.065275166215024], [136.6794791288057, 35.06500159103853], [136.67962788854211, 35.06499899795092], [136.67962923507767, 35.06475891074045], [136.67950776633063, 35.06475761858456], [136.67952664570296, 35.06459673209228], [136.67936649249853, 35.064603966436714], [136.67925346929985, 35.06460361328112], [136.6790720362823, 35.06460145830418], [136.679006218928, 35.064622742637276], [136.67893593177806, 35.06471489972865], [136.67884974519458, 35.06472791725187], [136.6787417217707, 35.06473126765808], [136.67878895055856, 35.06497291440949], [136.6782580955574, 35.06506419381691], [136.67828137996534, 35.065357103217316], [136.67829336237438, 35.06557824198079], [136.67834398160392, 35.065727894571616], [136.67882498721613, 35.06573457381894], [136.67882444482137, 35.06596345832774], [136.67898695051497, 35.06597086054291], [136.6789562890721, 35.066121037181], [136.67880384627662, 35.06610815703325], [136.6787867421561, 35.06626649759437], [136.6787512108304, 35.06642832210869], [136.67874140752787, 35.06648056199984], [136.67873810571018, 35.066573119208805], [136.6781346927749, 35.066643887849175], [136.67814344558772, 35.06671285514611], [136.67786118783738, 35.066746404106915], [136.67784210192303, 35.06666566302959], [136.67772962622556, 35.066679812449316], [136.67775337865285, 35.06683285421062], [136.67790310505472, 35.06686399152412], [136.6779442146662, 35.066883974067366], [136.67811006401965, 35.066881357854534], [136.67876313002816, 35.066879399510256]]]}}, {"type": "Feature", "properties": {"rowId": 130, "city_name": "桑名市", "town_name": "神楽町一丁目", "households": 99, "population": 244, "e_stat_code": "24205101001"}, "geometry": {"type": "Polygon", "coordinates": [[[136.66902137724244, 35.06360037948364], [136.6694819816579, 35.063439101527905], [136.6695634014419, 35.06363887211069], [136.67045566652962, 35.063374922646474], [136.67165811988153, 35.06304375583182], [136.6725297857438, 35.06282835920954], [136.67289240660912, 35.062752122216516], [136.67259659133293, 35.062525864755884], [136.67245285301794, 35.06240926237514], [136.6723385638825, 35.062295946519825], [136.6722448045652, 35.06212730403308], [136.67137739804278, 35.06234957730487], [136.67018103640638, 35.062654861607605], [136.66932317842767, 35.062940873180786], [136.66940677667694, 35.0631613369144], [136.66912705709873, 35.0632474598395], [136.66884269757577, 35.06333733967678], [136.66875785708766, 35.06325322631653], [136.66867754056813, 35.06314612932909], [136.66842646321015, 35.063304983048575], [136.66820810378164, 35.06346379755962], [136.66810155706509, 35.06357966965374], [136.66808384632844, 35.06370273023662], [136.66813156996892, 35.06382543013918], [136.6681929352189, 35.06389819382714], [136.6684042186456, 35.06401611926693], [136.66849428496667, 35.06410562738084], [136.6691602996373, 35.06389835783776], [136.66902137724244, 35.06360037948364]]]}}, {"type": "Feature", "properties": {"rowId": 131, "city_name": "桑名市", "town_name": "神楽町二丁目", "households": 76, "population": 165, "e_stat_code": "24205101002"}, "geometry": {"type": "Polygon", "coordinates": [[[136.67018103640638, 35.062654861607605], [136.67137739804278, 35.06234957730487], [136.6722448045652, 35.06212730403304], [136.67224418122296, 35.06205138902091], [136.67214601299432, 35.06186199539524], [136.6720430221511, 35.06184707243547], [136.67192941381418, 35.06181657278712], [136.67182421400418, 35.061792999702256], [136.6716730047129, 35.061783483359555], [136.6715509597282, 35.061753030584406], [136.67144588706412, 35.061739879410666], [136.67127830102018, 35.06178566658841], [136.67118204549425, 35.06182415859871], [136.67110579708532, 35.061748661672034], [136.67103583021122, 35.06166101682195], [136.67092566794548, 35.06154422618184], [136.67077813348192, 35.06147602521789], [136.67061443480995, 35.061483760881096], [136.6703714348193, 35.06155073886533], [136.67027963216137, 35.061620263137996], [136.6701083574041, 35.06172818473826], [136.66992812521863, 35.061767279031834], [136.6693160537778, 35.06189143518632], [136.669380739831, 35.06209819879336], [136.66915455378978, 35.06216853300956], [136.66891562221636, 35.0622513324407], [136.66918578497635, 35.06271479131217], [136.6693231784277, 35.062940873180786], [136.67018103640638, 35.062654861607605]]]}}, {"type": "Feature", "properties": {"rowId": 65, "city_name": "桑名市", "town_name": "掛樋", "households": 26, "population": 73, "e_stat_code": "242050600"}, "geometry": {"type": "Polygon", "coordinates": [[[136.68867898175864, 35.05869354432757], [136.6886831309315, 35.05866267401284], [136.6886917339971, 35.05856015656472], [136.6887000876676, 35.05844334421286], [136.68870351974368, 35.05834233556258], [136.68869296377267, 35.05823788387169], [136.68828738746095, 35.05730106291508], [136.68826705183625, 35.05702666067372], [136.68801244046716, 35.05704338559097], [136.68800882966096, 35.057006080681546], [136.68767276902713, 35.05703805556297], [136.6877735680923, 35.05741989368593], [136.68762438065625, 35.05744623237593], [136.68770045790095, 35.05765299258492], [136.68774674702368, 35.057754565868194], [136.68787815894257, 35.0581303846596], [136.68799236818785, 35.05843108717484], [136.68810839633397, 35.05873896318316], [136.68833599548023, 35.0587177425585], [136.68867898175864, 35.05869354432757]]]}}, {"type": "Feature", "properties": {"rowId": 24, "city_name": "桑名市", "town_name": "鍛冶町", "households": 32, "population": 83, "e_stat_code": "242050240"}, "geometry": {"type": "Polygon", "coordinates": [[[136.69121409563212, 35.0620669457519], [136.69169615988042, 35.061877011426894], [136.6918071374894, 35.06203124441611], [136.69212938243356, 35.06189757233723], [136.6922107020915, 35.061871684811805], [136.69212382331932, 35.06174161211466], [136.69199589265406, 35.061578179323966], [136.69196164120018, 35.0615182319268], [136.6919821746961, 35.06151057889146], [136.69189848495643, 35.06135217652402], [136.6917973955655, 35.06121281812895], [136.69169207841048, 35.06125194000786], [136.69156592038544, 35.06110546984646], [136.69144619465283, 35.06091424294475], [136.69157493257416, 35.06084414113646], [136.69164029719715, 35.060927011464756], [136.6917971980355, 35.060844847728035], [136.69157368112437, 35.060528573047876], [136.69144838514873, 35.060341956036595], [136.69123033484433, 35.0604651731315], [136.69117294066083, 35.06037782043027], [136.6910112753568, 35.060478955397514], [136.69080829943204, 35.06060222736096], [136.69056269324827, 35.06071299442895], [136.69063658387682, 35.060791380034026], [136.69050186086855, 35.06084764166581], [136.6904057235907, 35.06079727026636], [136.69024598119609, 35.06089311193651], [136.69050718813196, 35.06110339560369], [136.69068888774973, 35.0613058911454], [136.69084085649231, 35.06148644202835], [136.6909662485814, 35.06168460949648], [136.69121409563212, 35.0620669457519]]]}}, {"type": "Feature", "properties": {"rowId": 9, "city_name": "桑名市", "town_name": "春日町", "households": 27, "population": 55, "e_stat_code": "242050090"}, "geometry": {"type": "Polygon", "coordinates": [[[136.69514445328596, 35.06827108557258], [136.6954574275147, 35.06820330525122], [136.6954466074262, 35.0680843481639], [136.69492674415568, 35.068133593508705], [136.69491309193444, 35.067857323330216], [136.69490509448335, 35.06765693909944], [136.69490829921355, 35.06761572204388], [136.69491593169636, 35.06752088665541], [136.69477247078967, 35.067512481257424], [136.6947803534316, 35.067452293622814], [136.69448501359685, 35.06744243269161], [136.69448622982634, 35.06758574148951], [136.69421771452434, 35.06759305164297], [136.6942136534199, 35.06810872732112], [136.69370462365356, 35.068102340601], [136.69369787405046, 35.06830125980198], [136.69457632858163, 35.06826039161975], [136.69460514841933, 35.068345793887744], [136.69514445328596, 35.06827108557258]]]}}, {"type": "Feature", "properties": {"rowId": 128, "city_name": "桑名市", "town_name": "霞町一丁目", "households": 65, "population": 148, "e_stat_code": "24205100001"}, "geometry": {"type": "Polygon", "coordinates": [[[136.6728982877704, 35.06448877683231], [136.6727653771883, 35.064158092487425], [136.67269582899198, 35.06387184637471], [136.67264210650765, 35.0637185464397], [136.67261625870088, 35.06364270073916], [136.6725903132656, 35.06354967180627], [136.6719111556699, 35.063688084905884], [136.67066610484673, 35.06394350072122], [136.66932040604968, 35.06422030465745], [136.6690490263692, 35.064279619818684], [136.66909486538287, 35.064454303562925], [136.66924885687956, 35.06442648235315], [136.66926806411755, 35.064491731116874], [136.66952946363608, 35.06444803449593], [136.66982827998038, 35.0644079332705], [136.66985675807783, 35.064465384552335], [136.6705336420664, 35.06436178393001], [136.67052850108064, 35.06430413402918], [136.6709391492873, 35.06422883403898], [136.67099679307134, 35.0644168331474], [136.6718532796304, 35.064275681562854], [136.67191173543335, 35.06456741214124], [136.67172493111696, 35.06458379813578], [136.6717782115944, 35.064814075600886], [136.67224487886702, 35.064723108827735], [136.67290380194456, 35.06471178362825], [136.6728989407202, 35.064568212909165], [136.6728982877704, 35.06448877683231]]]}}, {"type": "Feature", "properties": {"rowId": 129, "city_name": "桑名市", "town_name": "霞町二丁目", "households": 55, "population": 121, "e_stat_code": "24205100002"}, "geometry": {"type": "Polygon", "coordinates": [[[136.6719111556699, 35.063688084905884], [136.6725903132656, 35.06354967180627], [136.67276626696506, 35.063500385414955], [136.6725297857438, 35.06282835920954], [136.67165811988153, 35.06304375583182], [136.67045566652962, 35.063374922646474], [136.6695634014419, 35.06363887211069], [136.6694819816579, 35.063439101527905], [136.66902137724244, 35.06360037948364], [136.6691602996373, 35.06389835783776], [136.66849428496667, 35.06410562738084], [136.6686562441321, 35.06431910939299], [136.6687934270896, 35.064330889378496], [136.6690490263692, 35.064279619818684], [136.66932040604968, 35.06422030465745], [136.67066610484673, 35.06394350072122], [136.6719111556699, 35.063688084905884]]]}}, {"type": "Feature", "properties": {"rowId": 3, "city_name": "桑名市", "town_name": "片町", "households": 24, "population": 63, "e_stat_code": "242050030"}, "geometry": {"type": "Polygon", "coordinates": [[[136.69656764540647, 35.0655388149532], [136.6964826831717, 35.06475941328256], [136.69647359577883, 35.06468305462593], [136.69619814127722, 35.06469392961383], [136.6961919774156, 35.06463389281683], [136.69610763206964, 35.064636700341495], [136.69610168913903, 35.06459743660206], [136.6960371018978, 35.064606962067316], [136.69603074493213, 35.06451924871846], [136.69600731494137, 35.06441297109194], [136.69601769182705, 35.06430889306564], [136.69595600388607, 35.063999446176354], [136.69571235880798, 35.06312221793497], [136.69564769156418, 35.06312723643344], [136.69525638063598, 35.063236946118984], [136.6956787319109, 35.06479402300809], [136.6957961296366, 35.06532900383301], [136.69603037319757, 35.065306464093204], [136.69605974787677, 35.065451934449], [136.6960834314257, 35.065592931303584], [136.69656764540647, 35.0655388149532]]]}}, {"type": "Feature", "properties": {"rowId": 122, "city_name": "桑名市", "town_name": "上之輪", "households": 30, "population": 58, "e_stat_code": "242050950"}, "geometry": {"type": "Polygon", "coordinates": [[[136.68601572579644, 35.0923201635073], [136.6886992011608, 35.09124789530838], [136.69130930515186, 35.08941983055066], [136.6925478113089, 35.0884330890084], [136.69279189104395, 35.08823859026343], [136.69466990207061, 35.086742099919675], [136.6946848901871, 35.08531816327763], [136.69472035652464, 35.084717235409606], [136.69478584979595, 35.084514952362056], [136.69484984401416, 35.08431746674626], [136.69495113583295, 35.08416927625821], [136.6951200445892, 35.08392231487827], [136.694766138713, 35.083787576494764], [136.6883157702549, 35.08133262198006], [136.68655449162029, 35.08060116344482], [136.68598735698933, 35.08043281542258], [136.68563859101667, 35.08038126306451], [136.6853048296423, 35.080326173617884], [136.68502720128302, 35.08033964314473], [136.6848204145495, 35.08034221795556], [136.68472318160627, 35.080357978285925], [136.68456091835853, 35.080362697017186], [136.68443109207823, 35.08036342900224], [136.68432446949987, 35.08036790342721], [136.68398331983389, 35.080602298052376], [136.68374827029368, 35.08077517774871], [136.68355085424975, 35.081012634929], [136.68340882264556, 35.08121928713429], [136.68333096470232, 35.08133409545958], [136.68329460184862, 35.081421908173745], [136.68325008850465, 35.08164709588074], [136.6829943058777, 35.08155325024566], [136.681575399831, 35.081000853961235], [136.68101280551147, 35.080821046616336], [136.68085492523025, 35.08134800693398], [136.68083902452437, 35.081388097467325], [136.68049591597443, 35.081393823564994], [136.6801250380003, 35.08140343788719], [136.6797488723481, 35.081333217706096], [136.67941087311473, 35.081267994763785], [136.67909025603186, 35.0820746053094], [136.67889456404407, 35.08256332144684], [136.67874771026095, 35.0829186622004], [136.67863498930055, 35.08319549890397], [136.6783428896737, 35.08391983189213], [136.67816547395623, 35.08442337526368], [136.67811416428174, 35.08462648561181], [136.67805631698528, 35.08495019988107], [136.67802035013955, 35.08536083652846], [136.67802157978926, 35.08569048859507], [136.67805681391897, 35.086106996430345], [136.67816017070248, 35.08652446120907], [136.67832423891693, 35.08696884058155], [136.6786517507276, 35.08759027031032], [136.6781214605125, 35.08915927161823], [136.6776289076685, 35.09072439753968], [136.67769712308174, 35.09081923112345], [136.67775453559594, 35.09090785717092], [136.67780699410648, 35.09102946967786], [136.67783804184467, 35.09112134213402], [136.67783288658848, 35.09122834625507], [136.67777030386569, 35.09134813622274], [136.67779833588597, 35.091422277912216], [136.67781854195152, 35.09150836509032], [136.67804320282244, 35.091591620232194], [136.6781642034483, 35.09158347872491], [136.67827860913616, 35.091508189753455], [136.6800786074254, 35.09336881273691], [136.68078322157675, 35.093311410664754], [136.68134662727715, 35.09322796587686], [136.68180174204898, 35.09317188763563], [136.68210143787726, 35.09309682131692], [136.68461892157123, 35.09287827635263], [136.68601572579644, 35.0923201635073]]]}}, {"type": "Feature", "properties": {"rowId": 193, "city_name": "桑名市", "town_name": "上深谷部（西部）", "households": 132, "population": 352, "e_stat_code": "24205129001"}, "geometry": {"type": "Polygon", "coordinates": [[[136.6540794628141, 35.11267362933779], [136.65429012434092, 35.112218673623815], [136.6544916294663, 35.111877925900615], [136.65461283130728, 35.11170332160794], [136.65477554793807, 35.111458139376694], [136.6549599532909, 35.11121396601198], [136.65523416351488, 35.11086134701975], [136.65549730875804, 35.11054526619683], [136.65639217368044, 35.10965448189862], [136.65738235049014, 35.10874063790729], [136.6589557518618, 35.1072330388301], [136.65996011141326, 35.106241210349], [136.66050459004154, 35.10568893480604], [136.6606286699032, 35.105560368034126], [136.6609139635056, 35.10526429774088], [136.660212058239, 35.105241923678925], [136.65981375730868, 35.10524409142923], [136.65955350911346, 35.10525621166203], [136.65869342706108, 35.10530039508629], [136.65860597816385, 35.105274178643675], [136.658524505366, 35.10517623857265], [136.65847635955043, 35.10501832590314], [136.65847329958515, 35.10496277753393], [136.65797298936968, 35.104907745717945], [136.65744103297882, 35.104801613168654], [136.65748900998705, 35.10461324890488], [136.65768178261908, 35.104629246847054], [136.6578147088606, 35.104161469873766], [136.65785595811525, 35.10411201876528], [136.6578947168771, 35.10407765312105], [136.65785766288403, 35.10399876675278], [136.65727486183297, 35.10388326191299], [136.6570816104609, 35.10380733446597], [136.65703850386797, 35.103791089201884], [136.6568135668753, 35.10381949102344], [136.65653196658369, 35.10376538035472], [136.65675902933654, 35.103350476497276], [136.6568468438025, 35.103262393209235], [136.65712220193674, 35.10302469628744], [136.65656067029266, 35.10280322372991], [136.65695610745746, 35.10197020981987], [136.65697051608572, 35.101939849096716], [136.65436571160535, 35.10254782368078], [136.65423995073013, 35.10258448923452], [136.65410728396148, 35.102583021652485], [136.6539474802245, 35.102509796511136], [136.6538619869357, 35.102438353720366], [136.65359332471238, 35.10202359170927], [136.6534028308737, 35.10176094759396], [136.6533277907793, 35.10166761585184], [136.65318508136488, 35.10157795959453], [136.6530892851281, 35.101541431475226], [136.6523797638592, 35.10141454161683], [136.65213236356686, 35.10133305253899], [136.6518844861364, 35.10119712712083], [136.65148797163937, 35.10105545020539], [136.6509062151262, 35.100975754214765], [136.65060234466836, 35.10096970836601], [136.6505382010822, 35.10098005276723], [136.6503112556782, 35.100722599412194], [136.65021960762013, 35.100636327384535], [136.65011798084785, 35.10056137675161], [136.64998809692275, 35.100488901494394], [136.64949260286102, 35.10024830856136], [136.64940184818656, 35.10021499061047], [136.64931120081872, 35.100195193588206], [136.64826717909082, 35.099849147199414], [136.64801462663726, 35.09972732433124], [136.64788425008865, 35.09968449775317], [136.64775095198058, 35.0996023901169], [136.6475719089251, 35.099446439636615], [136.64743278008467, 35.0992990085061], [136.6473462699875, 35.099265736774996], [136.64691866388102, 35.09921569314366], [136.64641213630335, 35.09908444724295], [136.64622054528755, 35.09901567827573], [136.64593798927652, 35.09885372756133], [136.64580695466205, 35.098721604943314], [136.64566227510352, 35.09854356629552], [136.6454838755699, 35.09846824621929], [136.6453066649845, 35.09837003145123], [136.64493522748285, 35.098096224240926], [136.64485951648075, 35.09807937346601], [136.64473721589795, 35.098098333925705], [136.64462069849154, 35.098144659352464], [136.64447102365165, 35.098218626671404], [136.64427982830728, 35.098368310006755], [136.64381770956348, 35.09883240116723], [136.64382453731307, 35.09885623840113], [136.6438215924589, 35.09889048110318], [136.64380158239126, 35.09893382773046], [136.64375230509148, 35.099004021932394], [136.64367999421708, 35.09907659147558], [136.6435638806124, 35.09916868941979], [136.6433842436574, 35.09929070345482], [136.6432958480887, 35.09936068200154], [136.64322212100438, 35.09938924321958], [136.64311829708976, 35.09941007648654], [136.64302193136095, 35.09942030691298], [136.64262950270358, 35.099468515803366], [136.64246478452637, 35.09951516571009], [136.64237890341596, 35.09956189004892], [136.64219492090862, 35.1000205560267], [136.64240130653968, 35.10023327303324], [136.64253311828062, 35.100366381185886], [136.64258303649208, 35.10044886584458], [136.64259149680487, 35.10056586776087], [136.64262632494658, 35.10063610803405], [136.64267169920925, 35.10067988248434], [136.6429487854506, 35.10088701159878], [136.64310211647984, 35.101032259415284], [136.6430652969321, 35.10139598867581], [136.64307729393119, 35.101559662370434], [136.64311357340958, 35.10167299536484], [136.64324505705102, 35.10203667604223], [136.64316374475555, 35.10219640811316], [136.64336161324658, 35.102278107193975], [136.64341005669127, 35.102925054715776], [136.6434167090485, 35.103013613897886], [136.64339024332554, 35.10318981714254], [136.64335222007017, 35.103263964765816], [136.64328616806864, 35.10331537428414], [136.6432136488577, 35.10336153564817], [136.6431260199343, 35.10339369154361], [136.6430361813836, 35.10341705703945], [136.64293661081575, 35.103434275573164], [136.64287250547272, 35.10346102515075], [136.64281923895547, 35.103503562910056], [136.6427852896268, 35.103545364364656], [136.6431361377436, 35.10367209958635], [136.6430687628546, 35.104018105183535], [136.64306978282625, 35.10414768236629], [136.64309856200498, 35.10420577082084], [136.6430991665186, 35.10420619016441], [136.64315958162365, 35.104255167227144], [136.64323773271636, 35.104379757307726], [136.6432918887254, 35.104449895103244], [136.6433792838602, 35.104524222739656], [136.64355167052398, 35.104634227066974], [136.6436207400915, 35.1046936512424], [136.64367746749863, 35.104818354739955], [136.64382876842168, 35.10511242137222], [136.64369532734398, 35.1054537774437], [136.64353098517904, 35.1059572053071], [136.64351842486812, 35.10613065959547], [136.6435318462517, 35.10620277418607], [136.6435603367726, 35.10627832941883], [136.64365073674406, 35.10646180037383], [136.64374948885518, 35.10675346932489], [136.64386243154007, 35.10680132149791], [136.64387880360698, 35.10711188069754], [136.6439015321842, 35.107271976689745], [136.64392264275565, 35.10736778359225], [136.643963998238, 35.10745031331039], [136.64402266332112, 35.10754859661951], [136.64409937963597, 35.10762650140976], [136.6442029941074, 35.10771398171593], [136.64430019466676, 35.10777072023428], [136.64434542109112, 35.10783294671496], [136.6443672338958, 35.107882057840314], [136.6443744372334, 35.10798061476103], [136.64437973555232, 35.10810911251806], [136.64441536263837, 35.108274422067865], [136.64441161944134, 35.10834303611132], [136.64440017411835, 35.10839154954946], [136.64425308916455, 35.10882861633043], [136.64422908827277, 35.108947480911546], [136.6442498616654, 35.109049769120965], [136.64429556294482, 35.109156008755846], [136.64437118524452, 35.10925800443023], [136.64450183631416, 35.109388439971944], [136.64457080920857, 35.109500541677846], [136.64459469472584, 35.10954090949301], [136.6446379341209, 35.10958469438609], [136.6447627394901, 35.10964205995284], [136.6449821606223, 35.10973772602369], [136.6450489803186, 35.10978314571305], [136.64513972826998, 35.10987421523781], [136.64521006103033, 35.109957434371445], [136.64531883654493, 35.11016108721006], [136.64541796874957, 35.11035859391862], [136.64545906529628, 35.11040767229556], [136.6455302806085, 35.11046708388895], [136.6457994124641, 35.110611779455034], [136.64609320465527, 35.110758948955024], [136.64625003956945, 35.11079684582175], [136.64640670577887, 35.11081889664914], [136.64695910140605, 35.11086263645004], [136.64716088643252, 35.11089493958433], [136.64735856580424, 35.11095550613056], [136.64752202536624, 35.11101801471534], [136.64780943631104, 35.111170498487716], [136.64816033875562, 35.11135348749857], [136.64840578726506, 35.111460840007155], [136.64847441657577, 35.111490896313086], [136.6488303224612, 35.111623643795184], [136.64929373153282, 35.111803350915785], [136.6494893868314, 35.11187272750148], [136.64965911977887, 35.111921115750356], [136.64995985275414, 35.11195865882376], [136.65017205050881, 35.111985197484344], [136.65020843225352, 35.11197972093104], [136.65022334569977, 35.11196907658752], [136.65029598146248, 35.11193171361058], [136.65036014494703, 35.111912072767204], [136.65043088989137, 35.11191697547392], [136.65064781741225, 35.11196151673443], [136.65093761721522, 35.11200925727169], [136.6509891906096, 35.1120283476516], [136.6510757898738, 35.11212999872238], [136.65113384760866, 35.11215609614975], [136.65122834344393, 35.11217319403074], [136.65160710824063, 35.11222130038272], [136.65194001414997, 35.11229521656925], [136.6522986286415, 35.11236899396303], [136.65255202413195, 35.11241868712676], [136.653001858841, 35.112506900619636], [136.65336260483127, 35.112578902111764], [136.6534249773346, 35.112603214499025], [136.6536468488389, 35.11260110278654], [136.6537796292978, 35.11258277960705], [136.65383971855303, 35.112589568281074], [136.65394394719635, 35.11261802086362], [136.6540794628141, 35.11267362933779]]]}}, {"type": "Feature", "properties": {"rowId": 194, "city_name": "桑名市", "town_name": "上深谷部（東部）", "households": 155, "population": 305, "e_stat_code": "24205129002"}, "geometry": {"type": "Polygon", "coordinates": [[[136.66109766007008, 35.10831056385102], [136.66193415234144, 35.106977794510655], [136.66280196447755, 35.10588619379609], [136.66289944113439, 35.10581164544295], [136.66313964503524, 35.10568955367817], [136.6632531169704, 35.1056535101723], [136.6633902927965, 35.105639872160566], [136.66440415656146, 35.105632701834885], [136.6648946141648, 35.10565578902987], [136.66517939206125, 35.10570415762664], [136.66532095413464, 35.10574521312155], [136.66537503097345, 35.105645125072336], [136.66848684811214, 35.1060697827152], [136.66856903983913, 35.105724391359765], [136.6682302030634, 35.105672948316396], [136.66568743765058, 35.105286781499444], [136.66503006319553, 35.105123623284825], [136.66451387703546, 35.10503454901301], [136.66414653668693, 35.105002335048425], [136.66367345034544, 35.104986403911354], [136.66349288173816, 35.10498027853853], [136.66288592744388, 35.104936554200336], [136.661650379785, 35.10491231474644], [136.66128823200302, 35.10487583827323], [136.6609139635056, 35.10526429774088], [136.6606286699032, 35.105560368034126], [136.66050459004154, 35.10568893480604], [136.65996011141326, 35.106241210349], [136.66003705914454, 35.106298680484976], [136.65984632398428, 35.106477329116906], [136.65944952804628, 35.10717760538768], [136.65912882041167, 35.1077652814481], [136.65892458446385, 35.107715545802826], [136.6584856101475, 35.10814942219926], [136.65841824479344, 35.108319088151624], [136.65837539175973, 35.1084358735141], [136.6584988512522, 35.108575348255975], [136.65857637873603, 35.108640632594806], [136.65857986650983, 35.108701390009145], [136.6585974002769, 35.10884615798455], [136.65860249725208, 35.108952541740464], [136.65861555388437, 35.10909979943842], [136.6586561891544, 35.10927197784241], [136.65869602278383, 35.10943479356674], [136.65873500980308, 35.10958831838306], [136.65876188231002, 35.10964211804966], [136.65881528388772, 35.10971253343768], [136.6591037604302, 35.109713430420385], [136.65946160255956, 35.109707750858966], [136.66060806058465, 35.10917593147278], [136.66109766007008, 35.10831056385102]]]}}, {"type": "Feature", "properties": {"rowId": 226, "city_name": "桑名市", "town_name": "萱町（南部）", "households": 27, "population": 69, "e_stat_code": "242051510"}, "geometry": {"type": "Polygon", "coordinates": [[[136.69686791210694, 35.03264296389047], [136.69702255453268, 35.03260418824852], [136.69722039868805, 35.032707211368965], [136.69744400477464, 35.03253225935187], [136.69773033021346, 35.032287578461755], [136.69796713027256, 35.0320085311398], [136.69802150603616, 35.031788351811784], [136.6981465017519, 35.0315967108573], [136.69798471966226, 35.031183962795055], [136.69503700501403, 35.03197617003573], [136.69483249009548, 35.03149992641791], [136.69454900447408, 35.03166655323289], [136.69419886645335, 35.03185370231603], [136.69414569858452, 35.03188421788989], [136.6940937462054, 35.03183564007111], [136.69398784273426, 35.031735536267895], [136.693924027741, 35.03168160337328], [136.69386188569518, 35.03172907212135], [136.69401677439384, 35.03187108100821], [136.69408013467537, 35.03192184786276], [136.69397482141508, 35.03198224031856], [136.69372956365117, 35.032093503975126], [136.69367935503004, 35.031978151810335], [136.69357466843908, 35.032077133368375], [136.69281416193047, 35.031531380421455], [136.6923623019875, 35.03114570123056], [136.69186551638973, 35.03178630150336], [136.6912346269077, 35.0322780084109], [136.69278468276698, 35.03348760915856], [136.69273584693923, 35.0335342273478], [136.69259272557673, 35.033665188922576], [136.69251615278108, 35.03375823391843], [136.6925485936929, 35.03385347575858], [136.6931512167467, 35.033572353328005], [136.69345964409973, 35.03344326491466], [136.69365631828123, 35.033413197135495], [136.6938462583635, 35.033412112799084], [136.69392679932164, 35.03336834141089], [136.6940809612606, 35.033297951325025], [136.69419674686785, 35.03326545831178], [136.69443572099058, 35.033240993471175], [136.69473786027626, 35.03319870161469], [136.69500451753, 35.033122032614465], [136.69515122146476, 35.0330054150215], [136.69537458204536, 35.03279581881556], [136.69548197712552, 35.033020917563576], [136.6967628237615, 35.03266934209027], [136.69686791210694, 35.03264296389047]]]}}, {"type": "Feature", "properties": {"rowId": 34, "city_name": "桑名市", "town_name": "萱町（北部）", "households": 66, "population": 166, "e_stat_code": "242050340"}, "geometry": {"type": "Polygon", "coordinates": [[[136.69250934328406, 35.05980814469272], [136.69242833604432, 35.05960747223842], [136.69238285556142, 35.05962773173611], [136.6922531107859, 35.059390927730085], [136.69228389903867, 35.05938054058146], [136.69208187319728, 35.05892667427591], [136.6923907691176, 35.05883667084944], [136.69229391264312, 35.05860975015686], [136.69275504969278, 35.058454367845044], [136.69256421962353, 35.05810403499174], [136.6924201278158, 35.05815577346916], [136.6922060600387, 35.057746203518654], [136.69215762577232, 35.05763450347929], [136.69218586430142, 35.05762659576596], [136.6920438236224, 35.05730260414911], [136.69181131993167, 35.05738653811864], [136.6917396773071, 35.057280251447686], [136.69150085625463, 35.05735633318013], [136.69112086680784, 35.05661318552486], [136.69141742571603, 35.0565232547442], [136.69120769371685, 35.05613408156052], [136.6905704008991, 35.056214047902486], [136.69060825602864, 35.05629531518508], [136.69043115291183, 35.05634723902765], [136.69041612637952, 35.05652050007856], [136.69041687032228, 35.05660873865351], [136.69050479977656, 35.056757610650905], [136.69042635979815, 35.05677939544338], [136.69052547112904, 35.057005108741684], [136.69060298807065, 35.05698072285149], [136.6906977601755, 35.05717413495221], [136.6907486765345, 35.057275750658846], [136.69096107963873, 35.057737940860925], [136.69104962690966, 35.0579547686975], [136.69113325830773, 35.05811669387758], [136.69118784536153, 35.05809997415159], [136.6913367726163, 35.05839272916223], [136.69122475989735, 35.05842998783871], [136.69147033609855, 35.05887924074595], [136.69161557054684, 35.059206101647], [136.69172029034036, 35.05938544216935], [136.69181299578324, 35.05960224570958], [136.69189701913493, 35.05977494314249], [136.69198525504936, 35.059954376227765], [136.69206479439737, 35.060082871518375], [136.69212369767075, 35.06019169543283], [136.69218228001995, 35.06030298547706], [136.692128953411, 35.060347375006494], [136.69223590067116, 35.06049078551658], [136.69249665875535, 35.06030844710138], [136.69239993059787, 35.06018850111759], [136.6926421279252, 35.060115427231665], [136.69250934328406, 35.05980814469272]]]}}, {"type": "Feature", "properties": {"rowId": 172, "city_name": "桑名市", "town_name": "嘉例川", "households": 89, "population": 262, "e_stat_code": "242051220"}, "geometry": {"type": "Polygon", "coordinates": [[[136.6251113248878, 35.09891279178313], [136.6253620781234, 35.098854730965535], [136.6255631692722, 35.09887432480902], [136.6257079110676, 35.098909703814215], [136.6258968841804, 35.098986194031625], [136.6260011727322, 35.09907072814708], [136.62615315581652, 35.09924030008394], [136.6263055780435, 35.099461421713286], [136.62645103501706, 35.0995896875798], [136.6267024198961, 35.099614230564896], [136.6269092570236, 35.0995615347853], [136.62702200313157, 35.09951968019053], [136.62714773361697, 35.09953966285397], [136.6273362773885, 35.09955417704618], [136.62746165239483, 35.09952775013843], [136.62759272932075, 35.099423754819185], [136.62771061981925, 35.099237359444544], [136.62777770396494, 35.098973759761265], [136.62777671381423, 35.098844815510176], [136.6278327481234, 35.09878254978816], [136.62803312603404, 35.09870925232136], [136.62825239403983, 35.09863578482235], [136.62830830945734, 35.09855809633685], [136.62828496464732, 35.09838018173199], [136.6282642097454, 35.09813253226728], [136.62831208413584, 35.097822552006875], [136.62842387125144, 35.09766196380141], [136.62833108209253, 35.09702762953009], [136.62849456623204, 35.09664739626287], [136.62861237194352, 35.09645064842371], [136.62836713267413, 35.096405442893314], [136.6281674243945, 35.09575095803713], [136.62830523093083, 35.09570383156973], [136.62834213484848, 35.095605537429044], [136.6283345309686, 35.09543007565391], [136.628308193735, 35.09527548786852], [136.62825037882922, 35.09510535756082], [136.62822416175283, 35.09496098082027], [136.62817927489112, 35.094432179730696], [136.62824603640192, 35.09413245510411], [136.62873355749252, 35.093420248581275], [136.6302515667242, 35.091247060534855], [136.63039098693577, 35.09126034897905], [136.63049466566278, 35.09052069791133], [136.6307914328746, 35.087873845624145], [136.63079243249047, 35.08786440345704], [136.6310616250998, 35.08531481019909], [136.63024847575315, 35.0849366352111], [136.6297774307332, 35.08465231379709], [136.62954354769826, 35.084480916833414], [136.6293481363476, 35.084432634583294], [136.62911458538738, 35.084304335783465], [136.62896268047314, 35.08405849550059], [136.62894632142132, 35.08388582794094], [136.6287345950281, 35.083665017123856], [136.62900028030592, 35.08342574156452], [136.62861036016815, 35.083116767602], [136.62850655860063, 35.08327766385867], [136.62792141848718, 35.08327457110023], [136.6276906316407, 35.08301984167833], [136.62748678608617, 35.08284821544117], [136.62743280530648, 35.08265736027902], [136.62747683608595, 35.082527620171824], [136.62760378866338, 35.082452945648406], [136.62779070749502, 35.08237183384341], [136.6278877720492, 35.08230963777328], [136.62796942128074, 35.08219815397163], [136.62797510659234, 35.082084810258856], [136.62797592612523, 35.08206867862619], [136.62796606832273, 35.08176033748704], [136.62796342462124, 35.08141512652493], [136.6279770938187, 35.08124230304288], [136.6280717538917, 35.080765948301995], [136.62807460131037, 35.08075163776254], [136.6281111783533, 35.08062813351281], [136.62835607148764, 35.08028149833036], [136.62853374043027, 35.079972184113856], [136.62853414757936, 35.0790472169888], [136.62844102776072, 35.07832112166761], [136.62840253262334, 35.07802116988837], [136.62809476030301, 35.07799818751859], [136.62814231106594, 35.07735038359895], [136.62748951827209, 35.077322989846245], [136.62751268441284, 35.07692503956553], [136.62844340362236, 35.07699423342883], [136.62985457378144, 35.07711642025353], [136.62982791747424, 35.07657393507794], [136.62961582761434, 35.07630368932873], [136.62950216682313, 35.07614469742783], [136.62936574660876, 35.07597807629542], [136.62926698269396, 35.075812104057036], [136.62923883942483, 35.075666752311605], [136.62923183396973, 35.075630379003336], [136.62819628950334, 35.07558032582917], [136.62778212648527, 35.075372816546185], [136.6263175776779, 35.07513362374563], [136.62626256665845, 35.07480713615955], [136.62546022837824, 35.074848252422036], [136.62550510432558, 35.075480225821096], [136.6254593129776, 35.07590061690609], [136.62526415711827, 35.076937715787516], [136.6252066173028, 35.077194148163336], [136.6237104380026, 35.07748968358418], [136.62334029543902, 35.07761243705746], [136.623482246536, 35.07786502554944], [136.62363108921082, 35.07810018397031], [136.62367451138618, 35.07828419258337], [136.62364563563304, 35.078632594377545], [136.6235429716865, 35.0789439106033], [136.62334950588433, 35.07928449674589], [136.6231216111413, 35.07970012243815], [136.62220896202797, 35.08077260256771], [136.62198777930178, 35.081153612976934], [136.62185037448333, 35.08149968461512], [136.62176886751618, 35.081833989955825], [136.62183475892954, 35.08221352666619], [136.62187582366266, 35.08255009035478], [136.6218911392728, 35.0827226244851], [136.62173178176533, 35.08294218435002], [136.62142519805803, 35.08314524399558], [136.62111861078145, 35.083342458739715], [136.6207375805525, 35.0834222318798], [136.6203038807527, 35.0834819205961], [136.61998245675656, 35.08356990713842], [136.61978006932353, 35.08366298891342], [136.61932616315775, 35.08382651441696], [136.6187337458848, 35.084197937857944], [136.61821131845787, 35.08456329697599], [136.61812618733802, 35.08441407709845], [136.6170333758936, 35.084825371440026], [136.61687014504218, 35.084532739297686], [136.61637437746464, 35.084719426202454], [136.61636947515635, 35.085001505308746], [136.61563759640762, 35.08498501543542], [136.61482477823074, 35.08491435264688], [136.61408889151613, 35.084865970304854], [136.61423846912396, 35.08508141939764], [136.6143550930101, 35.085283653984675], [136.61441372977464, 35.08542526436531], [136.61440692517766, 35.08561453279793], [136.61441146584676, 35.08563190436493], [136.61444922108035, 35.08577650809372], [136.61452390217087, 35.085864020458466], [136.61460722221682, 35.08601219588531], [136.6146246351966, 35.086140493573474], [136.61471582408393, 35.08624144374017], [136.61479066673343, 35.0863559985459], [136.61492282653336, 35.08643638749859], [136.61492353737205, 35.08653103601378], [136.61492450104345, 35.08665934753295], [136.61498279139832, 35.08676046478293], [136.61501067767045, 35.08685131283934], [136.61480488437851, 35.08769613086358], [136.61510763745773, 35.08791960330471], [136.61508842639157, 35.08809400545321], [136.61515827591293, 35.08827929259231], [136.61522055387874, 35.08837461501021], [136.6154880667847, 35.0884576255389], [136.61569027948826, 35.08850434556129], [136.61584986552822, 35.08879608333804], [136.61620305806767, 35.089351072642884], [136.6166049563659, 35.0900183529899], [136.61657204582676, 35.090034295995174], [136.61589245104597, 35.090362277635116], [136.61615506753455, 35.09070412550955], [136.61554284753407, 35.091196558863054], [136.6172311936149, 35.09320446164704], [136.61817685761713, 35.09246840469115], [136.6182878016618, 35.09265904315574], [136.6184671626905, 35.092849473820365], [136.61861242352404, 35.09305113422536], [136.61871813623895, 35.09311644235346], [136.61881843690946, 35.093145719565435], [136.61905467341492, 35.093174582545004], [136.61922499577395, 35.09320040246898], [136.61932650394158, 35.093236433931565], [136.61940787511114, 35.09328918937847], [136.61962379190888, 35.09345773938152], [136.6199047608847, 35.093662646929985], [136.61997013400762, 35.093735554665805], [136.6199947262967, 35.0937752196927], [136.62007991299788, 35.09390147888204], [136.62017000052845, 35.09404722022338], [136.62039002816277, 35.09418109877798], [136.620602882848, 35.09433515430643], [136.6206446279464, 35.09436543447424], [136.62094086600612, 35.09462822182655], [136.62145915633087, 35.09528369201316], [136.62173501502966, 35.095563557632396], [136.62197043357725, 35.09592229573403], [136.6221483035655, 35.096189915270834], [136.62236981260895, 35.09641582922116], [136.6224453293905, 35.09643607586341], [136.6224990827168, 35.09648488558532], [136.6226317782526, 35.09659251767614], [136.62270143406496, 35.09666448710822], [136.62275924066347, 35.096834479731534], [136.62281059700726, 35.0969787994446], [136.6228368858161, 35.09713346061804], [136.6228376339933, 35.0972314899263], [136.62282925238316, 35.09736837107045], [136.62288710083484, 35.0975435044257], [136.62296391810375, 35.09773417509698], [136.62349892555164, 35.098712098494566], [136.6240178463395, 35.099641015344716], [136.62406505692903, 35.09964605286764], [136.62429441972017, 35.09967057381268], [136.6245877897717, 35.0994367920688], [136.62473106803822, 35.09928632626416], [136.6247926129208, 35.09912085920445], [136.62486112206517, 35.09904824736117], [136.6251113248878, 35.09891279178313]]]}}, {"type": "Feature", "properties": {"rowId": 5, "city_name": "桑名市", "town_name": "川口町", "households": 34, "population": 55, "e_stat_code": "242050050"}, "geometry": {"type": "Polygon", "coordinates": [[[136.69682515747448, 35.06799200595224], [136.69686033829848, 35.06766228537102], [136.69678049375264, 35.06703736818237], [136.69673472365508, 35.06678212777078], [136.69627663550725, 35.066817151213726], [136.69622964203495, 35.06657931262147], [136.69594304979063, 35.06661095646756], [136.69598120995954, 35.06696328613466], [136.69606180175526, 35.06751087334433], [136.69622196143735, 35.06749375690102], [136.69624068335582, 35.06771098213095], [136.69611703484594, 35.06772563460952], [136.6961624041715, 35.06809989546848], [136.6964795073517, 35.06801948329579], [136.69682515747448, 35.06799200595224]]]}}, {"type": "Feature", "properties": {"rowId": 187, "city_name": "桑名市", "town_name": "川崎町", "households": 23, "population": 58, "e_stat_code": "242051283"}, "geometry": {"type": "Polygon", "coordinates": [[[136.6655447328136, 35.1006821500959], [136.66564173634032, 35.10056098081571], [136.66579338096605, 35.10037810065097], [136.665996396299, 35.100126837563394], [136.66608560052913, 35.10001627337384], [136.66620264133377, 35.09989879602241], [136.66633386385044, 35.09973905680459], [136.66650464761614, 35.099491984161354], [136.66665540052065, 35.0992685432294], [136.66686508063108, 35.09893667624886], [136.66617297846278, 35.098806671385894], [136.6660901874249, 35.09877325170677], [136.66560978286498, 35.09854320520388], [136.66552172876777, 35.09853692753058], [136.66546953444293, 35.0985462282289], [136.66545358966755, 35.098614134729985], [136.66543301850942, 35.09879263346252], [136.66540133230285, 35.09895316497181], [136.6652565987504, 35.09992856681215], [136.66533396158337, 35.09996877758475], [136.66530492520988, 35.10011802545957], [136.66500222816273, 35.10059371474446], [136.66509078960684, 35.10059872176994], [136.6655447328136, 35.1006821500959]]]}}, {"type": "Feature", "properties": {"rowId": 13, "city_name": "桑名市", "town_name": "北魚町", "households": 17, "population": 45, "e_stat_code": "242050130"}, "geometry": {"type": "Polygon", "coordinates": [[[136.6947698973923, 35.06673000253065], [136.69523496756364, 35.06667515533476], [136.6952177844623, 35.066310873880624], [136.6953001226662, 35.06630357124577], [136.69528601194335, 35.066190268058875], [136.69520522427263, 35.06565916078987], [136.69463047440686, 35.065693718969], [136.69467451193412, 35.06616904775162], [136.69473004419004, 35.066162392364596], [136.69476784774739, 35.06670557617306], [136.6947698973923, 35.06673000253065]]]}}, {"type": "Feature", "properties": {"rowId": 185, "city_name": "桑名市", "town_name": "北川原台", "households": 8, "population": 15, "e_stat_code": "242051281"}, "geometry": {"type": "Polygon", "coordinates": [[[136.66365981550368, 35.10044958317496], [136.66382354081793, 35.09940449875188], [136.66264249179451, 35.09926419076517], [136.6625114701334, 35.10006894624705], [136.6630289512822, 35.10011583874467], [136.66300875708822, 35.100304546673854], [136.66317713176136, 35.100324542413155], [136.6633327377262, 35.10034460774283], [136.66365981550368, 35.10044958317496]]]}}, {"type": "Feature", "properties": {"rowId": 45, "city_name": "桑名市", "town_name": "北寺町", "households": 27, "population": 63, "e_stat_code": "242050450"}, "geometry": {"type": "Polygon", "coordinates": [[[136.69146266840224, 35.067193753705226], [136.69185846931524, 35.06711065187397], [136.6919134986591, 35.067297527927025], [136.69221943757546, 35.06722873966452], [136.69220540524137, 35.06706353230825], [136.6921515094057, 35.067010738365425], [136.69227112610056, 35.06652440449891], [136.69243894005405, 35.06591884753743], [136.69270667203187, 35.06598675992236], [136.6928169190344, 35.06572478369565], [136.69272669002189, 35.06569529672856], [136.69276828439487, 35.06562562022177], [136.69280144468033, 35.06555613266549], [136.69286920358016, 35.06542052972762], [136.6929134890157, 35.06533464002138], [136.69296178222322, 35.065231544232404], [136.69269689799953, 35.06516593962681], [136.6926665064112, 35.06522858012275], [136.69225011994087, 35.0652055308255], [136.69170414493894, 35.06515314725129], [136.69147259995805, 35.06503889807777], [136.691181533202, 35.06503703318564], [136.69112244255965, 35.06536801581651], [136.69115075463097, 35.065388700551914], [136.6910562691783, 35.06602158666463], [136.6910329703299, 35.06625989670155], [136.69101873241522, 35.066572031743064], [136.69100205600805, 35.066762838595274], [136.69093569677267, 35.066791033561486], [136.69095109096799, 35.067052153542456], [136.69097897799753, 35.06735721706593], [136.69128335905972, 35.06727111597927], [136.69146266840224, 35.067193753705226]]]}}, {"type": "Feature", "properties": {"rowId": 41, "city_name": "桑名市", "town_name": "北鍋屋町", "households": 13, "population": 27, "e_stat_code": "242050410"}, "geometry": {"type": "Polygon", "coordinates": [[[136.6894018005498, 35.05996012459537], [136.68923382566382, 35.059790086182666], [136.6889629618005, 35.05949963967576], [136.6888632085098, 35.059482528796394], [136.68876346708973, 35.05934456814247], [136.68871335045915, 35.05927696301968], [136.68868217924975, 35.05920615118789], [136.6886546811666, 35.05911404956125], [136.68864264990168, 35.059017494416324], [136.68865279549823, 35.05890496840298], [136.68867898175864, 35.05869354432757], [136.68833599548023, 35.0587177425585], [136.68810839633397, 35.05873896318316], [136.68799236818785, 35.05843108717484], [136.68775855032396, 35.05849206163469], [136.6878137938714, 35.05863478291124], [136.6875700822624, 35.05869574261154], [136.68766472975244, 35.05894127182464], [136.68767072719902, 35.05895180164522], [136.68771423832936, 35.05902846013106], [136.6878302326207, 35.05937852015536], [136.688005549808, 35.05934745611467], [136.68866070661863, 35.060237578817585], [136.6890711776708, 35.06016116387409], [136.68921696720696, 35.06008160071406], [136.68927273173094, 35.060016493073974], [136.6894018005498, 35.05996012459537]]]}}, {"type": "Feature", "properties": {"rowId": 107, "city_name": "桑名市", "town_name": "北別所（南部）", "households": 533, "population": 1244, "e_stat_code": "24205087001"}, "geometry": {"type": "Polygon", "coordinates": [[[136.67489208741057, 35.077486516619125], [136.6749733957617, 35.07736303133502], [136.67532956354538, 35.077010544775796], [136.67564094098927, 35.076670490545744], [136.67607926882823, 35.07629909319929], [136.67572558946495, 35.0760489394901], [136.67547652000778, 35.0758362329183], [136.6754139801821, 35.075716435503026], [136.675371783048, 35.07522221513243], [136.67532703766724, 35.074922593632266], [136.67528845951867, 35.074664418777154], [136.67523877654972, 35.07407248918739], [136.67525299712767, 35.07392691167242], [136.6752788675334, 35.0737970446063], [136.67533910762032, 35.07363846417711], [136.67552732546582, 35.073131342330925], [136.67592002929024, 35.073160847735465], [136.67614332675274, 35.07317854945166], [136.67631997498614, 35.07313326768011], [136.67651496100478, 35.07251849696191], [136.67663527329086, 35.072176193451156], [136.67654254044191, 35.07166246592816], [136.6764684703771, 35.07159315708879], [136.6763773612114, 35.07151929559966], [136.67612860378898, 35.0715299770777], [136.6760828745996, 35.071474384504505], [136.67610984080133, 35.07131148171176], [136.67617052975675, 35.07112986985511], [136.6762200718628, 35.07096219325635], [136.6763819094424, 35.070700858943724], [136.67641543089402, 35.07056418816414], [136.6763936062999, 35.07040557130062], [136.67624565709548, 35.070294771331405], [136.67620435648024, 35.0700857685468], [136.6761794352695, 35.06981153068733], [136.6761892875256, 35.069671822109726], [136.67616501810264, 35.06943497644911], [136.6764984162852, 35.06940058369978], [136.67649603332308, 35.06911227619383], [136.6766936719876, 35.069073990512194], [136.6765958724527, 35.06887466817213], [136.67626283532903, 35.068947230741095], [136.67621586300908, 35.068793049285794], [136.6763273491081, 35.06876735704767], [136.6762960710843, 35.068667386596914], [136.67622366828164, 35.068509192774556], [136.67652243115415, 35.06841984878245], [136.67646489486015, 35.0682157249103], [136.67639360467638, 35.06818689555163], [136.67633693067137, 35.06808706710427], [136.67629460839066, 35.06787863234053], [136.67602093216095, 35.06793015808245], [136.6758991930452, 35.067943371419574], [136.67578258655465, 35.06796071171004], [136.67575685344696, 35.067915007542595], [136.6756409733706, 35.06748584774876], [136.6756206946627, 35.06741074588267], [136.67559037661405, 35.06740591436507], [136.67554444757906, 35.06739863492626], [136.67535613811026, 35.06733714473756], [136.6753099939785, 35.06728310295505], [136.67524705513105, 35.06704133155793], [136.67509463810717, 35.06702133310924], [136.67492339124684, 35.067185037697115], [136.6749039515291, 35.06728951592628], [136.6749826078155, 35.06759380870574], [136.67476962593582, 35.06761999274677], [136.67457804093462, 35.067639226859654], [136.67425677917535, 35.067601925042176], [136.6741718600688, 35.0677693747183], [136.6741834548864, 35.06794466969996], [136.6742505142161, 35.068073597538756], [136.67436312558524, 35.068189807671615], [136.674150108305, 35.06821190725888], [136.67423843062375, 35.068457623463644], [136.67431674359756, 35.068720155824685], [136.6743289910184, 35.06897460452596], [136.67433163476946, 35.06900966159921], [136.67418395918816, 35.06893160531554], [136.67407196584892, 35.06889053530049], [136.6738986512397, 35.06880381838143], [136.67367974377203, 35.06872995916541], [136.67355271040714, 35.06871390317947], [136.67329778627916, 35.068577705444866], [136.67278048977298, 35.068638954971206], [136.67263817553214, 35.068618827046606], [136.67237196618836, 35.06865171148809], [136.67215901208326, 35.06868204587851], [136.67189397767257, 35.06868611872773], [136.67185649384245, 35.068679776659074], [136.67182698664172, 35.068664516853644], [136.6718030909163, 35.06868556539601], [136.67177513869132, 35.06869783378174], [136.671601012695, 35.06873105151574], [136.67141768708387, 35.06866107706757], [136.67116905041254, 35.06867498779018], [136.6712054521291, 35.069426786956384], [136.67119481594884, 35.06955558305398], [136.6712247616815, 35.0697600736688], [136.67128198427542, 35.069838703881636], [136.6713786230106, 35.06990324174434], [136.67146373097447, 35.069935377874366], [136.67161633454091, 35.06992516759656], [136.6719377446223, 35.06980718663902], [136.67222515653822, 35.06968002751002], [136.6722743557528, 35.06947524035788], [136.67266405749396, 35.06941258708017], [136.67294631095217, 35.069345950941674], [136.6732005998799, 35.06932130064757], [136.6734722682407, 35.069347683236806], [136.67368767326414, 35.06940691270546], [136.67394318537868, 35.06953106307448], [136.67397768460535, 35.069595944493216], [136.67397271566327, 35.06968435569924], [136.67397317493973, 35.069740129909334], [136.67398486934644, 35.06978189812347], [136.67405263013129, 35.0697722253462], [136.6740590865247, 35.06986979883503], [136.67408304338477, 35.070027770505], [136.67400950909226, 35.070028178669546], [136.67403288879527, 35.07012108064679], [136.67377859802514, 35.07014580259556], [136.67381158387525, 35.07037569938791], [136.6734329915275, 35.07041498405408], [136.67312785247066, 35.070449212335056], [136.67318483044855, 35.07084179837441], [136.67263404974776, 35.07092161399906], [136.67268657045202, 35.07112126033987], [136.67271329618728, 35.07127224485896], [136.67290488108708, 35.0722220648788], [136.6733287147713, 35.072177883396286], [136.67385980752678, 35.07211444147319], [136.67391107423902, 35.07215606051715], [136.67427017533996, 35.07215174299003], [136.6744068931404, 35.07227183286], [136.67449750710261, 35.07228534417596], [136.6746953418146, 35.07227487854484], [136.67476468035153, 35.072451119679286], [136.67489168264515, 35.07257175649699], [136.67455379640586, 35.07265596107103], [136.67458324639367, 35.07249762299829], [136.6742912702191, 35.07254988043607], [136.67404323075914, 35.072590906405594], [136.67385286506928, 35.072577525810864], [136.67356058594066, 35.072598162255815], [136.6734102901461, 35.07303556178391], [136.673256311127, 35.07303014833914], [136.6727713170778, 35.0730074833857], [136.6727630996756, 35.07303414909846], [136.6727417736114, 35.073050183354454], [136.67263258761508, 35.073070155721155], [136.6726027238609, 35.07309496942433], [136.6725943760845, 35.07312149554798], [136.67272345739815, 35.073735310928726], [136.67296506634298, 35.07504359974973], [136.67222059423113, 35.075288154787245], [136.6721893830684, 35.07523762143459], [136.67192016132014, 35.07532918574757], [136.67205212804745, 35.075417965529375], [136.6721726058382, 35.07580301794139], [136.67239308177054, 35.07577890843325], [136.67287591224584, 35.07590137917456], [136.67288997154208, 35.07625715972225], [136.6733552358819, 35.07619626826379], [136.6736966728882, 35.076193036137376], [136.67367268256027, 35.07633324547417], [136.67397191584624, 35.0763751774357], [136.6739873541175, 35.07648143429448], [136.67380711095655, 35.076455179622215], [136.6737886323352, 35.076541553555934], [136.6736724296521, 35.076526423128584], [136.67367962267897, 35.07666667015938], [136.67379994069788, 35.07668755260252], [136.67382735023904, 35.076582818559906], [136.67400656241122, 35.07661379685742], [136.67402222634314, 35.07672160125729], [136.67405621066703, 35.076947618219975], [136.67402343532115, 35.077035057504446], [136.67389118622606, 35.07725615139962], [136.6742835566956, 35.07741940217527], [136.67452547719247, 35.077533343802294], [136.67460077437033, 35.07742362561286], [136.6747542151979, 35.07749256427249], [136.67467988988005, 35.077606010236735], [136.67481882508702, 35.07767143718202], [136.67489208741057, 35.077486516619125]]]}}, {"type": "Feature", "properties": {"rowId": 108, "city_name": "桑名市", "town_name": "北別所（北部）", "households": 76, "population": 173, "e_stat_code": "24205087002"}, "geometry": {"type": "Polygon", "coordinates": [[[136.66928328157516, 35.0835506693431], [136.66953920913647, 35.082290482467556], [136.66962241586486, 35.08201501388959], [136.67001567471257, 35.081719663715674], [136.67026796198587, 35.08151354522901], [136.6705446055412, 35.08129510812444], [136.6718172808316, 35.080379799346645], [136.6733854896973, 35.08191355847442], [136.67358661738217, 35.08024308928092], [136.67300586064627, 35.079544735806856], [136.67451918241616, 35.07845411668121], [136.6746162311495, 35.078478508458865], [136.67491029916928, 35.07817334169444], [136.67541010828802, 35.0783476107878], [136.6756386098871, 35.078413032405805], [136.67579618073023, 35.078437015441274], [136.67592210886207, 35.07805756792879], [136.6753785319583, 35.077931152122225], [136.6751345016267, 35.07781081472734], [136.67481882508702, 35.07767143718202], [136.67470564075077, 35.077799254043214], [136.67470677063812, 35.0778065021045], [136.67454715325064, 35.07799662140621], [136.67445414676607, 35.077968968052616], [136.67367020387994, 35.07767218195292], [136.67352321255976, 35.0776167277693], [136.67340133181713, 35.0776455034777], [136.67322623418872, 35.077734858105465], [136.67299791928016, 35.07788465112827], [136.6728182682509, 35.07801417275897], [136.67269664770797, 35.078075060200696], [136.67254124527634, 35.078184304922765], [136.67235136374865, 35.07825768320696], [136.67221486583688, 35.078290623818226], [136.671978580719, 35.07836214521441], [136.67188318397112, 35.0784031677522], [136.67185723423853, 35.07841993226027], [136.67209434487822, 35.07878306830885], [136.6720262150181, 35.07881161553666], [136.67209058098834, 35.07891964377144], [136.67193475732446, 35.07897276190313], [136.67195457539884, 35.07901272400339], [136.6719747760854, 35.07908888188069], [136.67200512710713, 35.07921723944869], [136.67196157613705, 35.0792656518345], [136.6720746733334, 35.079361366990724], [136.67187106401428, 35.079547219097456], [136.67163015751248, 35.079954129493935], [136.6715285041311, 35.08006307661257], [136.67143617872526, 35.08012380079709], [136.67131215176906, 35.08019977066686], [136.67044626454694, 35.08062112151031], [136.6706929657069, 35.08092096551115], [136.66974597073886, 35.08159269723841], [136.66924899218776, 35.08195960692181], [136.66847073077494, 35.082482294347464], [136.6681115670486, 35.082169401514165], [136.66787432609607, 35.08223042769541], [136.66774930811812, 35.08228548370309], [136.66766426332612, 35.082383561163105], [136.66752684659517, 35.08253636458782], [136.66734325867432, 35.08270019676932], [136.66723125544064, 35.08273334838525], [136.66711190225615, 35.08267435456343], [136.6669725866353, 35.08259370901613], [136.66687355167943, 35.08259425324431], [136.66673494250674, 35.082605789830296], [136.6665828748711, 35.082579511543585], [136.6665035009936, 35.082569102583435], [136.66637197200015, 35.08263496740084], [136.6661808986458, 35.08268482089723], [136.66608864024246, 35.082712511326555], [136.66603609051933, 35.08274540649377], [136.6660039046727, 35.08284868528602], [136.66598486434353, 35.082941116911165], [136.666012176733, 35.083054914631404], [136.66615725114195, 35.08302700478907], [136.6663022827132, 35.08299902513378], [136.66650052539202, 35.08301427517063], [136.6666192583166, 35.08299728445685], [136.66678438742753, 35.08300179949161], [136.66689674495134, 35.083012098546625], [136.66701853348744, 35.082965300339474], [136.66717330378395, 35.082912898528576], [136.66725980461965, 35.0829937643567], [136.6674667671119, 35.083269466265385], [136.6675138257438, 35.08337238001236], [136.6676960878228, 35.083859915333576], [136.66781088036413, 35.084168731518275], [136.66759213556892, 35.08447121239791], [136.66777187668205, 35.08464938459281], [136.6679593192688, 35.084957730395836], [136.66805950547774, 35.08509830996696], [136.668272275513, 35.08527622914711], [136.66841705272216, 35.085148597074095], [136.66857471239058, 35.08499835732669], [136.66875186651845, 35.08480688178409], [136.66889078356357, 35.08464385713628], [136.66904187379666, 35.08448139904288], [136.66916716101917, 35.084286123611264], [136.6692044652452, 35.08406506527697], [136.66928328157516, 35.0835506693431]]]}}, {"type": "Feature", "properties": {"rowId": 87, "city_name": "桑名市", "town_name": "京橋町", "households": 18, "population": 85, "e_stat_code": "242050750"}, "geometry": {"type": "Polygon", "coordinates": [[[136.69283609791452, 35.063836856339925], [136.69246352721055, 35.06350495390786], [136.69232797954396, 35.06343861201869], [136.69222882604697, 35.06335128654857], [136.69206722528767, 35.06319734193238], [136.69170241393664, 35.06278440441041], [136.6915543463086, 35.06289856183444], [136.69127943879025, 35.06297872148278], [136.69116583251392, 35.063010566456725], [136.6915447236126, 35.06392400788237], [136.69214551207332, 35.063805017555595], [136.69232863538656, 35.06408335057668], [136.6924479749148, 35.06399513220407], [136.69257809077223, 35.06408228091101], [136.69275608841502, 35.0640177416029], [136.69269379539813, 35.06396950407844], [136.69283609791452, 35.063836856339925]]]}}, {"type": "Feature", "properties": {"rowId": 22, "city_name": "桑名市", "town_name": "京町", "households": 38, "population": 91, "e_stat_code": "242050220"}, "geometry": {"type": "Polygon", "coordinates": [[[136.6931028950942, 35.064128936133585], [136.69347327018963, 35.06403442391269], [136.6934277819926, 35.06387679088578], [136.69382289371953, 35.063820799247196], [136.6938331810878, 35.06386236177147], [136.69401566090679, 35.06382674087391], [136.6942177602953, 35.06378157002475], [136.69419676314516, 35.06370943323787], [136.69440798699662, 35.063669492356844], [136.69442377059764, 35.06371785464834], [136.69468700226483, 35.06365972678753], [136.69461671703405, 35.063411668684196], [136.69494494558222, 35.06332204110455], [136.69525638063598, 35.063236946118984], [136.69564769156418, 35.06312723643344], [136.69545229813048, 35.06263580158836], [136.69397235314864, 35.0631992180362], [136.69382960741424, 35.06294572763379], [136.69362798240738, 35.06304160127792], [136.6935298090962, 35.063069980455985], [136.6933512100491, 35.06323509043587], [136.69340667200515, 35.06347295240904], [136.69322758811262, 35.063575738658216], [136.69310891631667, 35.06366156007727], [136.69283609791452, 35.063836856339925], [136.6930144953285, 35.06398154767413], [136.6931028950942, 35.064128936133585]]]}}, {"type": "Feature", "properties": {"rowId": 336, "city_name": "桑名市", "town_name": "清竹の丘", "households": 18, "population": 64, "e_stat_code": "242052190"}, "geometry": {"type": "Polygon", "coordinates": [[[136.66958643569225, 35.0743279597411], [136.66998906784318, 35.07428763835708], [136.6702712938492, 35.07415748310876], [136.66999367842953, 35.07365709579788], [136.66978502769197, 35.07348211330508], [136.6695637595162, 35.07319374552749], [136.66865000130167, 35.073262236481035], [136.66874377442016, 35.07359476085248], [136.66876365346235, 35.0737739534452], [136.6687803509135, 35.07388837288737], [136.6687809677998, 35.07396393577254], [136.66878147948242, 35.07402661196765], [136.66880296778382, 35.074082621929726], [136.66881941603177, 35.07416683085593], [136.66881199290452, 35.074223000124846], [136.6687977680514, 35.07426955916483], [136.66879151221315, 35.07429008737987], [136.66878948008807, 35.07436136946726], [136.66879221405, 35.07442868037824], [136.66925523473026, 35.07444521339551], [136.6692610599659, 35.07430383783191], [136.66958643569225, 35.0743279597411]]]}}, {"type": "Feature", "properties": {"rowId": 78, "city_name": "桑名市", "town_name": "桑名（南西部）", "households": 40, "population": 99, "e_stat_code": "24205070003"}, "geometry": {"type": "Polygon", "coordinates": [[[136.68267916645135, 35.065583455762386], [136.68282033915676, 35.06555942171243], [136.6828568339149, 35.06552428558175], [136.6835684269962, 35.06540872846831], [136.6834455584725, 35.06491658420722], [136.6833108789204, 35.06436394052572], [136.68319255937433, 35.06405726989505], [136.6830572548699, 35.063793514328324], [136.68282958571453, 35.06343858320642], [136.6823579803399, 35.06347926430237], [136.6817267884983, 35.06361027854998], [136.68111711800762, 35.063739267872656], [136.6804681414824, 35.063905659475495], [136.68054887053796, 35.064091129764485], [136.68061790769514, 35.06423032570648], [136.68064214076463, 35.06442540813839], [136.68073117669263, 35.064589985854916], [136.6807710172595, 35.06462229953083], [136.6809123802038, 35.06462150696604], [136.6810992035216, 35.0646436990529], [136.68115073237297, 35.064685876456686], [136.6811685564159, 35.06472296100935], [136.681182959159, 35.0647912636859], [136.68125535597375, 35.06506129050765], [136.68130497819672, 35.06524475102737], [136.68133655339352, 35.065302674698046], [136.68136036423675, 35.06544670156953], [136.68142363437505, 35.06557191530407], [136.68153169651413, 35.06565025501706], [136.68168452928379, 35.06566341234952], [136.6817973977461, 35.0656348897585], [136.6819216888155, 35.06562024821661], [136.68199475156214, 35.06556870918664], [136.6820403256528, 35.06560556732897], [136.68212562905222, 35.06566093540607], [136.68225568514458, 35.06566485230069], [136.68248154191744, 35.06561710305934], [136.68267916645135, 35.065583455762386]]]}}, {"type": "Feature", "properties": {"rowId": 77, "city_name": "桑名市", "town_name": "桑名（北西部）", "households": 346, "population": 796, "e_stat_code": "24205070002"}, "geometry": {"type": "MultiPolygon", "coordinates": [[[[136.68592105219292, 35.065950906350864], [136.6854645374925, 35.06602690881511], [136.6851990039248, 35.066071114124], [136.68534113847576, 35.066587754819764], [136.68548408871897, 35.067107361754275], [136.68552741795367, 35.067100968171424], [136.68604843491343, 35.067024086095294], [136.6861922312926, 35.06700286522134], [136.68592105219292, 35.065950906350864]]], [[[136.68634211108724, 35.07054532003219], [136.6866400188542, 35.070645400120114], [136.68674297700284, 35.07062446505099], [136.6870616613875, 35.07056312126358], [136.68714253405324, 35.07054755418382], [136.68727627756223, 35.070265308871576], [136.68742175869113, 35.06990158505323], [136.68742382128423, 35.06975452561926], [136.68740102476286, 35.06939633137384], [136.68694952383404, 35.06942769015973], [136.68690264558208, 35.068756310364165], [136.68712311763858, 35.06872963960252], [136.68708048147053, 35.068563677397], [136.6869155840266, 35.068578202305076], [136.6865816769865, 35.06860720427324], [136.68645171310772, 35.06860969906026], [136.6858848667876, 35.06866254451714], [136.68572369185102, 35.06867756946904], [136.6856167915203, 35.06868753574824], [136.68554229935117, 35.06869447997347], [136.68411161209968, 35.068827842226035], [136.6840868357225, 35.069142993708745], [136.68401684835737, 35.069670027542266], [136.68393344458897, 35.0700014950808], [136.6837792763803, 35.070439703401824], [136.68353614260826, 35.07102574171848], [136.6840457981521, 35.070987377498255], [136.68443636687246, 35.07095179573435], [136.68475995937155, 35.07092236473886], [136.68499992731014, 35.070900507684186], [136.68523719352257, 35.07087889593621], [136.68523659770406, 35.07080769951425], [136.6857657143967, 35.07068428563815], [136.68606195755203, 35.07059098980237], [136.68634211108724, 35.07054532003219]]]]}}, {"type": "Feature", "properties": {"rowId": 76, "city_name": "桑名市", "town_name": "桑名（北東部）", "households": 137, "population": 323, "e_stat_code": "24205070001"}, "geometry": {"type": "Polygon", "coordinates": [[[136.69265560358764, 35.0714146433455], [136.69340876139375, 35.07135252586431], [136.6981479593004, 35.072652033169405], [136.69909006618542, 35.07184454536969], [136.69393349198793, 35.07005589316771], [136.6939430667307, 35.07018999790653], [136.69351319261963, 35.07023632841841], [136.69267395691872, 35.070263091012464], [136.6920702771746, 35.07037526910955], [136.6917671139251, 35.07043939303157], [136.6918971106937, 35.07095219170677], [136.69158689018712, 35.07098755108966], [136.69065807163636, 35.07109326356289], [136.69005688560273, 35.07116175418869], [136.68863491378164, 35.071323565101984], [136.68863339311642, 35.071361814512855], [136.68862468605528, 35.07144172531612], [136.68863295339312, 35.071584360071185], [136.68868419071356, 35.071809851533196], [136.68872300608052, 35.07194886217759], [136.68876407372156, 35.07214652350989], [136.68878851497786, 35.0722973056561], [136.68870022111253, 35.072554646500215], [136.6886486211806, 35.07277001659105], [136.6887944888756, 35.072773274372494], [136.68928221800854, 35.0727543087591], [136.69030193172406, 35.07271809196266], [136.69160642999935, 35.072636299614565], [136.69199494714377, 35.07260570415087], [136.69197755969572, 35.07237797859924], [136.69208332454448, 35.072247934768285], [136.69265560358764, 35.0714146433455]]]}}, {"type": "Feature", "properties": {"rowId": 148, "city_name": "桑名市", "town_name": "桑部（西部）", "households": 324, "population": 774, "e_stat_code": "24205108002"}, "geometry": {"type": "MultiPolygon", "coordinates": [[[[136.64775115040888, 35.049614860053126], [136.64775516739113, 35.04868617235038], [136.64753502045295, 35.048614731482054], [136.64735261377493, 35.04862034993467], [136.64714759942365, 35.04865897717576], [136.64690815669846, 35.04866490553692], [136.6465173994864, 35.04865058946882], [136.64612372174133, 35.04862459670038], [136.6457301131425, 35.04861254709965], [136.64545649472933, 35.04862344805083], [136.6452849481545, 35.04856802278371], [136.64503292269148, 35.04842879591495], [136.64483789151362, 35.04828440345495], [136.6445798399638, 35.048102880716414], [136.6444367793817, 35.048038005212064], [136.64415091554767, 35.04794565135796], [136.6433874963898, 35.04876577278622], [136.64389732646646, 35.04977602057286], [136.6440510417553, 35.04974238172735], [136.64414188048286, 35.04969034320361], [136.64427207052267, 35.04956766762614], [136.6443635392469, 35.04959535067647], [136.64451285600182, 35.04972590200589], [136.64466756775846, 35.04982353446685], [136.64498217924955, 35.049943764683476], [136.64490661264853, 35.049761266491025], [136.64508951230107, 35.049811843302976], [136.64531209968894, 35.04983424720709], [136.64545486431325, 35.0498615848904], [136.645689326395, 35.04993998494379], [136.6458833149427, 35.04995775167791], [136.64605438118872, 35.04995211773756], [136.64623106804515, 35.049937086511704], [136.64638511036867, 35.049950347564], [136.64656194692085, 35.04995411939999], [136.6467271268617, 35.04992978264899], [136.64714325738177, 35.049908821350726], [136.64725356620767, 35.05015205755247], [136.6473734707421, 35.05017487293299], [136.6474762231934, 35.050183692688826], [136.64775513439702, 35.05011656933667], [136.64775115040888, 35.049614860053126]]], [[[136.6501107480338, 35.05226684399061], [136.64981557096652, 35.05228159172484], [136.64974121327793, 35.051966895894665], [136.6496965531197, 35.051864943296444], [136.6490752155542, 35.05189636262431], [136.6485336203347, 35.05191798716862], [136.648351527535, 35.051253061054716], [136.64799483723476, 35.05126954059442], [136.6478696602613, 35.05054035985473], [136.64770448390604, 35.050564692412024], [136.6475374435584, 35.0503545779934], [136.646962050324, 35.0504279307126], [136.64619189046354, 35.05050480702049], [136.64622072336002, 35.0506849490315], [136.64582372117619, 35.05073214693599], [136.64593706997368, 35.051343280160005], [136.64571492779, 35.051377287540454], [136.64558460208568, 35.05076363975574], [136.64511169451038, 35.050813001162595], [136.64525478137028, 35.051600186823386], [136.6458155375227, 35.05147760279261], [136.6461543810149, 35.052493478371154], [136.64661398394645, 35.05395210908406], [136.64701215489987, 35.05385081712361], [136.64787711908141, 35.05363091108237], [136.6487598561899, 35.05347619108232], [136.64948369728307, 35.053420631082254], [136.64954880015853, 35.05341704341115], [136.65067809256917, 35.05335339164959], [136.6501107480338, 35.05226684399061]]]]}}, {"type": "Feature", "properties": {"rowId": 147, "city_name": "桑名市", "town_name": "桑部（東部）", "households": 414, "population": 1121, "e_stat_code": "24205108001"}, "geometry": {"type": "Polygon", "coordinates": [[[136.64661398394645, 35.05395210908406], [136.6461543810149, 35.052493478371154], [136.6458155375227, 35.05147760279261], [136.64525478137028, 35.051600186823386], [136.64511169451038, 35.050813001162595], [136.64558460208568, 35.05076363975574], [136.64571492779, 35.051377287540454], [136.64593706997368, 35.051343280160005], [136.64582372117619, 35.05073214693599], [136.64622072336002, 35.0506849490315], [136.64619189046354, 35.05050480702049], [136.646962050324, 35.0504279307126], [136.6475374435584, 35.0503545779934], [136.64770448390604, 35.050564692412024], [136.6478696602613, 35.05054035985473], [136.64799483723476, 35.05126954059442], [136.648351527535, 35.051253061054716], [136.6485336203347, 35.05191798716862], [136.6490752155542, 35.05189636262431], [136.6496965531197, 35.051864943296444], [136.64974121327793, 35.051966895894665], [136.64981557096652, 35.05228159172484], [136.6501107480338, 35.05226684399061], [136.65067809256917, 35.05335339164959], [136.65093976928347, 35.05337410383174], [136.65257487057661, 35.05350393128046], [136.65569362848353, 35.053752997525955], [136.65869415783573, 35.05418636399851], [136.66171961672146, 35.05454486658176], [136.6619776491953, 35.0545753640428], [136.66385327462788, 35.05528691957039], [136.66483994305895, 35.05351165782367], [136.66487954605586, 35.05269393952959], [136.66492341998082, 35.05211761616061], [136.66396153381467, 35.052100130040294], [136.663767659072, 35.05213921884154], [136.66349011395522, 35.05212545256834], [136.6633602312086, 35.052076793382604], [136.66312244184576, 35.05211802298333], [136.662914508009, 35.05213429933785], [136.66235901963387, 35.05205753735103], [136.6616922621765, 35.05193567201908], [136.6611668187711, 35.0518567684311], [136.6604266788545, 35.05181522873281], [136.65966828420898, 35.05180406672865], [136.6594603530029, 35.05182047749869], [136.6592109815145, 35.05185978878293], [136.65889043763852, 35.05196230582393], [136.6584478625551, 35.0521244303395], [136.65796323823056, 35.052233538562646], [136.65664248838323, 35.052438366494926], [136.65659433768468, 35.052441302817186], [136.6565429531618, 35.052388063472726], [136.65645836509404, 35.05236490768174], [136.65607632771636, 35.052358383808176], [136.65585097680807, 35.05235959993204], [136.65549341562075, 35.05236725304624], [136.65529084426163, 35.05227961870978], [136.65531948540908, 35.05219283237482], [136.65541443169764, 35.05190093470747], [136.65537582742715, 35.05187139470345], [136.6553054124919, 35.051839321860555], [136.65530439285146, 35.0518242213882], [136.65528799958133, 35.05158159745287], [136.65515939933402, 35.051401998057166], [136.65531903730823, 35.05133194210189], [136.65537568687284, 35.051307081049565], [136.65533235169215, 35.05123429587394], [136.65531111706204, 35.05122432056799], [136.65522231688198, 35.05118260405253], [136.65506170691614, 35.05119347636773], [136.65505024190992, 35.051186235195374], [136.6549689005983, 35.051021705778446], [136.65485021065385, 35.05084746141659], [136.65486476971932, 35.05074912340981], [136.65504987439803, 35.0507300976208], [136.65522006500694, 35.05062821731589], [136.65521197739972, 35.0504398557171], [136.65514062662584, 35.050427619228124], [136.65513690477832, 35.05037355155589], [136.65519053677087, 35.05036334692469], [136.65517141553872, 35.05016602952917], [136.65526301501126, 35.050106040097575], [136.6553520075466, 35.05011579146917], [136.6555296236896, 35.05013525362278], [136.65594378530858, 35.05011048547503], [136.6560042685367, 35.050134498976725], [136.65625046357528, 35.05021520414943], [136.65648756030947, 35.05039147034759], [136.65666180148332, 35.050521283909674], [136.65674392911836, 35.0505437638703], [136.65701843259103, 35.05063196151609], [136.6571534511196, 35.05068704403879], [136.65726433117217, 35.05076992385535], [136.65737002225086, 35.05085664778015], [136.65747156290797, 35.050932422355416], [136.65760052048327, 35.051027129132684], [136.65769903662974, 35.05108717896552], [136.65787144591826, 35.05117497198146], [136.658064140203, 35.0512607479026], [136.65815681599892, 35.051295119443154], [136.6578357106699, 35.05074746225013], [136.65676303198498, 35.04902703674264], [136.65719147946123, 35.04883457350344], [136.65691999526996, 35.0484177760886], [136.65735324614676, 35.04824810585466], [136.65742834035746, 35.04809755178892], [136.6574682352081, 35.04788817047907], [136.6575410614857, 35.047743263349176], [136.65769680628793, 35.04756382188532], [136.6579313767317, 35.04741043509965], [136.65828124589177, 35.04721846515414], [136.6584792468403, 35.047118447512865], [136.6586778634998, 35.04709462620137], [136.65889724128684, 35.04706484810979], [136.65900471645662, 35.047011728771245], [136.65910095960245, 35.04694099428836], [136.659163109662, 35.046879810221], [136.6586284038092, 35.04631238964481], [136.65860807859443, 35.046271512009646], [136.65859775743223, 35.04622846645477], [136.65860802986538, 35.04616439423888], [136.65900372086713, 35.04564413210703], [136.6591726270475, 35.04537708036308], [136.659290575074, 35.04509889387932], [136.65948236145888, 35.044510354093845], [136.65997690370364, 35.043064677729795], [136.6603294434006, 35.04206269027357], [136.660482800635, 35.041590414651964], [136.66051822335183, 35.04139626448513], [136.66047862099697, 35.041073357844105], [136.66042085426938, 35.041072262333564], [136.6603167982155, 35.041070362725215], [136.66030745606534, 35.04116450484852], [136.66028746061932, 35.041365965646584], [136.6602783194888, 35.0414584164174], [136.66027461307274, 35.0415455561615], [136.6602517538024, 35.04162568612056], [136.66021212297022, 35.041685694361846], [136.6601986722491, 35.04170605055158], [136.66014222639254, 35.04178361557486], [136.66007571931135, 35.04186123574059], [136.65999915154325, 35.04193898091128], [136.65970320103176, 35.041799942811856], [136.6594899199647, 35.04172883770719], [136.6593789281679, 35.04172183029843], [136.6592910733144, 35.041722304199396], [136.65926829120815, 35.041764261227954], [136.65917303971312, 35.04198915816866], [136.65912652602435, 35.04195518163174], [136.65904329421122, 35.04195563047939], [136.65894194683185, 35.04199801057891], [136.65883186081476, 35.042108824361534], [136.6587762539722, 35.04222166745124], [136.65876138162355, 35.042251820914146], [136.6587370653048, 35.04241675287559], [136.65871990756114, 35.0424288181287], [136.65829509273348, 35.042727610223565], [136.6580247509761, 35.04266413138628], [136.65791407587182, 35.04263810560601], [136.65757565564806, 35.04255858353643], [136.65669333588335, 35.04265453375359], [136.65649855820428, 35.04257958828866], [136.65609376249554, 35.04225863622273], [136.65598466785997, 35.042200273787344], [136.65571635497804, 35.04218643077748], [136.65538336163368, 35.0421692013278], [136.65515171860753, 35.04210959300447], [136.65494255578625, 35.04197006739753], [136.6547960405535, 35.04192768016478], [136.65464596339243, 35.041884254265], [136.6544104291861, 35.04191587038892], [136.6540417558663, 35.042062363882245], [136.65385245924014, 35.042093731639646], [136.6536374600991, 35.04209678384608], [136.65342464768122, 35.042078905462155], [136.65322093173168, 35.04204203374597], [136.65281319649483, 35.041930116528], [136.65240537315347, 35.04180678916259], [136.65222492799606, 35.041788736777065], [136.65216103427548, 35.041803233972054], [136.65203568145668, 35.04183158142573], [136.65149787440296, 35.04211687051182], [136.65121996332414, 35.04230597577719], [136.65100985758997, 35.042391117657836], [136.65095115293593, 35.04239607874336], [136.6508631655764, 35.042390772204506], [136.65076808567363, 35.042376770106124], [136.65065522755867, 35.04233976223609], [136.6499243634692, 35.04209397813055], [136.6497752770385, 35.04205103341578], [136.64951786421472, 35.041953940782186], [136.64934348919428, 35.04189148097851], [136.64926419975544, 35.041962332032824], [136.64917906776228, 35.042014338341524], [136.64913500473685, 35.04202985565564], [136.64905397121848, 35.04201584842483], [136.64881765357205, 35.041933221060525], [136.6487505428234, 35.04189892518632], [136.64868692342702, 35.04186165377475], [136.64853129564, 35.041749720583155], [136.64844266579868, 35.04166335053492], [136.64837537204434, 35.04160588495037], [136.64830487250563, 35.041559704014865], [136.64810849645863, 35.04147601836512], [136.64790305162813, 35.041458301871], [136.64762457894795, 35.04157711452557], [136.64754551543524, 35.041671275387856], [136.64746771856557, 35.04192488410532], [136.64746928114852, 35.04212186915494], [136.64728101405336, 35.042472270876694], [136.6470598232571, 35.04262360146844], [136.64686658898069, 35.042704295688566], [136.64672892736183, 35.04260657361947], [136.64672285516104, 35.042602239557866], [136.64652821458841, 35.04246228354138], [136.64645580496705, 35.04239104485155], [136.64638867143603, 35.04235386601359], [136.6462369454426, 35.04229101166528], [136.64612755295678, 35.04224821385906], [136.6459864967233, 35.042202768687126], [136.64578432369055, 35.04213321204139], [136.6458231048937, 35.042223929153415], [136.645823768052, 35.042307737317984], [136.64578935083895, 35.042406172345906], [136.64573052016226, 35.04252502100496], [136.64562632951782, 35.04269623207114], [136.6454975874299, 35.0428703911682], [136.64537896492442, 35.042992588365735], [136.6452706232019, 35.04308275566134], [136.64517272052598, 35.043161316388094], [136.64489273167308, 35.04333917192368], [136.64478078390843, 35.04341210252806], [136.64471422321492, 35.04344711073675], [136.6446714414741, 35.043457128855415], [136.6442318495029, 35.04339384042625], [136.64371518320695, 35.04331912918735], [136.6435095922949, 35.0432780403287], [136.6433375400125, 35.043156976038155], [136.64309689242728, 35.04300831688106], [136.6428791313897, 35.042873409333986], [136.64272498356718, 35.042850779668015], [136.64242915184687, 35.042936731809526], [136.64223024772454, 35.04302695655562], [136.64184872294453, 35.04309462971082], [136.64181111868922, 35.04312610116944], [136.64167157921793, 35.0432678436403], [136.6415891532463, 35.043409281117086], [136.64159003412996, 35.04352132906547], [136.64162703548274, 35.04375615381999], [136.64160595057325, 35.043868318732265], [136.64149669603444, 35.04395214806766], [136.64122940846784, 35.04405836891728], [136.640996829572, 35.0441137660108], [136.64093143283648, 35.04418285242537], [136.64091268768527, 35.044314935322376], [136.64088815862988, 35.044550086973054], [136.640859203494, 35.04488675012279], [136.64088710892275, 35.04553848182465], [136.64086875085715, 35.046464845739564], [136.64092278258593, 35.04680690816507], [136.6409228487131, 35.04717968264868], [136.6408729379327, 35.04808508501481], [136.64067623933414, 35.0488106901432], [136.6405819550293, 35.0491488921122], [136.6403570631589, 35.04956272077193], [136.6402523454275, 35.05009352629984], [136.6401843181995, 35.05043827838529], [136.6401874159707, 35.05083223493968], [136.64016818097784, 35.05092382190719], [136.63983973235992, 35.05121628789842], [136.6397970362829, 35.05159168264049], [136.639872187587, 35.051722631521], [136.63987873513457, 35.05182570289289], [136.6397655869348, 35.051943634664106], [136.6396466310056, 35.05204737066821], [136.639692683639, 35.052098750788836], [136.63983321895842, 35.05256698349064], [136.63998034377647, 35.0531430769466], [136.6400323804777, 35.053236540487035], [136.63990114968126, 35.053227869219356], [136.63975848968147, 35.05321453911481], [136.63961549382267, 35.05316374259491], [136.6395356408858, 35.05315944662529], [136.63814526482062, 35.053307511184066], [136.6387438149892, 35.054003118139406], [136.63956703871702, 35.054978888340926], [136.64073680933475, 35.05638030474462], [136.64375963839134, 35.05479246506659], [136.6441974050207, 35.05455335833017], [136.6456744396517, 35.05418658210927], [136.6464172271243, 35.05400217868172], [136.64661398394645, 35.05395210908406]], [[136.64725356620767, 35.05015205755247], [136.64714325738177, 35.049908821350726], [136.6467271268617, 35.04992978264899], [136.64656194692085, 35.04995411939999], [136.64638511036867, 35.049950347564], [136.64623106804515, 35.049937086511704], [136.64605438118872, 35.04995211773756], [136.6458833149427, 35.04995775167791], [136.645689326395, 35.04993998494379], [136.64545486431325, 35.0498615848904], [136.64531209968894, 35.04983424720709], [136.64508951230107, 35.049811843302976], [136.64490661264853, 35.049761266491025], [136.64498217924955, 35.049943764683476], [136.64466756775846, 35.04982353446685], [136.64451285600182, 35.04972590200589], [136.6443635392469, 35.04959535067647], [136.64427207052267, 35.04956766762614], [136.64414188048286, 35.04969034320361], [136.6440510417553, 35.04974238172735], [136.64389732646646, 35.04977602057286], [136.6433874963898, 35.04876577278622], [136.64415091554767, 35.04794565135796], [136.6444367793817, 35.048038005212064], [136.6445798399638, 35.048102880716414], [136.64483789151362, 35.04828440345495], [136.64503292269148, 35.04842879591495], [136.6452849481545, 35.04856802278371], [136.64545649472933, 35.04862344805083], [136.6457301131425, 35.04861254709965], [136.64612372174133, 35.04862459670038], [136.6465173994864, 35.04865058946882], [136.64690815669846, 35.04866490553692], [136.64714759942365, 35.04865897717576], [136.64735261377493, 35.04862034993467], [136.64753502045295, 35.048614731482054], [136.64775516739113, 35.04868617235038], [136.64775115040888, 35.049614860053126], [136.64775513439702, 35.05011656933667], [136.6474762231934, 35.050183692688826], [136.6473734707421, 35.05017487293299], [136.64725356620767, 35.05015205755247]]]}}, {"type": "Feature", "properties": {"rowId": 218, "city_name": "桑名市", "town_name": "小泉", "households": 174, "population": 407, "e_stat_code": "242051440"}, "geometry": {"type": "Polygon", "coordinates": [[[136.6825386119817, 35.04100450431022], [136.68303645079254, 35.04057253239535], [136.68317497339567, 35.04072359156594], [136.68349043005767, 35.040569910060846], [136.6840889222392, 35.04033315135903], [136.68427961447105, 35.04025608905437], [136.684608845274, 35.04023430406155], [136.68491083151952, 35.040195699551965], [136.68526869657737, 35.04014776354686], [136.68569361767234, 35.04008550431919], [136.68602360060564, 35.040051387159494], [136.68625564644526, 35.04002014579907], [136.6862681000565, 35.040019441077376], [136.68670887464648, 35.03999455586153], [136.6873693377346, 35.03998624360874], [136.68820912207963, 35.03999529278433], [136.68859813514584, 35.03999083511715], [136.68868204875517, 35.039985711969145], [136.6890686458201, 35.04002492993473], [136.68942736245148, 35.04007817929646], [136.69009471205632, 35.040221651671324], [136.6903190469633, 35.040271013446095], [136.6905654600858, 35.04028341608709], [136.69101327415083, 35.04028087006686], [136.6912765881888, 35.040307049566856], [136.69146697036786, 35.04035632121977], [136.6908484559171, 35.0391159789154], [136.68970035701835, 35.03693430072381], [136.68945975074922, 35.03651226711076], [136.68836077935865, 35.034364259685674], [136.6883469053216, 35.03437405695716], [136.686740472171, 35.03550311841183], [136.68531510935358, 35.03637852295409], [136.68421692525908, 35.037037767901715], [136.68393253722243, 35.03720853053902], [136.68354290645635, 35.03746052252114], [136.68306538058673, 35.03776934847298], [136.68241117178877, 35.03817677377738], [136.68147591299598, 35.03874683678253], [136.68115151907946, 35.039014793974495], [136.6807878322272, 35.039315085743695], [136.68224389227, 35.04063656377225], [136.68208638992715, 35.04074062165881], [136.68240565151794, 35.04104806980567], [136.6825386119817, 35.04100450431022]]]}}, {"type": "Feature", "properties": {"rowId": 220, "city_name": "桑名市", "town_name": "小貝須", "households": 213, "population": 512, "e_stat_code": "24205146001"}, "geometry": {"type": "Polygon", "coordinates": [[[136.698581176092, 35.058118026177866], [136.69877373042647, 35.05794001030737], [136.69885646329038, 35.05798981728898], [136.6989327079591, 35.058027479095124], [136.7001274943346, 35.05737367068078], [136.70033601229179, 35.057580575402405], [136.7007420736746, 35.05720702192142], [136.70099335859308, 35.05698697195574], [136.70144886974293, 35.056477843888736], [136.70116267894898, 35.05606659301628], [136.70233828657763, 35.05465988797558], [136.70123241549442, 35.05304304712829], [136.7011938662417, 35.05298671881188], [136.70242222409047, 35.053307520627996], [136.7023765557885, 35.05289551512834], [136.70236318118899, 35.052774038603594], [136.7023750487615, 35.05271988343115], [136.70240732400234, 35.05264870819137], [136.7025950458817, 35.05248881360767], [136.70267893149875, 35.05220458578419], [136.70271369240243, 35.05194416358968], [136.70270845999613, 35.051763693540416], [136.70271280253004, 35.05173092070025], [136.70293438185777, 35.05107616310308], [136.70293409281393, 35.051042502079824], [136.70294116223707, 35.05100302305277], [136.70298001379993, 35.05088011694056], [136.70309615093674, 35.05070676210792], [136.703406775165, 35.05019029618836], [136.70367603583503, 35.049753438318774], [136.70380029168626, 35.04954890837613], [136.70392529256333, 35.04943078462343], [136.7040225714445, 35.049266060187314], [136.7042046184053, 35.04894034462281], [136.7045540836782, 35.04853527395791], [136.70456213413087, 35.048435998126344], [136.70457474393018, 35.04834402006852], [136.70462152675256, 35.04806831564222], [136.70467825874584, 35.04791375528222], [136.70469525684902, 35.047814357098225], [136.70470351004533, 35.047733532031124], [136.7046581576114, 35.047652946432], [136.7045987927331, 35.04750638378303], [136.70439538465118, 35.047224665381975], [136.70423106477185, 35.047076880078826], [136.70400612936382, 35.046890782972355], [136.70340356659867, 35.04642777700382], [136.70297266058677, 35.04618406485921], [136.70322376831584, 35.04577865209247], [136.7029635414948, 35.04564050505139], [136.70203903835747, 35.0451352685413], [136.7018281329374, 35.04502620129687], [136.70147777117762, 35.044796876948915], [136.7014989590039, 35.045186066079786], [136.70152421140043, 35.04526486698032], [136.70147445371614, 35.04531409990094], [136.70138214859753, 35.04536498753698], [136.70118072586305, 35.045318331637546], [136.70106489686285, 35.04535209952734], [136.70070399397386, 35.04520171174305], [136.70035385440826, 35.04499794832078], [136.6999541283569, 35.04474319865305], [136.69955468406306, 35.04452140587091], [136.69860674960407, 35.04414663323965], [136.69785410904345, 35.043882778568786], [136.69716004880001, 35.04368471215195], [136.69671525561705, 35.04355620170032], [136.6963321072258, 35.04343642113543], [136.69616591642108, 35.0433482152207], [136.6960472042552, 35.0434708721386], [136.69583793153987, 35.04367848916029], [136.69544617981347, 35.04389179755426], [136.6951786784142, 35.043963683815036], [136.69450767680775, 35.04420210957359], [136.69393874034958, 35.04437417110624], [136.69368867771868, 35.04448356237398], [136.69400421064202, 35.04510199834366], [136.6941840866574, 35.04544063153707], [136.6948131248575, 35.046356016119894], [136.6954981641525, 35.04733474037019], [136.69545148924885, 35.04762156762381], [136.69545498375103, 35.04793726480218], [136.6954402534472, 35.04913190243989], [136.69535872929848, 35.04917230086307], [136.69537479596517, 35.04984406555075], [136.6953978416279, 35.05080777392642], [136.69545741686605, 35.05261398209686], [136.69546423334472, 35.05299797137865], [136.69554716428564, 35.05320285700511], [136.695599610716, 35.053302700786375], [136.69568382416645, 35.05349243704724], [136.6958057941718, 35.05375653727932], [136.69597368734696, 35.05407812347405], [136.6960409690358, 35.05422034902295], [136.6962643841048, 35.05451950194187], [136.69638543488094, 35.05467508151379], [136.6965737106391, 35.05496598539955], [136.69666590366637, 35.05512158934413], [136.6967076142136, 35.055172266969116], [136.6968217981156, 35.055340773302085], [136.69695166434434, 35.05553574039235], [136.69714805647928, 35.05580863724573], [136.69717816245918, 35.05587445287104], [136.697378277425, 35.05601605644585], [136.69748943669612, 35.05614098573614], [136.69760137150791, 35.05626140380026], [136.6976985282357, 35.056371131594915], [136.69776236507602, 35.05645041577478], [136.69779430472195, 35.0564899520916], [136.6977989501551, 35.05656274507939], [136.69783371504911, 35.05665233803308], [136.6978722503691, 35.05686796989823], [136.69751036425217, 35.05698448984102], [136.69771931800494, 35.05724344031788], [136.69792410598671, 35.05750593561314], [136.69822909275385, 35.05789807070758], [136.6984675983124, 35.058156849360714], [136.698581176092, 35.058118026177866]]]}}, {"type": "Feature", "properties": {"rowId": 90, "city_name": "桑名市", "town_name": "寿町一丁目", "households": 54, "population": 114, "e_stat_code": "24205078001"}, "geometry": {"type": "Polygon", "coordinates": [[[136.68799773140316, 35.066641228817396], [136.687890361071, 35.06619301966497], [136.6874721057864, 35.06626744310359], [136.6874702075329, 35.0662599102822], [136.68744561566658, 35.06616232247993], [136.68744383051347, 35.06615068425478], [136.68714907898107, 35.06621024190333], [136.68702026302262, 35.06577278499892], [136.6868179809227, 35.06579702863537], [136.68636575120783, 35.065876841822565], [136.68610709712453, 35.065920488096886], [136.68592105219292, 35.065950906350864], [136.6861922312926, 35.06700286522134], [136.68636550974466, 35.066974037790786], [136.68638109611084, 35.06697144465201], [136.68672407922094, 35.06689696823632], [136.68766811129296, 35.066705562353036], [136.68799773140316, 35.066641228817396]]]}}, {"type": "Feature", "properties": {"rowId": 92, "city_name": "桑名市", "town_name": "寿町三丁目", "households": 45, "population": 107, "e_stat_code": "24205078003"}, "geometry": {"type": "Polygon", "coordinates": [[[136.68954881693568, 35.06633530716953], [136.68935504837836, 35.06554003955403], [136.68925166179037, 35.06509236933311], [136.6892009612819, 35.06493039737045], [136.68904806552834, 35.064365328426], [136.68755502779823, 35.06465880069257], [136.6876708257981, 35.06505576588596], [136.6877284573484, 35.06521734767719], [136.68785528815405, 35.065586572509275], [136.68774855458173, 35.065601051317834], [136.68764407148086, 35.06561840197294], [136.68755224463834, 35.06528925489772], [136.68767285509097, 35.0652677428987], [136.68751857350463, 35.064727461721866], [136.6871771701626, 35.06479496245812], [136.68719808815908, 35.06488074166962], [136.6871070151161, 35.06489881661011], [136.68721891720693, 35.065278388688434], [136.68728133123366, 35.065491516209505], [136.68732799985585, 35.0656508765214], [136.68733355108526, 35.06566996698473], [136.68729500634598, 35.065676367663535], [136.6871602006315, 35.06569339928028], [136.68705858614285, 35.0653124807666], [136.68719892818794, 35.065281685019116], [136.68709169961696, 35.064905375912936], [136.68671260495694, 35.06496766324855], [136.68643747221935, 35.06502239027969], [136.68651878641407, 35.065327082613074], [136.68667600318898, 35.065296122751505], [136.68677150106078, 35.06561700292238], [136.6868179809227, 35.06579702863537], [136.68702026302262, 35.06577278499892], [136.68714907898107, 35.06621024190333], [136.68744383051347, 35.06615068425478], [136.68744561566658, 35.06616232247993], [136.6874702075329, 35.0662599102822], [136.6874721057864, 35.06626744310359], [136.687890361071, 35.06619301966497], [136.68799773140316, 35.066641228817396], [136.68857902638663, 35.066526493520435], [136.68875153291543, 35.06649244294677], [136.6889199105911, 35.06645451465474], [136.68950671507596, 35.066340194279974], [136.68954881693568, 35.06633530716953]]]}}, {"type": "Feature", "properties": {"rowId": 91, "city_name": "桑名市", "town_name": "寿町二丁目", "households": 6, "population": 9, "e_stat_code": "24205078002"}, "geometry": {"type": "Polygon", "coordinates": [[[136.68733355108526, 35.0656699669847], [136.68732799985585, 35.0656508765214], [136.68728133123366, 35.065491516209505], [136.68721891720693, 35.065278388688434], [136.6871070151161, 35.06489881661011], [136.68719808815908, 35.06488074166962], [136.6871771701626, 35.06479496245812], [136.68751857350463, 35.064727461721866], [136.68767285509097, 35.0652677428987], [136.68755224463834, 35.06528925489771], [136.68764407148086, 35.06561840197294], [136.68774855458173, 35.065601051317834], [136.68785528815403, 35.06558657250929], [136.6877284573484, 35.06521734767719], [136.6876708257981, 35.06505576588596], [136.68755502779823, 35.06465880069257], [136.68527069342167, 35.06510405289902], [136.68453404197828, 35.06523877573185], [136.68478502102408, 35.06614640914318], [136.6848914562859, 35.06612707637888], [136.68519900392482, 35.066071114124], [136.6854645374925, 35.06602690881511], [136.68592105219292, 35.065950906350864], [136.68610709712453, 35.065920488096886], [136.68636575120783, 35.065876841822565], [136.6868179809227, 35.06579702863537], [136.68677150106083, 35.0656170029224], [136.686676003189, 35.065296122751505], [136.68651878641407, 35.06532708261307], [136.68643747221935, 35.06502239027969], [136.68671260495694, 35.06496766324857], [136.68709169961696, 35.06490537591292], [136.68719892818794, 35.0652816850191], [136.68705858614285, 35.0653124807666], [136.6871602006315, 35.06569339928028], [136.68729500634598, 35.065676367663535], [136.68733355108526, 35.0656699669847]]]}}, {"type": "Feature", "properties": {"rowId": 26, "city_name": "桑名市", "town_name": "紺屋町", "households": 40, "population": 87, "e_stat_code": "242050260"}, "geometry": {"type": "Polygon", "coordinates": [[[136.6935298090962, 35.063069980455985], [136.6934676467928, 35.06287025737778], [136.6932117065104, 35.06220127040301], [136.6931339988492, 35.06199128278791], [136.6931010775272, 35.06175484189088], [136.69278542635166, 35.06179678527277], [136.69276514365936, 35.061763308683574], [136.6925184316089, 35.06185486002792], [136.692450280899, 35.06177207586006], [136.6922107020915, 35.061871684811805], [136.69212938243354, 35.06189757233724], [136.69241689183053, 35.06224460827732], [136.69328994300912, 35.063287484436586], [136.6933512100491, 35.06323509043587], [136.6935298090962, 35.063069980455985]]]}}, {"type": "Feature", "properties": {"rowId": 171, "city_name": "桑名市", "town_name": "五反田", "households": 476, "population": 1298, "e_stat_code": "242051210"}, "geometry": {"type": "Polygon", "coordinates": [[[136.61637437746464, 35.084719426202454], [136.61687014504218, 35.084532739297686], [136.6170333758936, 35.084825371440026], [136.61812618733802, 35.08441407709845], [136.61806247949227, 35.08432228553119], [136.61801941630821, 35.084184401237295], [136.61799551676327, 35.08380457658418], [136.6179053687822, 35.082524346925354], [136.6183663719738, 35.08144554022476], [136.61896844200803, 35.080040926134416], [136.61903660546275, 35.07979880693089], [136.61911948161853, 35.079179624901066], [136.6176146536595, 35.0797254248504], [136.61729388858387, 35.0798997422396], [136.61682289313487, 35.079191334437326], [136.61657398903822, 35.07868032377993], [136.61654359180397, 35.078363844407065], [136.61637239458773, 35.07794448636147], [136.61620874334506, 35.077599951749825], [136.615992101619, 35.07765288587577], [136.61588809662044, 35.07741910859038], [136.61614029609862, 35.07734423197483], [136.6159283192325, 35.076622884598876], [136.61584953159425, 35.0763872882505], [136.6158483616259, 35.076231865035886], [136.61584020943178, 35.076076477272544], [136.61581128856187, 35.075955774448516], [136.61580933893782, 35.07569675864685], [136.61584129959675, 35.075293692377095], [136.61585292010096, 35.074977000113826], [136.6158162223947, 35.074357864067665], [136.61584466556425, 35.07434680318325], [136.61585456518367, 35.07414843456078], [136.61584163725684, 35.074029833659], [136.61575996933476, 35.07383249313971], [136.61569881810522, 35.07369772718758], [136.61564201798006, 35.073605757312244], [136.61552426353356, 35.07340528959684], [136.6154447465075, 35.07322617858285], [136.61542813392228, 35.07314710389778], [136.61537963870867, 35.073094672004444], [136.61534726121758, 35.073055256428624], [136.6153702667786, 35.07291344399752], [136.61537718475847, 35.07276840203072], [136.6153400574394, 35.07262696434838], [136.61529496843713, 35.07249204615607], [136.61529660840262, 35.0724483040796], [136.61530163867639, 35.072314046786936], [136.61526201468018, 35.0721082532154], [136.6151743748102, 35.071919251860685], [136.6151034567917, 35.07181249380811], [136.614945568502, 35.07160567939174], [136.6149358510182, 35.07137832358507], [136.6151762144968, 35.07136069674805], [136.61534037632447, 35.07133676523978], [136.61554423714313, 35.07126650347677], [136.61571012642997, 35.07120474418865], [136.61590369933776, 35.07109333508208], [136.61585478244567, 35.070984846087406], [136.61577210299293, 35.070914417255366], [136.61574763745193, 35.07086179309563], [136.61574298371343, 35.070772869153025], [136.6157345342715, 35.07072016266772], [136.61571394703438, 35.070647799654715], [136.61562686117895, 35.0705213336735], [136.61562596843362, 35.070402671578414], [136.61564935114507, 35.070316915484554], [136.61571585751204, 35.07009910400626], [136.61576679682574, 35.06994728982008], [136.61558592418882, 35.06987897841785], [136.6155974116574, 35.06980645197402], [136.61555643016786, 35.069688063958566], [136.6154851192125, 35.06953517978013], [136.61541220186686, 35.06943005150559], [136.61533555529766, 35.06936452166039], [136.61520261243066, 35.06927948734392], [136.61477782750762, 35.06895556872943], [136.614618034805, 35.0688482037685], [136.61449915383582, 35.06878753498158], [136.61445398699743, 35.06876163502728], [136.6144022097848, 35.068642596686], [136.6143386068682, 35.06844361365258], [136.6142738823595, 35.06836816306735], [136.61416851613018, 35.06821383057826], [136.61416401282534, 35.068144625073245], [136.61421057713665, 35.06794663492219], [136.61414934815903, 35.0677953886927], [136.6141244360682, 35.067683397176275], [136.61407322399467, 35.067537029479375], [136.61488820303347, 35.06717697936542], [136.6148343690129, 35.06694991780574], [136.61474954316878, 35.06686139947948], [136.61470913524093, 35.06681878514488], [136.61435641282853, 35.066820568286396], [136.61382111459676, 35.06678862363879], [136.61372880279046, 35.06676930014607], [136.61343228558252, 35.065451090966036], [136.61313350483368, 35.06469679031874], [136.61288605955636, 35.06396265248751], [136.6140184882822, 35.063722988141166], [136.61376629280107, 35.062961410565414], [136.61445458575554, 35.062822790642144], [136.61399655920866, 35.06134384251133], [136.61335622436383, 35.0614623560235], [136.6137059894388, 35.06107177681508], [136.61377627172945, 35.06027815381991], [136.61161635797666, 35.06050170375858], [136.6102924145277, 35.06063870371084], [136.60664820885697, 35.05998405617659], [136.60645835637578, 35.06139155273906], [136.6070399780251, 35.06145781342362], [136.60746905776017, 35.0614951824033], [136.6076956170763, 35.06150884072217], [136.60838482181043, 35.06149561019904], [136.60931071383084, 35.06151069934693], [136.60954858756114, 35.061697404430376], [136.6085626759762, 35.06250146292277], [136.6085530118425, 35.06254925962797], [136.6087189711599, 35.06276921563515], [136.6091545346962, 35.063404744366736], [136.60933720199733, 35.06371680361872], [136.60945939681446, 35.06397655657771], [136.60953738507797, 35.064223290183556], [136.6095269979892, 35.06444412780083], [136.60948243393534, 35.06464710763463], [136.60958296839115, 35.0646959729651], [136.61019533060428, 35.06457761473696], [136.61043103879405, 35.06527991715207], [136.60909452345825, 35.06556670310358], [136.60899209892654, 35.065804551476475], [136.60890053403736, 35.06589064822656], [136.60837552702014, 35.06616181210275], [136.60836219455328, 35.066527742054326], [136.6083234549469, 35.06724304292133], [136.6082196746599, 35.067299551760755], [136.60821833966216, 35.06739026731369], [136.60863172790505, 35.068001044604564], [136.60846401457042, 35.06808766429279], [136.6085128462898, 35.068186156529826], [136.60827716146565, 35.06828952525412], [136.60848212912276, 35.068632953263226], [136.60859028483088, 35.068629030909406], [136.60885384274093, 35.06849594283934], [136.60893544141726, 35.06868659907536], [136.60898842912596, 35.068808311284364], [136.60912212835254, 35.06900201658839], [136.6094611420491, 35.0695786537356], [136.60973182344114, 35.07015321609563], [136.60971249203214, 35.07016291398788], [136.60948846747667, 35.070263198683236], [136.60961065552218, 35.07048866091586], [136.6096183165249, 35.070503350535766], [136.60982684165353, 35.07042481795042], [136.60989438284804, 35.070700267912834], [136.6099862844192, 35.07120398609832], [136.60982836878705, 35.07125576784727], [136.60958839802356, 35.07132620233205], [136.6096127931291, 35.07137551897807], [136.60975035959595, 35.07133440358837], [136.61011134716495, 35.07213375705954], [136.6104382922867, 35.07231916491812], [136.61069792883666, 35.07239842628985], [136.6110242253773, 35.07296667066336], [136.61127201476134, 35.07285886842357], [136.61138341467486, 35.072777740022886], [136.6116835209495, 35.07264967308689], [136.6119278616926, 35.07255632381886], [136.61204076656452, 35.07267083046607], [136.61208351463534, 35.07276850688556], [136.61214823984835, 35.07299840321861], [136.6121494889025, 35.07316530570709], [136.61204188284097, 35.07328958727014], [136.61189596633605, 35.07344004800144], [136.6119040229801, 35.073578112560945], [136.61192039794938, 35.073894664803085], [136.61194965923895, 35.07406142713725], [136.61194427096945, 35.07428012668894], [136.61191914405734, 35.074665905013404], [136.61189970806763, 35.07487326641957], [136.61199563372614, 35.075528940907766], [136.612057388499, 35.07583089653865], [136.61248325346278, 35.07566176704413], [136.61300639670154, 35.07546460869342], [136.61309926057152, 35.07611050651133], [136.61298061829797, 35.076162939609695], [136.6129697204316, 35.076360468569206], [136.61309496463141, 35.07656026716439], [136.61312400126448, 35.076611179580574], [136.61313184486622, 35.07672051057369], [136.61311771368125, 35.07717236380139], [136.6132867811528, 35.07730975391551], [136.61331531032997, 35.07737862737155], [136.61318972873596, 35.077436870293695], [136.6128403510832, 35.077536458795066], [136.61277829390986, 35.07766339747257], [136.61288413741386, 35.07777223364572], [136.61296920974826, 35.07790997941203], [136.61299847402313, 35.07807667004609], [136.6129669166288, 35.078169650770086], [136.61294016485428, 35.07824105637285], [136.6128288039333, 35.07832796154967], [136.6126653382782, 35.07847555595901], [136.61267292299542, 35.07855038032693], [136.61276476143277, 35.07865928746134], [136.61292646057206, 35.0787447410262], [136.61310212132273, 35.07883026513808], [136.61322219116985, 35.07896783379054], [136.61336337488416, 35.079122548683586], [136.61340621500733, 35.07923163277543], [136.6134742228776, 35.07942988940963], [136.61346844801403, 35.07959112336475], [136.61353283446317, 35.07977496096965], [136.6136106279608, 35.07987823392777], [136.61379305615847, 35.07992900322811], [136.61391967716273, 35.08000899941584], [136.61405388393644, 35.080163749219246], [136.61405470403568, 35.080273116326254], [136.61397945842077, 35.080509423998244], [136.61398040832626, 35.08063611464211], [136.61403695318106, 35.0807049158389], [136.61419900282237, 35.080836424650364], [136.6142344731275, 35.08089955763955], [136.61415810297223, 35.08098628728905], [136.6139976525856, 35.081067737925345], [136.61387193642847, 35.08110865787333], [136.61384448418863, 35.081183589138426], [136.61384521800767, 35.08128147782498], [136.61379664620694, 35.081339261750394], [136.61370185462548, 35.081425660808414], [136.61346105315536, 35.08178295306034], [136.61341544575302, 35.081865019300395], [136.61335420522718, 35.082101325655195], [136.6132144364136, 35.08213654233177], [136.61304156993285, 35.082431022352196], [136.6129368391019, 35.082471835260726], [136.61291183066328, 35.08286183910338], [136.61299209261935, 35.08283699526148], [136.6129233481333, 35.08347342900228], [136.6129456728266, 35.08365177558682], [136.61307341981868, 35.08388142093822], [136.61375284314238, 35.08483915119934], [136.61408889151613, 35.084865970304854], [136.61482477823074, 35.08491435264688], [136.61563759640762, 35.08498501543542], [136.61636947515635, 35.085001505308746], [136.61637437746464, 35.084719426202454]]]}}, {"type": "Feature", "properties": {"rowId": 196, "city_name": "桑名市", "town_name": "坂井", "households": 108, "population": 283, "e_stat_code": "242051350"}, "geometry": {"type": "Polygon", "coordinates": [[[136.63107236365346, 35.06233721562155], [136.63327935582586, 35.06175125298511], [136.63386487536064, 35.06141184208381], [136.635806001706, 35.06028674799103], [136.63674148398584, 35.059744404848914], [136.63572192471582, 35.058460125465224], [136.63513698112598, 35.05768703393059], [136.63449523302313, 35.05803281432357], [136.63393605634104, 35.05727126930887], [136.63437918239316, 35.05704858466909], [136.63344248838808, 35.05578497829394], [136.63297542727835, 35.05626012133507], [136.63281543073688, 35.05641878250966], [136.63266240926916, 35.056489093486235], [136.6318120110361, 35.056733405932846], [136.63116827047293, 35.0568883209029], [136.63099972424345, 35.056939694907996], [136.63076991878077, 35.05701040281469], [136.6305398645443, 35.05704942003861], [136.6301867483165, 35.057057597959464], [136.62997943968332, 35.0570586771696], [136.62977213036933, 35.05705975602809], [136.62956438005511, 35.05700400355206], [136.6294027094222, 35.05694801059094], [136.62923298261285, 35.056841635903055], [136.62907892760782, 35.056779194299075], [136.62890183433694, 35.05671701366408], [136.62882213664759, 35.05670031446592], [136.62872331186594, 35.05669125009618], [136.6285819514345, 35.05669198442646], [136.6284425816823, 35.056700666303406], [136.6282877757469, 35.05671266771517], [136.62812521310008, 35.056729427668444], [136.62802464605963, 35.056744246457576], [136.62794227475842, 35.056747279071345], [136.62767341036286, 35.05672973004249], [136.6276447559884, 35.05699495819062], [136.62774477500162, 35.05701979251056], [136.62779998207904, 35.05720887931141], [136.62721744945418, 35.05734443923196], [136.6272581565417, 35.05764099941794], [136.62731055267747, 35.057959542099915], [136.62749302189545, 35.058722497230875], [136.62755706370865, 35.0590567554463], [136.627548111514, 35.059394559870505], [136.62753944243164, 35.05975764649183], [136.627586748943, 35.05992156172543], [136.62769619293894, 35.06017353912144], [136.6278396871234, 35.06035907011488], [136.62774810555337, 35.060428913237665], [136.62773390358367, 35.06058054155677], [136.6277276542425, 35.060763679105975], [136.62770524855944, 35.060845911318694], [136.6276907963017, 35.06095958123555], [136.62807390429555, 35.06085660717077], [136.6282654880557, 35.06166754575194], [136.62841989522434, 35.06232127273333], [136.62857465980753, 35.06231906253525], [136.6289566866563, 35.0623135595894], [136.63107236365346, 35.06233721562155]]]}}, {"type": "Feature", "properties": {"rowId": 125, "city_name": "桑名市", "town_name": "桜通", "households": 97, "population": 190, "e_stat_code": "242050980"}, "geometry": {"type": "Polygon", "coordinates": [[[136.6754215978888, 35.06542938299742], [136.67543026692042, 35.06524989179617], [136.67578548362832, 35.06523537987194], [136.67580733391108, 35.065423081863294], [136.67602546668127, 35.06540933259348], [136.67621577131175, 35.065402005191366], [136.67636795591807, 35.065388621417256], [136.67632263302045, 35.06512808914773], [136.6762841154817, 35.06489294301749], [136.6757502525922, 35.064941550499086], [136.6752733041742, 35.06498490884296], [136.67523757464733, 35.06462002299393], [136.6749524597018, 35.064617805043554], [136.674953220328, 35.06471005790323], [136.67440640154828, 35.06470922252259], [136.67385032972507, 35.06472385970305], [136.67290380194456, 35.06471178362825], [136.67224487886702, 35.064723108827735], [136.6717782115944, 35.064814075600886], [136.671832196834, 35.06504653231469], [136.67232941278496, 35.06501462451399], [136.67234110552525, 35.065202383383834], [136.67235224876185, 35.06532331282472], [136.67287749831186, 35.0653099096757], [136.67342514509463, 35.065275464301585], [136.67387729428665, 35.065283590300886], [136.67437484396183, 35.0652974491976], [136.6749735553096, 35.06526496630317], [136.67517152840293, 35.065268020853715], [136.67517803535677, 35.065439118031534], [136.6754215978888, 35.06542938299742]]]}}, {"type": "Feature", "properties": {"rowId": 175, "city_name": "桑名市", "town_name": "里町", "households": 121, "population": 281, "e_stat_code": "242051260"}, "geometry": {"type": "Polygon", "coordinates": [[[136.62648158853534, 35.06483814333902], [136.62655844424017, 35.06458351236612], [136.62643135305822, 35.064609170401056], [136.6262500846324, 35.06467975632931], [136.62597773608832, 35.06473602416737], [136.6255232833101, 35.06475336954165], [136.62509272495754, 35.06472565959662], [136.624183199388, 35.06468548536382], [136.62368592184967, 35.064653113729484], [136.6216136304323, 35.06531883909121], [136.62145776661313, 35.0653789339142], [136.62157554468388, 35.066109974366626], [136.62215352157133, 35.06595377288982], [136.62284896054052, 35.065776182840565], [136.6233796674652, 35.06564267666121], [136.62443686915796, 35.065356876170604], [136.62648158853534, 35.06483814333902]]]}}, {"type": "Feature", "properties": {"rowId": 88, "city_name": "桑名市", "town_name": "三栄町", "households": 53, "population": 132, "e_stat_code": "242050760"}, "geometry": {"type": "Polygon", "coordinates": [[[136.69112244255965, 35.06536801581651], [136.691181533202, 35.06503703318564], [136.69072368633863, 35.065099781226415], [136.6907222421664, 35.06492865618131], [136.69021218053732, 35.06513269052848], [136.6899349697281, 35.065270750317495], [136.68980060981255, 35.065345529902984], [136.6895733870621, 35.065413795243146], [136.6895900538661, 35.0655008870159], [136.68935504837836, 35.06554003955403], [136.68954881693568, 35.06633530716953], [136.69001222501646, 35.06626570068776], [136.6904277972281, 35.066191645918785], [136.6910562691783, 35.06602158666463], [136.69115075463097, 35.065388700551914], [136.69112244255965, 35.06536801581651]]]}}, {"type": "Feature", "properties": {"rowId": 97, "city_name": "桑名市", "town_name": "参宮通", "households": 179, "population": 369, "e_stat_code": "242050830"}, "geometry": {"type": "Polygon", "coordinates": [[[136.68831444061382, 35.069594615847436], [136.6884545572398, 35.06957684911101], [136.6885010543658, 35.06971229479869], [136.68866469266166, 35.06967537966283], [136.6888832217891, 35.06962603925822], [136.6889114369833, 35.06961968178241], [136.6891022633171, 35.069576626228525], [136.68905586667418, 35.06945815211889], [136.68893328823108, 35.06947821450859], [136.68881459319599, 35.06897274212045], [136.68907815114824, 35.06892040047135], [136.68902336082525, 35.06878162108659], [136.68945591185752, 35.06870796678587], [136.6893525474108, 35.06842128929134], [136.6890448510176, 35.06846522023322], [136.68842049014455, 35.06855636962714], [136.6881863549709, 35.06849649719735], [136.68806078505128, 35.06836945799394], [136.68803159514732, 35.06825983051242], [136.6880668595231, 35.06817526078851], [136.6879685027473, 35.068080814451136], [136.68804998739967, 35.06800225182098], [136.68816759931985, 35.06794672363], [136.68822534679683, 35.067765122488034], [136.68830711120427, 35.06774543300862], [136.68826520699108, 35.067646440863804], [136.68813960396653, 35.06766821033855], [136.68810815584118, 35.06759035687045], [136.6873366098649, 35.06773395677609], [136.68737360582278, 35.0678604423042], [136.6870008400619, 35.06792311787066], [136.68670417772495, 35.067965430547325], [136.68677208152997, 35.06819230865908], [136.68649190884162, 35.06823466951787], [136.6865816769865, 35.06860720427324], [136.6869155840266, 35.068578202305076], [136.68708048147053, 35.068563677397], [136.68712311763858, 35.06872963960252], [136.68690264558208, 35.068756310364165], [136.68694952383404, 35.06942769015973], [136.68740102476286, 35.06939633137384], [136.68742382128423, 35.06975452561926], [136.68742175869113, 35.06990158505323], [136.68727627756223, 35.070265308871576], [136.68714253405324, 35.07054755418382], [136.68803672255925, 35.07042375492986], [136.6881050440476, 35.07041435339804], [136.68819640740463, 35.06978860134862], [136.6883466325601, 35.069745424938674], [136.68831444061382, 35.069594615847436]]]}}, {"type": "Feature", "properties": {"rowId": 2, "city_name": "桑名市", "town_name": "三之丸", "households": 109, "population": 278, "e_stat_code": "242050020"}, "geometry": {"type": "Polygon", "coordinates": [[[136.701412105402, 35.06985397570435], [136.70380072267216, 35.06780599624755], [136.70501206022212, 35.06571677961922], [136.70518913302547, 35.065411444981656], [136.70525198838018, 35.06527079307782], [136.70430700658045, 35.065284798619864], [136.70029120827797, 35.065344363465876], [136.6992630494942, 35.0653329644295], [136.69926937597475, 35.065411521928276], [136.69869411272683, 35.06555589539731], [136.6986652903575, 35.06547049465977], [136.69761102425852, 35.0656673371015], [136.6976186258478, 35.06590075340234], [136.6972422054008, 35.065944607040485], [136.69720076050646, 35.0656996950005], [136.69719517080142, 35.06554134033912], [136.69722637713215, 35.06524298099063], [136.69727278020622, 35.06474790726678], [136.69726640149713, 35.064657799664495], [136.6972496096955, 35.064506481943866], [136.6972526417122, 35.06419884733556], [136.69723111210786, 35.06398403383564], [136.69724318740808, 35.06375268763375], [136.69720812214186, 35.06359802396923], [136.69701762315395, 35.06301881391606], [136.69680735951212, 35.062104422410826], [136.6971713799105, 35.0619242983023], [136.69717863562286, 35.061785518979704], [136.69676358991865, 35.06175212491604], [136.6966041241842, 35.06178416818673], [136.69650566360215, 35.061843748681994], [136.69610495405814, 35.06200555976998], [136.69553764851554, 35.06225276304648], [136.69591718089194, 35.06307019687262], [136.69571235880798, 35.06312221793497], [136.69595600388607, 35.063999446176354], [136.69601769182705, 35.064308893065665], [136.69600731494137, 35.064412971091905], [136.69603074493213, 35.06451924871846], [136.6960371018978, 35.064606962067316], [136.69610168913903, 35.06459743660206], [136.69610763206964, 35.064636700341495], [136.6961919774156, 35.06463389281685], [136.69619814127722, 35.06469392961383], [136.69647359577883, 35.06468305462593], [136.6964826831717, 35.06475941328256], [136.69656764540647, 35.0655388149532], [136.69663236120383, 35.06599198183227], [136.69673472365508, 35.066782127770765], [136.69678049375264, 35.067037368182376], [136.69686033829848, 35.06766228537102], [136.69682515747448, 35.06799200595224], [136.69696273565657, 35.06796353935236], [136.7011794934582, 35.070053354675686], [136.701412105402, 35.06985397570435]]]}}, {"type": "Feature", "properties": {"rowId": 136, "city_name": "桑名市", "town_name": "汐見町一丁目", "households": 47, "population": 104, "e_stat_code": "24205104001"}, "geometry": {"type": "Polygon", "coordinates": [[[136.67352583622002, 35.0674674548672], [136.6736290126216, 35.06749899647778], [136.67372346449514, 35.067256420992464], [136.67388108375224, 35.0672889989614], [136.67393021864885, 35.06709259202513], [136.67357933349967, 35.0670151695692], [136.6732485776368, 35.066916858506445], [136.6729612394666, 35.066853730384416], [136.67286135419155, 35.06705041814864], [136.6723985077166, 35.066940301444866], [136.67238189071597, 35.06677348564424], [136.67214335051176, 35.06677480617622], [136.6721369526932, 35.06661624450252], [136.67213073285106, 35.06647430164579], [136.6716380908132, 35.06644371660534], [136.6715883708936, 35.0665692083253], [136.67134490629425, 35.06659140093953], [136.6713613747809, 35.06674575241296], [136.67157928195064, 35.06669855880222], [136.671600848529, 35.066852882032336], [136.67134247812095, 35.06691699025622], [136.67095714708805, 35.066973348181165], [136.67096842597988, 35.06711103705545], [136.67070472868062, 35.06714172083104], [136.6704232044033, 35.06716616477269], [136.6704611649742, 35.06752336264437], [136.67242454938813, 35.06732629934752], [136.67242857495054, 35.067201060446564], [136.6733745731334, 35.067421179248555], [136.67352583622002, 35.0674674548672]]]}}, {"type": "Feature", "properties": {"rowId": 138, "city_name": "桑名市", "town_name": "汐見町三丁目", "households": 13, "population": 48, "e_stat_code": "24205104003"}, "geometry": {"type": "Polygon", "coordinates": [[[136.6704611649742, 35.06752336264437], [136.6704232044033, 35.06716616477269], [136.67026581892466, 35.06716703391249], [136.67003718841602, 35.067139069103405], [136.6697631934472, 35.067157272531816], [136.6694129969602, 35.06716342922404], [136.66940872780765, 35.067259442376105], [136.6694576710389, 35.067363190546274], [136.66939428132113, 35.06766643964292], [136.66937971825234, 35.067749973859904], [136.67024755516508, 35.067724268818075], [136.67049106409485, 35.06771750072079], [136.6704611649742, 35.06752336264437]]]}}, {"type": "Feature", "properties": {"rowId": 137, "city_name": "桑名市", "town_name": "汐見町二丁目", "households": 41, "population": 118, "e_stat_code": "24205104002"}, "geometry": {"type": "Polygon", "coordinates": [[[136.67154742009967, 35.06795681143748], [136.67252031972362, 35.067864098890816], [136.67246638272644, 35.06747621373764], [136.67273649068238, 35.06755338322182], [136.67300438317477, 35.067610985617776], [136.67328524056379, 35.067672036801085], [136.6734353032336, 35.0677128260182], [136.67352583622002, 35.0674674548672], [136.6733745731334, 35.067421179248555], [136.67242857495054, 35.067201060446564], [136.67242454938813, 35.06732629934752], [136.6704611649742, 35.06752336264437], [136.67049106409485, 35.06771750072079], [136.67024755516508, 35.067724268818075], [136.67029117055327, 35.06801403854338], [136.6705339024097, 35.067995795884], [136.67053942032732, 35.068031541419984], [136.6709452966078, 35.06800429826182], [136.67154742009967, 35.06795681143748]]]}}, {"type": "Feature", "properties": {"rowId": 201, "city_name": "桑名市", "town_name": "志知", "households": 259, "population": 670, "e_stat_code": "242051390"}, "geometry": {"type": "Polygon", "coordinates": [[[136.6189599737469, 35.06092236169025], [136.61978170077953, 35.05993329500426], [136.61969552518224, 35.05971274074872], [136.6195552174794, 35.05943562963537], [136.61939278421943, 35.05927863419504], [136.61921575235954, 35.05922277194598], [136.61834274704498, 35.05902198864252], [136.61801185719403, 35.05892260865869], [136.6176574085765, 35.058760316398654], [136.6174722321528, 35.05864132158437], [136.61745623049924, 35.05855294915131], [136.6174632242266, 35.058464600487824], [136.61753928649307, 35.05836949426516], [136.61751533580446, 35.05824961182103], [136.61739108880244, 35.05806713691189], [136.61703237737893, 35.05733667569073], [136.61674010998658, 35.05676679784449], [136.61659900315385, 35.05638235787057], [136.6165199289003, 35.056079790349074], [136.61666548459374, 35.056034826948455], [136.61660322125257, 35.055927814814126], [136.61668751648077, 35.05590210601239], [136.61660920623993, 35.055700522852675], [136.61699984937133, 35.05557854309474], [136.61726802124937, 35.05550781759349], [136.6172816739565, 35.05528668548869], [136.61720350605722, 35.05510397648621], [136.61698559420782, 35.05451829839437], [136.61780885541756, 35.05431159076815], [136.61755643513294, 35.053552280692315], [136.617455183339, 35.05336342067964], [136.6173077578846, 35.05315585047576], [136.61722968452142, 35.05298574762988], [136.61708096538567, 35.05261402544388], [136.61706215127325, 35.05256700667674], [136.61683746743043, 35.052493069751726], [136.6168606974796, 35.05242259845331], [136.61689665517414, 35.05232002032506], [136.61673054875152, 35.052251561854355], [136.61674855144864, 35.05220872332705], [136.61675448186745, 35.05218362174472], [136.6167145038101, 35.05214614661475], [136.61670493889088, 35.05209344760493], [136.61672896424045, 35.05204318410901], [136.6167531452285, 35.05200784924679], [136.61678831778337, 35.05198731896439], [136.61702630131046, 35.05198611677727], [136.6174346229323, 35.05116332879132], [136.61755291637863, 35.05107117996635], [136.61775148257897, 35.050937637839326], [136.61793524507033, 35.05087360861595], [136.6180194378985, 35.05083529408525], [136.61811033455172, 35.05067701385842], [136.61826147073253, 35.05036053862625], [136.61848003355917, 35.04982913965873], [136.61858680785548, 35.04923196690578], [136.61868025324029, 35.04839809555953], [136.618661220792, 35.04791846368148], [136.61863500502776, 35.047501826028636], [136.61863312313318, 35.04722126604692], [136.61850291127746, 35.047344391397445], [136.6184230898115, 35.047427191383186], [136.61835550568955, 35.04752013993633], [136.61829824001563, 35.04761874182188], [136.61789114814613, 35.04750290668871], [136.6176734848089, 35.047381890009824], [136.61746430902647, 35.04725660343131], [136.6169455345651, 35.04726203556175], [136.61602911757944, 35.04704770039213], [136.6159297443878, 35.046997634865264], [136.6157043632065, 35.04676157809099], [136.61549061963927, 35.046484757200716], [136.6153566337207, 35.04637028542166], [136.61525747622062, 35.04634838897172], [136.615100409949, 35.04634079718887], [136.6148066760058, 35.04631691879192], [136.6143362230048, 35.04616631548596], [136.61385379602032, 35.046017108578745], [136.6136966241892, 35.04599543032674], [136.61338612980305, 35.04600825311557], [136.61310973784776, 35.0460237214963], [136.61295320133766, 35.04608619770411], [136.61273509731788, 35.04613221938603], [136.6126127705866, 35.046205862079916], [136.6124223845111, 35.04630505719654], [136.6121928822326, 35.04630430278956], [136.61208442363503, 35.04630385877122], [136.6118005444095, 35.04631450305386], [136.61164677919868, 35.046353089310664], [136.6115454268224, 35.046437542437864], [136.61135624659497, 35.046816811869746], [136.61120774048226, 35.0472814464501], [136.61108625132013, 35.04762086949392], [136.61095974267323, 35.04782228415701], [136.61085949880146, 35.04805469583892], [136.6108591560517, 35.04827681977626], [136.61082977093568, 35.048360843301936], [136.6105922886774, 35.04870084664655], [136.61043740184095, 35.04885296366619], [136.61030999890403, 35.048935926900675], [136.60970488436408, 35.049055076349944], [136.6095453422079, 35.04906636512634], [136.6095173889171, 35.04899298064227], [136.60951508983007, 35.048943412355825], [136.60953232009467, 35.04891142293303], [136.6095486615973, 35.04888662192323], [136.60959295906878, 35.04883844099548], [136.60968121686128, 35.048691163439806], [136.60972501953998, 35.04857115146451], [136.60974353985893, 35.04845450451736], [136.60972598448478, 35.04831169753511], [136.60972946070729, 35.048255762145594], [136.60975513076593, 35.048184504764755], [136.60983574543422, 35.04805163223723], [136.60987197033424, 35.047960461112275], [136.60986755760183, 35.04789181798526], [136.6098033297826, 35.04761747801439], [136.6097256873188, 35.04749567598957], [136.6093855608068, 35.047177216447906], [136.60933966020372, 35.04714293639087], [136.609258992776, 35.04710277378683], [136.60895769947712, 35.04698342718527], [136.60869583164478, 35.04689163052841], [136.60827942530307, 35.04674623501506], [136.6081976304636, 35.04673276822053], [136.60800710236467, 35.04676167701315], [136.6075854032254, 35.046859062228464], [136.60738835947475, 35.04692729933655], [136.60702805606218, 35.04702994105573], [136.6067833987574, 35.04710961203292], [136.60649432234845, 35.04717548737668], [136.60618146279344, 35.04724429763678], [136.60587586801762, 35.04737462276605], [136.60550984093248, 35.047622998478246], [136.605346956224, 35.047707823611475], [136.60509565551138, 35.047809918327566], [136.60478441712422, 35.04810280967873], [136.6045201641687, 35.04829454799092], [136.60405101243342, 35.04842018396249], [136.60360842165738, 35.04845603491712], [136.60337512924025, 35.04846408992625], [136.60333975998566, 35.048463771685704], [136.60270061771618, 35.04845629273799], [136.6025678221231, 35.04846532912543], [136.60228193673083, 35.048500331452985], [136.6019868408107, 35.04855221058479], [136.59974742920832, 35.048941478628805], [136.5994855320604, 35.048996005787345], [136.5996418031497, 35.0491565811658], [136.59970568197926, 35.04928338469607], [136.59970790150226, 35.04928823255348], [136.59975805832195, 35.04940066582596], [136.5997471413171, 35.04947607382864], [136.59967353442948, 35.04957995940398], [136.59941754957896, 35.049774108632036], [136.59944107488263, 35.04986343251937], [136.59955561877499, 35.04988160350129], [136.59971573077277, 35.04986673284631], [136.6000530429302, 35.04983690696334], [136.60011643424838, 35.04989765442478], [136.6001459150861, 35.05001047033712], [136.60011900987797, 35.050245892003566], [136.60017708360422, 35.05036328651561], [136.60024099788117, 35.05049466630509], [136.6003267769013, 35.05087298975637], [136.60049711472797, 35.05146970647053], [136.60055525838487, 35.0515964676623], [136.6005674568606, 35.05169986114904], [136.60059418874863, 35.05182917053112], [136.6006413885274, 35.05202190305271], [136.60074593236453, 35.052233085764094], [136.60098362021154, 35.052655311671266], [136.60127289232892, 35.05308679119566], [136.60141775285638, 35.05333073871296], [136.601636354509, 35.053877868867396], [136.60193930189746, 35.054615087959476], [136.60224107588286, 35.05519237038067], [136.60230670111633, 35.05532339332782], [136.6027144199245, 35.05613819502813], [136.60284794953998, 35.056401002496635], [136.60296904121924, 35.05652745469883], [136.60326811858803, 35.056737680932805], [136.60397785886963, 35.057150604644235], [136.6034355858842, 35.05732731155096], [136.6036393673427, 35.05780626209186], [136.6032225645346, 35.05792600624658], [136.6034406367603, 35.058397773784364], [136.6029496513089, 35.05855077411187], [136.6024931515303, 35.05871775885335], [136.6025628716254, 35.05886326857968], [136.60257527863828, 35.058994976081905], [136.60253645634563, 35.05915989657814], [136.60293971967695, 35.06030121316271], [136.60399167336993, 35.0601783198638], [136.6059129299816, 35.05999003905781], [136.60664820885697, 35.05998405617659], [136.6102924145277, 35.06063870371084], [136.61161635797666, 35.06050170375858], [136.61377627172945, 35.06027815381991], [136.61468948906685, 35.06018368523337], [136.6153683995828, 35.06011074743765], [136.61650486102945, 35.05998865832367], [136.6189599737469, 35.06092236169025]]]}}, {"type": "Feature", "properties": {"rowId": 199, "city_name": "桑名市", "town_name": "島田（西部）", "households": 184, "population": 477, "e_stat_code": "24205138001"}, "geometry": {"type": "Polygon", "coordinates": [[[136.62195387327537, 35.05431919227788], [136.6225132568151, 35.05417737114879], [136.62254102370062, 35.05423575141132], [136.6234489246679, 35.05403994083814], [136.62410026704603, 35.05387241968359], [136.6239342927965, 35.053756582870726], [136.62372747906997, 35.05382075062331], [136.6234591111847, 35.053866291245335], [136.62330342099065, 35.053589339778924], [136.6232570530454, 35.0535516200608], [136.62301148439673, 35.05356556303607], [136.6228558911631, 35.05330121625246], [136.62435906972246, 35.05307880708126], [136.62468883740385, 35.053032876427984], [136.62458018972768, 35.05288202680035], [136.62454152938543, 35.05284426751556], [136.6243943238641, 35.05267453232162], [136.62436250277568, 35.05252955230836], [136.62445368465728, 35.05240914875375], [136.62452206857367, 35.05231400433624], [136.62308941872575, 35.05172174782441], [136.62281091882426, 35.05144536359962], [136.62245540417598, 35.051144095273536], [136.62237750627793, 35.05099308728254], [136.62223651636916, 35.0506338805627], [136.62232701543377, 35.05041876291802], [136.62241048761416, 35.05029213319188], [136.62234821010387, 35.05017879069204], [136.62251568443733, 35.049994824847936], [136.6226096310086, 35.049732293613324], [136.62263960526357, 35.04963748949235], [136.6227157004146, 35.04954871467189], [136.62231023377154, 35.04873643333583], [136.62211206165946, 35.0484249183841], [136.62203427294128, 35.04829278003887], [136.6219567261234, 35.04819211607921], [136.62186419428144, 35.048135754642956], [136.62174887355408, 35.04811739726268], [136.6216790842276, 35.048023032256914], [136.62160149068308, 35.04791617088046], [136.6214322422918, 35.04787287537968], [136.62130188525103, 35.04789248058198], [136.6203338090733, 35.047789995508836], [136.6202183863425, 35.04775276288554], [136.62013284302245, 35.04760791207018], [136.62003057473655, 35.047286451972035], [136.61992281968145, 35.047249180042556], [136.61987376211192, 35.04697639578221], [136.61969960955767, 35.046968755417076], [136.61944448185807, 35.04685919959412], [136.6193539160856, 35.046847051240086], [136.61907133648907, 35.04694390513777], [136.61863312313318, 35.04722126604692], [136.61863500502776, 35.047501826028636], [136.618661220792, 35.04791846368148], [136.61868025324029, 35.04839809555953], [136.61858680785548, 35.04923196690578], [136.61848003355917, 35.04982913965873], [136.61826147073253, 35.05036053862625], [136.61811033455172, 35.05067701385842], [136.6180194378985, 35.05083529408525], [136.61793524507033, 35.05087360861595], [136.61775148257897, 35.050937637839326], [136.61755291637863, 35.05107117996635], [136.6174346229323, 35.05116332879132], [136.61702630131046, 35.05198611677727], [136.61678831778337, 35.05198731896439], [136.6167531452285, 35.05200784924679], [136.61672896424045, 35.05204318410901], [136.61670493889088, 35.05209344760493], [136.6167145038101, 35.05214614661475], [136.61675448186745, 35.05218362174472], [136.61674855144864, 35.05220872332705], [136.61673054875152, 35.052251561854355], [136.61689665517414, 35.05232002032506], [136.6168606974796, 35.05242259845331], [136.61683746743043, 35.052493069751726], [136.61706215127325, 35.05256700667674], [136.61708096538567, 35.05261402544388], [136.61722968452142, 35.05298574762988], [136.6173077578846, 35.05315585047576], [136.617455183339, 35.05336342067964], [136.61755643513294, 35.053552280692315], [136.61780885541756, 35.05431159076815], [136.61698559420782, 35.05451829839437], [136.61720350605722, 35.05510397648621], [136.6172816739565, 35.05528668548869], [136.61726802124937, 35.05550781759349], [136.61699984937133, 35.05557854309474], [136.61660920623993, 35.055700522852675], [136.61668751648077, 35.05590210601239], [136.61660322125257, 35.055927814814126], [136.61666548459374, 35.056034826948455], [136.6165199289003, 35.056079790349074], [136.61659900315385, 35.05638235787057], [136.61674010998658, 35.05676679784449], [136.61703237737893, 35.05733667569073], [136.61739108880244, 35.05806713691189], [136.61751533580446, 35.05824961182103], [136.61753928649307, 35.05836949426516], [136.6174632242266, 35.058464600487824], [136.61745623049924, 35.05855294915131], [136.6174722321528, 35.05864132158437], [136.6176574085765, 35.058760316398654], [136.61801185719403, 35.05892260865869], [136.61834274704498, 35.05902198864252], [136.61921575235954, 35.05922277194598], [136.61939278421943, 35.05927863419504], [136.6195552174794, 35.05943562963537], [136.61969552518224, 35.05971274074872], [136.62029596990044, 35.059409817081466], [136.6205539815228, 35.05901074570837], [136.62078880381426, 35.058592848590976], [136.62070970992235, 35.058290285582984], [136.62210190278435, 35.058109589350785], [136.62199956984077, 35.05778179383245], [136.6217423127285, 35.057231613449936], [136.62149800506882, 35.056800595069085], [136.62139564872376, 35.056620055184496], [136.6213250378023, 35.05642470565374], [136.62249304427644, 35.056049426709905], [136.62218782161116, 35.05529330117586], [136.62229487273004, 35.05523598784831], [136.62195387327537, 35.05431919227788]]]}}, {"type": "Feature", "properties": {"rowId": 200, "city_name": "桑名市", "town_name": "島田（東部）", "households": 38, "population": 58, "e_stat_code": "24205138002"}, "geometry": {"type": "Polygon", "coordinates": [[[136.62441951772266, 35.054451704225], [136.62431023664237, 35.05421860005165], [136.6242013962963, 35.05404239616469], [136.62410026704603, 35.05387241968359], [136.6234489246679, 35.05403994083814], [136.62254102370062, 35.05423575141132], [136.6225132568151, 35.05417737114879], [136.62195387327537, 35.05431919227788], [136.62229487273004, 35.05523598784831], [136.6225289054053, 35.05521900841963], [136.62266674739723, 35.05516780454008], [136.6228963158658, 35.05506556332618], [136.6228763042228, 35.055013552298504], [136.62373125473346, 35.05480878857104], [136.62453587879588, 35.054608854560016], [136.62441951772266, 35.054451704225]]]}}, {"type": "Feature", "properties": {"rowId": 7, "city_name": "桑名市", "town_name": "清水町", "households": 29, "population": 76, "e_stat_code": "242050070"}, "geometry": {"type": "Polygon", "coordinates": [[[136.69369787405046, 35.06830125980198], [136.69370462365356, 35.068102340601], [136.69367111710105, 35.06746905711337], [136.69342929708708, 35.067472691772416], [136.69341939315694, 35.06729943253541], [136.6934242036195, 35.067199964177654], [136.6932611371826, 35.067207867272955], [136.69325482257872, 35.06712459089297], [136.6930861474858, 35.06713245534465], [136.69288374656995, 35.06713825783557], [136.6928826819634, 35.06734637029511], [136.69271389367785, 35.067335783482385], [136.69213186081058, 35.06734607419551], [136.69212950652778, 35.06756919456527], [136.6921720727036, 35.06794812107537], [136.69223498134858, 35.06840320259043], [136.69267607101048, 35.06835216450723], [136.69369787405046, 35.06830125980198]]]}}, {"type": "Feature", "properties": {"rowId": 188, "city_name": "桑名市", "town_name": "下深谷部（山王）", "households": 458, "population": 1158, "e_stat_code": "24205128401"}, "geometry": {"type": "Polygon", "coordinates": [[[136.65955350911346, 35.10525621166203], [136.65981375730868, 35.10524409142923], [136.660212058239, 35.105241923678925], [136.6609139635056, 35.10526429774088], [136.66128823200302, 35.10487583827323], [136.661650379785, 35.10491231474644], [136.66288592744388, 35.104936554200336], [136.66349288173816, 35.10498027853853], [136.66367345034544, 35.104986403911354], [136.66366829835198, 35.104641563114164], [136.6636337142453, 35.10461977994509], [136.66374572103058, 35.103816540221885], [136.66383612195952, 35.103646533264715], [136.66437081711226, 35.10295506520133], [136.6644539135727, 35.10267727744605], [136.66571001075727, 35.10294039792498], [136.6658289126163, 35.102203031926756], [136.6658865968632, 35.10193587660412], [136.66625773112824, 35.100876974999906], [136.66622454383824, 35.1008687767439], [136.66550193594264, 35.10073562599888], [136.6655447328136, 35.1006821500959], [136.66509078960678, 35.10059872176993], [136.66500222816273, 35.10059371474446], [136.66475163885252, 35.100579664725366], [136.66415256294053, 35.100557805238736], [136.6638514676363, 35.100513395108194], [136.66365981550368, 35.10044958317494], [136.66333273772622, 35.10034460774285], [136.66317713176136, 35.100324542413155], [136.66300875708822, 35.10030454667384], [136.6630289512822, 35.100115838744664], [136.6625114701334, 35.10006894624705], [136.6626424917945, 35.09926419076516], [136.66382354081793, 35.09940449875188], [136.66390699926518, 35.09884388337441], [136.66481296198023, 35.09897674361626], [136.66484372199554, 35.099039745493904], [136.66499192412977, 35.09900280581775], [136.66501595430398, 35.09891238955141], [136.66505864998166, 35.09875172789486], [136.66543301850942, 35.09879263346252], [136.66545358966755, 35.09861413473], [136.66511763991048, 35.09856625724664], [136.665144503277, 35.09848709338159], [136.66522332443844, 35.09836919269025], [136.66514300763603, 35.09796532508299], [136.6653939044055, 35.09787021330311], [136.66533081958616, 35.09772034382999], [136.6655077188956, 35.09766183650672], [136.66586161608075, 35.09755143993582], [136.66587101647633, 35.09754857135012], [136.66579859698828, 35.09727797434905], [136.6657512421636, 35.09704984727309], [136.6656514614759, 35.09707145124052], [136.66558064418655, 35.09681894443875], [136.66567402109462, 35.09680026253705], [136.66562873316613, 35.09664705599697], [136.66562873622703, 35.096478740228356], [136.6656359591247, 35.096349964116875], [136.66567002380884, 35.09613977109388], [136.66568885633754, 35.096089876898674], [136.6660155157251, 35.09601350430859], [136.66605219488005, 35.09578752113921], [136.66620038857087, 35.095750579598246], [136.66618529492152, 35.09558579808756], [136.6658354113046, 35.095508631690294], [136.6660255625563, 35.09522074789825], [136.66627027029105, 35.09526665993424], [136.6663206053672, 35.0952711718482], [136.66637082300002, 35.09526124785814], [136.66642985119765, 35.095239021543826], [136.6664740550123, 35.095216876633565], [136.66650338140963, 35.095182700374146], [136.66653506338378, 35.09513773672787], [136.66657107446952, 35.09499859027146], [136.66625940608293, 35.094889735754286], [136.66634073553226, 35.0947492134967], [136.66669637469465, 35.09417583293843], [136.66689918492915, 35.09392280858431], [136.66714304679908, 35.09367603672619], [136.66742151634315, 35.093785847573066], [136.66749402034475, 35.09368241713566], [136.6676679697689, 35.09342624031558], [136.66794978889317, 35.09358955332872], [136.66871233244458, 35.09300716496168], [136.66885325668142, 35.093087729499054], [136.66934730116424, 35.09263104644015], [136.66994644824186, 35.09308726153075], [136.67048489001346, 35.09267997884707], [136.67081560652107, 35.09276632230898], [136.6710722097901, 35.09236172166727], [136.6712296280422, 35.09210788487116], [136.6713015076138, 35.09198663761936], [136.67136481158977, 35.09188557983322], [136.67149552000228, 35.09159322777436], [136.67168105583744, 35.091122114387176], [136.67185010198693, 35.09060475354235], [136.6720056116228, 35.09005662021404], [136.67067397023783, 35.090449281951024], [136.67050940685928, 35.09050512333767], [136.67040149830612, 35.09054255121698], [136.67028327694956, 35.09059729061439], [136.6701778662035, 35.090662593304415], [136.66988958241052, 35.0905721403498], [136.66966940994433, 35.09085322358214], [136.66951089061462, 35.091087979914256], [136.6685727693985, 35.09074236537645], [136.66629918998814, 35.08994378687105], [136.6659751521597, 35.090681999200115], [136.66533946346158, 35.09047385997307], [136.66512463072277, 35.09086040296872], [136.66465156013413, 35.090751723116156], [136.66462790395278, 35.091093906622156], [136.66429739272579, 35.09105761710691], [136.66424488141288, 35.091096003911225], [136.66426599175227, 35.09125864038932], [136.6642404869005, 35.09137279853428], [136.66416950229802, 35.09157403846211], [136.66377266818367, 35.091505644091185], [136.66369886928234, 35.09136491617663], [136.66365123872708, 35.09119143834398], [136.663649787471, 35.091012355637375], [136.6637346692006, 35.09089245066469], [136.6639904099158, 35.0906630865332], [136.6641222610746, 35.09063518040653], [136.66422768127785, 35.09060748979411], [136.66431291236918, 35.09052561253389], [136.6644035952776, 35.09030799538778], [136.66429760506796, 35.09027047631532], [136.66471988429956, 35.08940503566112], [136.66378284264755, 35.08909268858481], [136.66366445225725, 35.0891530564913], [136.66358616926195, 35.089272925344225], [136.66310116476257, 35.08973150781957], [136.66287941325308, 35.09089437916366], [136.66149953932708, 35.09094536143734], [136.66195390620166, 35.08833180699823], [136.66139958633042, 35.087973901254685], [136.6608546658206, 35.08755882702377], [136.65994954832286, 35.086689848303116], [136.65972384149904, 35.086456983341336], [136.659474584465, 35.08662447086269], [136.65931190211833, 35.08649901222207], [136.6591214583142, 35.086436946448366], [136.65890197692846, 35.086285387150966], [136.65869852787833, 35.08611366928487], [136.65840959066912, 35.08586938445405], [136.65707409838745, 35.0869148317067], [136.65546415410327, 35.08809541496235], [136.6552817749169, 35.088195769559135], [136.65506051457575, 35.08829823589215], [136.65383884458728, 35.08878470420769], [136.65335486997466, 35.088949500978124], [136.65305124815382, 35.08903888511354], [136.65268166589811, 35.08910848242098], [136.65035502681832, 35.08950754275893], [136.65015148583313, 35.089576805394536], [136.64994566384044, 35.089617698609096], [136.64997535006418, 35.08979029278284], [136.64995256245714, 35.08997978790062], [136.64993087078795, 35.09030216923356], [136.64983504241786, 35.09044888455796], [136.6496845462494, 35.09058420262676], [136.64952787355548, 35.09070800387521], [136.64920155070504, 35.09084264300501], [136.6489076744396, 35.09099034814023], [136.64861415071388, 35.0911879815017], [136.64840147881344, 35.091381801561646], [136.64824950213497, 35.0915852966829], [136.64817779369187, 35.09172188197951], [136.64816158694555, 35.09196937181552], [136.64810201955302, 35.09210265262863], [136.64805485010044, 35.09227565787463], [136.64805176869672, 35.09239525552836], [136.6480170792466, 35.09260812507516], [136.64798160117223, 35.09272127585035], [136.64787600874612, 35.09291283266172], [136.64779162439504, 35.092979694202185], [136.6476947413157, 35.09299352249433], [136.64753701077873, 35.09298443421295], [136.6471404901316, 35.0929333801607], [136.6468983109355, 35.09297784257426], [136.64671298842015, 35.09305524309733], [136.64514640547966, 35.093787840548245], [136.641928439216, 35.095283283049014], [136.6398119194259, 35.0962629560467], [136.64013152129962, 35.096727342131956], [136.64021159893838, 35.09678790731981], [136.64029409460144, 35.09681796510602], [136.6405544451876, 35.09686018280618], [136.64084913918228, 35.09687820347626], [136.64088017892607, 35.09694663387648], [136.64081602511473, 35.09722374266365], [136.64084363604505, 35.097363109151914], [136.6408919669343, 35.09743468658076], [136.64099885596534, 35.0975322234342], [136.64139209285307, 35.097768743847155], [136.64151761179428, 35.097870477570034], [136.6416200772521, 35.09808135102182], [136.6420530560475, 35.0981400459922], [136.64228761196955, 35.09810499946354], [136.6424162463222, 35.098101078288344], [136.64245345842707, 35.09810961432172], [136.64275899911615, 35.09849364107287], [136.6430961644095, 35.098855808875875], [136.6431548233884, 35.098894654472005], [136.64332750063485, 35.09891775251638], [136.6435659676985, 35.098872964091164], [136.643764668686, 35.098832682866615], [136.64381770956348, 35.09883240116723], [136.64427982830728, 35.098368310006755], [136.64447102365165, 35.098218626671404], [136.64462069849154, 35.098144659352464], [136.64473721589795, 35.098098333925705], [136.64485951648075, 35.09807937346601], [136.64493522748285, 35.098096224240926], [136.6453066649845, 35.09837003145123], [136.6454838755699, 35.09846824621929], [136.64566227510352, 35.09854356629552], [136.64580695466205, 35.098721604943314], [136.64593798927652, 35.09885372756133], [136.64622054528755, 35.09901567827573], [136.64641213630335, 35.09908444724295], [136.64691866388102, 35.09921569314366], [136.6473462699875, 35.099265736774996], [136.64743278008467, 35.0992990085061], [136.6475719089251, 35.099446439636615], [136.64775095198058, 35.0996023901169], [136.64788425008865, 35.09968449775317], [136.64801462663726, 35.09972732433124], [136.64826717909082, 35.099849147199414], [136.64931120081872, 35.100195193588206], [136.64940184818656, 35.10021499061047], [136.64949260286102, 35.10024830856136], [136.64998809692275, 35.100488901494394], [136.65011798084785, 35.10056137675161], [136.65021960762013, 35.100636327384535], [136.6503112556782, 35.100722599412194], [136.6505382010822, 35.10098005276723], [136.65060234466836, 35.10096970836601], [136.6509062151262, 35.100975754214765], [136.65148797163937, 35.10105545020539], [136.6518844861364, 35.10119712712083], [136.65213236356686, 35.10133305253899], [136.6523797638592, 35.10141454161683], [136.6530892851281, 35.101541431475226], [136.65318508136488, 35.10157795959453], [136.6533277907793, 35.10166761585184], [136.6534028308737, 35.10176094759396], [136.65359332471238, 35.10202359170927], [136.6538619869357, 35.102438353720366], [136.6539474802245, 35.102509796511136], [136.65410728396148, 35.102583021652485], [136.65423995073013, 35.10258448923452], [136.65436571160535, 35.10254782368078], [136.65697051608572, 35.101939849096716], [136.65695610745746, 35.10197020981987], [136.65656067029266, 35.10280322372991], [136.65712220193674, 35.10302469628744], [136.6568468438025, 35.103262393209235], [136.65675902933654, 35.103350476497276], [136.65653196658369, 35.10376538035472], [136.6568135668753, 35.10381949102344], [136.65703850386797, 35.103791089201884], [136.6570816104609, 35.10380733446597], [136.65727486183297, 35.10388326191299], [136.65785766288403, 35.10399876675278], [136.6578947168771, 35.10407765312105], [136.65785595811525, 35.10411201876528], [136.6578147088606, 35.104161469873766], [136.65768178261908, 35.104629246847054], [136.65748900998705, 35.10461324890488], [136.65744103297882, 35.104801613168654], [136.65797298936968, 35.104907745717945], [136.65847329958515, 35.10496277753393], [136.65847635955043, 35.10501832590314], [136.658524505366, 35.10517623857265], [136.65860597816385, 35.105274178643675], [136.65869342706108, 35.10530039508629], [136.65955350911346, 35.10525621166203]]]}}, {"type": "Feature", "properties": {"rowId": 190, "city_name": "桑名市", "town_name": "下深谷部（中央部）", "households": 131, "population": 297, "e_stat_code": "24205128403"}, "geometry": {"type": "Polygon", "coordinates": [[[136.67345267502432, 35.09008339072877], [136.67355867157386, 35.089896951416954], [136.67362277833706, 35.089920117606226], [136.67384860459438, 35.089505540696756], [136.67372669536476, 35.08946558219321], [136.67356682448343, 35.08942477783351], [136.6734275796474, 35.08942301562305], [136.67337487137058, 35.0894626755141], [136.6732414229954, 35.08953553075468], [136.67308802833097, 35.08961546795791], [136.67302260180125, 35.08962998610838], [136.67281161159852, 35.08967643942616], [136.6727602580996, 35.0896725684185], [136.6725764463461, 35.089658727858904], [136.67228526317746, 35.08964329797434], [136.67210046940758, 35.08962446086417], [136.6720056116228, 35.09005662021404], [136.67185010198693, 35.09060475354235], [136.67168105583744, 35.091122114387176], [136.67149552000228, 35.09159322777436], [136.67136481158977, 35.09188557983322], [136.6713015076138, 35.09198663761936], [136.6712296280422, 35.09210788487116], [136.6710722097901, 35.09236172166727], [136.67081560652107, 35.09276632230898], [136.6707519752398, 35.092885199658035], [136.67050553298307, 35.09329650426296], [136.67013179500776, 35.093900349330696], [136.6699988282772, 35.09411158350925], [136.66979203420252, 35.09438463612984], [136.66960040665361, 35.09465788585218], [136.66939130355416, 35.094984260897085], [136.66925014712928, 35.095210962090505], [136.66903284622268, 35.09554639625027], [136.66890465449066, 35.09575570163919], [136.66874506024953, 35.09600194059737], [136.66840281580468, 35.09652560334144], [136.6680185501303, 35.09712956946294], [136.66836526876295, 35.09717456324153], [136.66952468163765, 35.09756367536104], [136.66958854239945, 35.09758219617342], [136.6701635523003, 35.0977757172406], [136.67050774841968, 35.09779480246089], [136.67063176860313, 35.09784531511957], [136.67258777878743, 35.09847598603417], [136.67262300889888, 35.09844107147391], [136.67308481433014, 35.09794370811621], [136.67325141642422, 35.097764116880434], [136.6734971356075, 35.09749929520214], [136.67373840167414, 35.09722977929344], [136.67393914781798, 35.09700344746092], [136.67403391978243, 35.09690981932148], [136.67411240441123, 35.09684663512981], [136.67455934090324, 35.09658013027906], [136.67488301009382, 35.096401495449825], [136.6753684725232, 35.09612653320019], [136.6757137961721, 35.09592988782743], [136.67585382911827, 35.095838894275296], [136.6760210761408, 35.09572302995882], [136.6762609192843, 35.095557815870855], [136.67626424036754, 35.09555547335564], [136.6747447757953, 35.09426705760435], [136.67368876035155, 35.09339352812133], [136.67285892084578, 35.092784870694985], [136.67281110706784, 35.09275337411064], [136.67185916971866, 35.092127288261246], [136.67200282710724, 35.09192500779645], [136.67214861016257, 35.09170010808772], [136.67234825870375, 35.091419345919476], [136.6726011140551, 35.09106589131699], [136.67278811073103, 35.09084653746067], [136.67324578174583, 35.09032088473831], [136.67345267502432, 35.09008339072877]]]}}, {"type": "Feature", "properties": {"rowId": 189, "city_name": "桑名市", "town_name": "下深谷部（東部）", "households": 271, "population": 641, "e_stat_code": "24205128402"}, "geometry": {"type": "Polygon", "coordinates": [[[136.66941584432809, 35.102929437799524], [136.66973575946997, 35.10228729998496], [136.66995486632487, 35.10188262777816], [136.67008758958076, 35.101676747663475], [136.67029828149663, 35.101359376372216], [136.6706512909465, 35.100804873984906], [136.67077670926594, 35.100607131824106], [136.67086046649408, 35.10048067896], [136.67103433035155, 35.100224217260966], [136.67113239695652, 35.10008205024039], [136.67124666192885, 35.0999404278813], [136.67142585488062, 35.09973302212544], [136.67170984626785, 35.099431581826195], [136.67191978863508, 35.09920210194048], [136.67218275760132, 35.098913312973785], [136.67258777878743, 35.09847598603417], [136.67063176860313, 35.09784531511957], [136.67050774841968, 35.09779480246089], [136.6701635523003, 35.0977757172406], [136.66958854239945, 35.09758219617342], [136.66952468163765, 35.09756367536104], [136.66937200197088, 35.09790150001516], [136.66883453951547, 35.09777784020165], [136.66775652314806, 35.09754553189747], [136.667513367429, 35.097911670656586], [136.6672989282825, 35.098258353521686], [136.66727457089033, 35.09830827777849], [136.66697316120207, 35.09878192179315], [136.66686508063108, 35.09893667624886], [136.66665540052065, 35.0992685432294], [136.66650464761614, 35.099491984161354], [136.66633386385044, 35.09973905680459], [136.66620264133377, 35.09989879602241], [136.66608560052913, 35.10001627337384], [136.665996396299, 35.1001268375634], [136.66579338096605, 35.10037810065097], [136.66564173634032, 35.10056098081571], [136.6655447328136, 35.1006821500959], [136.66550193594264, 35.10073562599888], [136.66622454383824, 35.1008687767439], [136.66625773112824, 35.100876974999906], [136.6658865968632, 35.10193587660412], [136.6658289126163, 35.102203031926756], [136.66571001075727, 35.10294039792498], [136.6644539135727, 35.10267727744605], [136.66437081711226, 35.10295506520133], [136.66383612195952, 35.103646533264715], [136.66374572103058, 35.103816540221885], [136.6636337142453, 35.10461977994509], [136.66366829835198, 35.104641563114164], [136.66367345034544, 35.104986403911354], [136.66414653668693, 35.105002335048425], [136.66451387703546, 35.10503454901301], [136.66503006319553, 35.105123623284825], [136.66568743765058, 35.105286781499444], [136.6682302030634, 35.105672948316396], [136.66856903983913, 35.105724391359765], [136.66866665965665, 35.10522715104969], [136.6687120873642, 35.10489238509445], [136.66875349697108, 35.10460081137529], [136.6687909772297, 35.10436320378008], [136.66882074374692, 35.10425155793646], [136.66887435269703, 35.10410562479925], [136.66905588996167, 35.10366390864536], [136.66941584432809, 35.102929437799524]]]}}, {"type": "Feature", "properties": {"rowId": 192, "city_name": "桑名市", "town_name": "下深谷部（南西部）", "households": 198, "population": 494, "e_stat_code": "24205128405"}, "geometry": {"type": "Polygon", "coordinates": [[[136.6674078970046, 35.097119408813995], [136.6675893460096, 35.09710939611534], [136.66780389292222, 35.09711272250966], [136.6680185501303, 35.09712956946294], [136.66840281580468, 35.09652560334144], [136.66874506024953, 35.09600194059737], [136.66890465449066, 35.09575570163919], [136.66903284622268, 35.09554639625027], [136.66925014712928, 35.095210962090505], [136.66939130355416, 35.094984260897085], [136.66960040665361, 35.09465788585218], [136.66979203420252, 35.09438463612984], [136.6699988282772, 35.09411158350925], [136.67013179500776, 35.093900349330696], [136.67050553298307, 35.09329650426296], [136.6707519752398, 35.092885199658035], [136.67081560652107, 35.09276632230898], [136.67048489001346, 35.09267997884707], [136.66994644824186, 35.09308726153075], [136.66934730116424, 35.09263104644015], [136.66885325668142, 35.093087729499054], [136.66871233244458, 35.09300716496168], [136.66794978889317, 35.09358955332872], [136.6676679697689, 35.09342624031558], [136.66749402034475, 35.09368241713566], [136.66742151634315, 35.093785847573066], [136.66714304679908, 35.09367603672619], [136.66689918492915, 35.09392280858431], [136.66669637469465, 35.09417583293843], [136.66634073553226, 35.0947492134967], [136.66625940608293, 35.094889735754286], [136.66657107446952, 35.09499859027146], [136.66653506338378, 35.09513773672787], [136.66650338140963, 35.095182700374146], [136.6664740550123, 35.095216876633565], [136.66642985119765, 35.095239021543826], [136.66637082300002, 35.09526124785814], [136.6663206053672, 35.0952711718482], [136.66627027029105, 35.09526665993424], [136.6660255625563, 35.09522074789825], [136.6658354113046, 35.095508631690294], [136.66618529492152, 35.09558579808756], [136.66620038857087, 35.095750579598246], [136.66605219488005, 35.09578752113921], [136.6660155157251, 35.09601350430859], [136.66568885633754, 35.096089876898674], [136.66567002380884, 35.09613977109388], [136.6656359591247, 35.096349964116875], [136.66562873622703, 35.096478740228356], [136.66562873316613, 35.09664705599697], [136.66567402109462, 35.09680026253705], [136.66558064418655, 35.09681894443875], [136.6656514614759, 35.09707145124052], [136.6657512421636, 35.09704984727309], [136.66579859698828, 35.09727797434905], [136.66587101647633, 35.09754857135012], [136.66614831124323, 35.09746507518838], [136.6664968320593, 35.09736836871761], [136.6667464920419, 35.09729016348388], [136.6669797617798, 35.0972302174382], [136.66714154349958, 35.097172847806235], [136.66728151607742, 35.09713602054219], [136.6674078970046, 35.097119408813995]]]}}, {"type": "Feature", "properties": {"rowId": 191, "city_name": "桑名市", "town_name": "下深谷部（北東部）", "households": 85, "population": 197, "e_stat_code": "24205128404"}, "geometry": {"type": "Polygon", "coordinates": [[[136.66697316120207, 35.09878192179315], [136.66727457089033, 35.09830827777849], [136.6672989282825, 35.098258353521686], [136.667513367429, 35.097911670656586], [136.66775652314806, 35.09754553189747], [136.66883453951547, 35.09777784020165], [136.66937200197088, 35.09790150001516], [136.66952468163765, 35.09756367536104], [136.66836526876295, 35.09717456324153], [136.6680185501303, 35.09712956946294], [136.66780389292222, 35.09711272250966], [136.6675893460096, 35.09710939611534], [136.6674078970046, 35.097119408813995], [136.66728151607742, 35.09713602054219], [136.66714154349958, 35.097172847806235], [136.6669797617798, 35.0972302174382], [136.6667464920419, 35.09729016348388], [136.6664968320593, 35.09736836871761], [136.66614831124323, 35.09746507518838], [136.66587101647633, 35.09754857135012], [136.66586161608075, 35.09755143993582], [136.6655077188956, 35.09766183650672], [136.66533081958616, 35.09772034382999], [136.6653939044055, 35.09787021330311], [136.66514300763603, 35.09796532508299], [136.66522332443844, 35.09836919269025], [136.665144503277, 35.09848709338159], [136.66511763991048, 35.09856625724664], [136.66545358966755, 35.09861413473], [136.66546953444293, 35.0985462282289], [136.66552172876777, 35.09853692753058], [136.66560978286498, 35.09854320520388], [136.6660901874249, 35.09877325170677], [136.66617297846278, 35.098806671385894], [136.66686508063108, 35.09893667624886], [136.66697316120207, 35.09878192179315]]]}}, {"type": "Feature", "properties": {"rowId": 20, "city_name": "桑名市", "town_name": "職人町", "households": 26, "population": 66, "e_stat_code": "242050200"}, "geometry": {"type": "Polygon", "coordinates": [[[136.69512104347464, 35.065182230354075], [136.69468700226483, 35.06365972678753], [136.69442377059764, 35.06371785464834], [136.69440798699662, 35.063669492356844], [136.69419676314516, 35.06370943323787], [136.6942177602953, 35.06378157002475], [136.69430640858786, 35.06412445598977], [136.6945913020418, 35.06522103736109], [136.69483155564558, 35.06520001491584], [136.69512104347464, 35.065182230354075]]]}}, {"type": "Feature", "properties": {"rowId": 337, "city_name": "桑名市", "town_name": "城山台", "households": 77, "population": 283, "e_stat_code": "242052200"}, "geometry": {"type": "Polygon", "coordinates": [[[136.65664248838323, 35.05243836649491], [136.65796323823056, 35.052233538562646], [136.65844786255514, 35.0521244303395], [136.65889043763852, 35.05196230582393], [136.6592109815145, 35.05185978878293], [136.65946035300294, 35.051820477498694], [136.65966828420898, 35.05180406672865], [136.6596443350813, 35.05170158637802], [136.6594489885855, 35.05155813195862], [136.6592394009617, 35.051369119065185], [136.65852056995934, 35.05167725389939], [136.65844924303542, 35.05143424780681], [136.65836093352775, 35.0513738778115], [136.65815681599892, 35.05129511944317], [136.658064140203, 35.0512607479026], [136.6578714459183, 35.05117497198146], [136.65769903662977, 35.051087178965524], [136.65760052048327, 35.05102712913267], [136.65747156290797, 35.050932422355416], [136.65737002225086, 35.05085664778015], [136.65726433117217, 35.050769923855334], [136.6571534511196, 35.05068704403875], [136.65701843259097, 35.05063196151608], [136.65674392911836, 35.05054376387028], [136.65666180148335, 35.050521283909674], [136.65648756030947, 35.05039147034758], [136.65625046357528, 35.05021520414943], [136.6560042685367, 35.050134498976725], [136.65594378530858, 35.05011048547503], [136.6555296236896, 35.05013525362278], [136.6553520075466, 35.05011579146917], [136.65526301501126, 35.050106040097575], [136.65517141553872, 35.050166029529194], [136.65519053677087, 35.05036334692469], [136.65513690477832, 35.050373551555886], [136.65514062662584, 35.050427619228124], [136.65521197739972, 35.0504398557171], [136.65522006500694, 35.05062821731589], [136.65504987439803, 35.0507300976208], [136.6548647697193, 35.050749123409844], [136.65485021065388, 35.05084746141659], [136.6549689005983, 35.051021705778446], [136.65505024190995, 35.051186235195395], [136.65506170691614, 35.05119347636773], [136.65522231688198, 35.05118260405253], [136.65531111706204, 35.05122432056799], [136.65533235169215, 35.05123429587394], [136.65537568687284, 35.051307081049565], [136.65531903730823, 35.05133194210189], [136.65515939933402, 35.051401998057166], [136.65528799958133, 35.05158159745287], [136.65530439285146, 35.0518242213882], [136.6553054124919, 35.05183932186055], [136.65537582742715, 35.05187139470345], [136.65541443169764, 35.05190093470747], [136.65531948540908, 35.05219283237482], [136.65529084426163, 35.05227961870979], [136.65549341562075, 35.05236725304625], [136.65585097680807, 35.05235959993204], [136.65607632771636, 35.052358383808176], [136.65645836509404, 35.05236490768173], [136.6565429531618, 35.052388063472726], [136.65659433768465, 35.052441302817186], [136.65664248838323, 35.05243836649491]]]}}, {"type": "Feature", "properties": {"rowId": 163, "city_name": "桑名市", "town_name": "新倉持", "households": 61, "population": 180, "e_stat_code": "242051151"}, "geometry": {"type": "Polygon", "coordinates": [[[136.665042149232, 35.06103580280791], [136.66499572773265, 35.06071435333903], [136.66508329495508, 35.06070281740403], [136.66507696739083, 35.06054615529377], [136.66541412888213, 35.060530433456115], [136.66548730203493, 35.06040249234512], [136.66535257038635, 35.060428161416745], [136.6654127983428, 35.06036684284565], [136.66540928017258, 35.06035024115766], [136.66531183259622, 35.06039514382351], [136.66527084630863, 35.060331562904175], [136.66521023720708, 35.06034576827702], [136.66504924829303, 35.06003875040787], [136.66509959595263, 35.06001086780813], [136.66501096989518, 35.05989205187824], [136.6649185425769, 35.05993277106515], [136.66476755182933, 35.059617457636115], [136.66469620352578, 35.05954854952087], [136.6646113452448, 35.05948239147969], [136.66453977351156, 35.05939130098684], [136.6645828345934, 35.05929394792161], [136.66389859156317, 35.05902472216704], [136.66383123237708, 35.05928376357918], [136.6636777457569, 35.0592672069575], [136.66365064919492, 35.05934792192456], [136.6635482642153, 35.05968666512564], [136.66353159427038, 35.05988599073477], [136.66345525663004, 35.060051766603586], [136.66334668434362, 35.060187647383216], [136.66325839083532, 35.060252428860856], [136.66326928512316, 35.0603494157947], [136.6633604141423, 35.060354481536116], [136.66338096262623, 35.060395990775994], [136.6633306363297, 35.06042668959855], [136.6633278837451, 35.06050445447361], [136.6633721163191, 35.06055132695374], [136.6633830310469, 35.06065106035156], [136.66349090078475, 35.06064497824228], [136.6635047942774, 35.06069483349039], [136.66352238754152, 35.0607834741028], [136.6634997355897, 35.06090001081251], [136.66346754279994, 35.06109160343627], [136.66387373942914, 35.06106022668913], [136.6640827360967, 35.061050844394536], [136.66434263752095, 35.061071535494214], [136.6645989788794, 35.06107562619709], [136.66478776031258, 35.06106635225294], [136.665042149232, 35.06103580280791]]]}}, {"type": "Feature", "properties": {"rowId": 99, "city_name": "桑名市", "town_name": "神成町一丁目", "households": 25, "population": 42, "e_stat_code": "24205085101"}, "geometry": {"type": "Polygon", "coordinates": [[[136.67625004542538, 35.07445272072249], [136.67614706219777, 35.074092717359754], [136.6761602452092, 35.07382693030962], [136.67615013300818, 35.073535989229796], [136.67614332675274, 35.07317854945166], [136.67592002929024, 35.073160847735465], [136.67552732546582, 35.073131342330925], [136.67533910762032, 35.073638464177094], [136.6752788675334, 35.0737970446063], [136.67625004542538, 35.07445272072249]]]}}, {"type": "Feature", "properties": {"rowId": 100, "city_name": "桑名市", "town_name": "神成町二丁目", "households": 101, "population": 115, "e_stat_code": "24205085102"}, "geometry": {"type": "Polygon", "coordinates": [[[136.67625004542538, 35.07445272072249], [136.6752788675334, 35.0737970446063], [136.67525299712767, 35.07392691167242], [136.67523877654972, 35.07407248918739], [136.67528845951867, 35.074664418777154], [136.67532703766724, 35.074922593632266], [136.675371783048, 35.07522221513243], [136.6754139801821, 35.075716435503026], [136.67547652000778, 35.0758362329183], [136.67572558946495, 35.0760489394901], [136.67607926882823, 35.07629909319929], [136.6766682649015, 35.075703113990194], [136.67691880948698, 35.07529050441157], [136.6770392371364, 35.07496714489909], [136.67625004542538, 35.07445272072249]]]}}, {"type": "Feature", "properties": {"rowId": 43, "city_name": "桑名市", "town_name": "新地", "households": 135, "population": 337, "e_stat_code": "242050430"}, "geometry": {"type": "Polygon", "coordinates": [[[136.67897036205423, 35.05766675945228], [136.67919895373402, 35.057615479886884], [136.6792230673546, 35.057703728173585], [136.67950520376982, 35.05762841525029], [136.67952184227752, 35.057667478046326], [136.68046138578893, 35.05741051767969], [136.68127913093738, 35.05717867094384], [136.68104989973298, 35.05668451555982], [136.6808408708476, 35.056188766944096], [136.68064834480933, 35.055740955448066], [136.68062569571435, 35.055684671739435], [136.68032384199213, 35.05575692852516], [136.6798621294037, 35.055874871090225], [136.6779353204784, 35.05626981150251], [136.67816180634802, 35.0568123710554], [136.67839043196687, 35.05733364917397], [136.6786301127838, 35.05785564024133], [136.67900398583535, 35.05775544814302], [136.67897036205423, 35.05766675945228]]]}}, {"type": "Feature", "properties": {"rowId": 85, "city_name": "桑名市", "town_name": "新築町", "households": 76, "population": 147, "e_stat_code": "242050730"}, "geometry": {"type": "Polygon", "coordinates": [[[136.69127943879025, 35.06297872148278], [136.6912302409234, 35.06281251626235], [136.69110114413195, 35.062845646569215], [136.690896783954, 35.06245024481702], [136.68955219842164, 35.06273078430616], [136.69003014322914, 35.06422045076727], [136.6906336602714, 35.06409455073451], [136.69117274717695, 35.06399662164634], [136.6915447236126, 35.06392400788237], [136.69116583251392, 35.0630105664567], [136.69127943879025, 35.06297872148278]]]}}, {"type": "Feature", "properties": {"rowId": 139, "city_name": "桑名市", "town_name": "新西方一丁目", "households": 42, "population": 96, "e_stat_code": "24205105001"}, "geometry": {"type": "Polygon", "coordinates": [[[136.6618622967032, 35.07464956207323], [136.66343598887426, 35.07427933662722], [136.66511490724966, 35.07385668127672], [136.66343081630987, 35.069874544691224], [136.66313695523453, 35.06994234967335], [136.66208950731135, 35.07021702238835], [136.6621661722903, 35.07045034585781], [136.66095677405391, 35.07074596287688], [136.66126696774117, 35.071645224580614], [136.66135112824242, 35.07187843670862], [136.6617340920978, 35.07298343531925], [136.6618104621398, 35.073179787772894], [136.66189466800316, 35.07341299919327], [136.661823223044, 35.073831574717296], [136.66172223020936, 35.07429341044653], [136.6618622967032, 35.07464956207323]]]}}, {"type": "Feature", "properties": {"rowId": 145, "city_name": "桑名市", "town_name": "新西方七丁目", "households": 25, "population": 78, "e_stat_code": "24205105007"}, "geometry": {"type": "Polygon", "coordinates": [[[136.66313695523453, 35.06994234967335], [136.66343081630987, 35.069874544691224], [136.66325551631382, 35.06946788079061], [136.66311099015564, 35.069116473716655], [136.6629150985048, 35.06866823108833], [136.66271414750324, 35.0682242406861], [136.66257278454634, 35.067845067496826], [136.66246420596468, 35.06755311351679], [136.66239112522163, 35.0672761077075], [136.66232266257757, 35.06694513032458], [136.66227230647792, 35.06655996692702], [136.66225551871804, 35.06615243693414], [136.6622829873592, 35.065794456700615], [136.66231442110058, 35.06550864019049], [136.66154966461673, 35.065620983582335], [136.66098218816214, 35.065725346439706], [136.660406129722, 35.06581714665732], [136.65964149878783, 35.06594060510786], [136.65860741184042, 35.06610348511694], [136.65659090703917, 35.066437883371776], [136.65640918012303, 35.066468471720455], [136.65668993671508, 35.06807783555069], [136.65671791724247, 35.06824211560102], [136.6588074226988, 35.067686224824556], [136.6597816137062, 35.06744157840902], [136.6607246652807, 35.06720474759456], [136.66122467077477, 35.06858974136111], [136.66147511052614, 35.069283434091666], [136.66150779837042, 35.069316355281195], [136.66155074645164, 35.06944239426208], [136.66160245922325, 35.069553111425435], [136.66164166221088, 35.06963704657358], [136.66194627841676, 35.06982940737039], [136.66201118406195, 35.06991631030752], [136.6622156243031, 35.069981817513856], [136.6623693154192, 35.06999471243832], [136.662497538955, 35.0699618283036], [136.6625611661268, 35.069885773256495], [136.6626216327646, 35.069768255577586], [136.66268234859965, 35.06967616002234], [136.6627547539919, 35.06965280663241], [136.66293930857805, 35.06967940553035], [136.6630489109302, 35.06975909112282], [136.66313695523453, 35.06994234967335]]]}}, {"type": "Feature", "properties": {"rowId": 141, "city_name": "桑名市", "town_name": "新西方三丁目", "households": 270, "population": 659, "e_stat_code": "24205105003"}, "geometry": {"type": "Polygon", "coordinates": [[[136.6577448528755, 35.0741212986485], [136.65749274480814, 35.07253605421528], [136.65714924047813, 35.072605524526764], [136.65558889979948, 35.07299525272317], [136.65561861327518, 35.07310608226371], [136.65561580265785, 35.073279414531825], [136.65553038220096, 35.07342220518425], [136.6554387645794, 35.07349157684206], [136.65528859849445, 35.07357739164776], [136.6551887749822, 35.07366518733345], [136.65510312765227, 35.07378502080422], [136.6551023751126, 35.073798124511846], [136.65508352971082, 35.074124999356435], [136.6550696147751, 35.074216838036094], [136.6549867044418, 35.074764983326986], [136.65490891915468, 35.07481822177224], [136.65489710716076, 35.07491589545165], [136.65496729469348, 35.074956785582835], [136.6550359398202, 35.075512210030126], [136.65488706858272, 35.07593204395567], [136.65475578626248, 35.07639854556069], [136.65534611072027, 35.0762752822325], [136.6564518292841, 35.076006264235], [136.6567633927324, 35.075925911906914], [136.65732308954463, 35.07578167764245], [136.65788128469012, 35.07563780047225], [136.65813574139256, 35.07557219205065], [136.65799306924555, 35.075220768928354], [136.6577448528755, 35.0741212986485]]]}}, {"type": "Feature", "properties": {"rowId": 140, "city_name": "桑名市", "town_name": "新西方二丁目", "households": 294, "population": 660, "e_stat_code": "24205105002"}, "geometry": {"type": "Polygon", "coordinates": [[[136.6613511282424, 35.07187843670862], [136.6612669677412, 35.071645224580614], [136.65958709507387, 35.072041844293075], [136.65781388997405, 35.072466563363676], [136.65749274480814, 35.07253605421528], [136.6577448528755, 35.0741212986485], [136.65799306924555, 35.075220768928354], [136.65813574139256, 35.07557219205065], [136.65879040627541, 35.075403419383726], [136.66012434168496, 35.07508495897577], [136.6618622967032, 35.07464956207323], [136.6617222302094, 35.074293410446536], [136.661823223044, 35.07383157471733], [136.66189466800316, 35.073412999193295], [136.66181046213984, 35.0731797877729], [136.66173409209773, 35.072983435319266], [136.6613511282424, 35.07187843670862]]]}}, {"type": "Feature", "properties": {"rowId": 143, "city_name": "桑名市", "town_name": "新西方五丁目", "households": 403, "population": 928, "e_stat_code": "24205105005"}, "geometry": {"type": "Polygon", "coordinates": [[[136.66095677405391, 35.07074596287688], [136.6621661722903, 35.07045034585782], [136.66208950731135, 35.07021702238835], [136.65992443294132, 35.070739325811196], [136.65978700639926, 35.07039562198556], [136.65972814085453, 35.070232305347325], [136.65941975934695, 35.06937673331898], [136.65930826563047, 35.06906943593085], [136.65885748200708, 35.06782698279764], [136.65880742269883, 35.067686224824556], [136.65671791724247, 35.06824211560102], [136.65681196647049, 35.06879431568442], [136.65704591596088, 35.069986193219776], [136.65725016395012, 35.07120274021923], [136.65749274480814, 35.07253605421528], [136.65781388997405, 35.072466563363676], [136.65958709507387, 35.072041844293075], [136.6612669677412, 35.071645224580614], [136.66095677405391, 35.07074596287688]]]}}, {"type": "Feature", "properties": {"rowId": 144, "city_name": "桑名市", "town_name": "新西方六丁目", "households": 216, "population": 696, "e_stat_code": "24205105006"}, "geometry": {"type": "Polygon", "coordinates": [[[136.66208950731135, 35.07021702238835], [136.66313695523453, 35.06994234967335], [136.6630489109302, 35.06975909112282], [136.66293930857805, 35.06967940553035], [136.6627547539919, 35.06965280663241], [136.66268234859965, 35.06967616002234], [136.66262163276463, 35.06976825557761], [136.66256116612686, 35.0698857732565], [136.662497538955, 35.0699618283036], [136.6623693154192, 35.069994712438344], [136.6622156243031, 35.069981817513856], [136.66201118406195, 35.06991631030752], [136.66194627841676, 35.06982940737039], [136.66164166221088, 35.06963704657358], [136.66160245922327, 35.06955311142544], [136.66155074645164, 35.069442394262076], [136.66150779837042, 35.06931635528121], [136.66147511052614, 35.069283434091666], [136.6612246707748, 35.068589741361116], [136.6607246652807, 35.067204747594545], [136.65978161370623, 35.06744157840902], [136.65880742269883, 35.067686224824556], [136.65885748200708, 35.06782698279764], [136.65930826563047, 35.06906943593085], [136.65941975934695, 35.06937673331898], [136.65972814085453, 35.070232305347325], [136.65978700639926, 35.07039562198556], [136.65992443294132, 35.070739325811196], [136.66208950731135, 35.07021702238835]]]}}, {"type": "Feature", "properties": {"rowId": 142, "city_name": "桑名市", "town_name": "新西方四丁目", "households": 230, "population": 588, "e_stat_code": "24205105004"}, "geometry": {"type": "Polygon", "coordinates": [[[136.65671791724247, 35.06824211560102], [136.65668993671508, 35.06807783555069], [136.656407085051, 35.06829000925839], [136.65625267210055, 35.06840563781991], [136.6560970052079, 35.06849838529209], [136.6559944553503, 35.06859767701717], [136.6557915368391, 35.06871589200875], [136.65577000971862, 35.068819321857035], [136.6557042978538, 35.068978134242144], [136.655493181393, 35.06929731712373], [136.655176099902, 35.06980869853704], [136.65517517043975, 35.07004068448749], [136.65521859946315, 35.07023334461964], [136.65525595799795, 35.070368640947365], [136.65523101500796, 35.07042011576326], [136.6551996659807, 35.07048486569008], [136.65518647549942, 35.07058134915595], [136.65524075047907, 35.07073261103241], [136.65527229582253, 35.07101378893197], [136.65527574712067, 35.071445406693186], [136.6553259239035, 35.071780359736884], [136.65532227831753, 35.07179580311998], [136.65526514039152, 35.07203675498753], [136.65523438198227, 35.07215903857982], [136.65521371020492, 35.0722414069688], [136.65527865833948, 35.07247916321596], [136.65527892252854, 35.07248014774174], [136.65530574989998, 35.07257845780851], [136.65533572209287, 35.07265752368163], [136.6554846950199, 35.07277615970833], [136.65548638969247, 35.072779108958215], [136.65556684238624, 35.07292029866021], [136.65558889979948, 35.07299525272317], [136.65714924047813, 35.072605524526764], [136.65749274480814, 35.07253605421528], [136.65725016395012, 35.07120274021923], [136.65704591596088, 35.069986193219776], [136.65681196647049, 35.06879431568442], [136.65671791724247, 35.06824211560102]]]}}, {"type": "Feature", "properties": {"rowId": 36, "city_name": "桑名市", "town_name": "新町", "households": 59, "population": 142, "e_stat_code": "242050360"}, "geometry": {"type": "Polygon", "coordinates": [[[136.6913367726163, 35.05839272916223], [136.69118784536153, 35.05809997415159], [136.69113325830773, 35.05811669387758], [136.6906535064818, 35.05826365389066], [136.6906152320035, 35.058193868340524], [136.6904125686858, 35.05826213637935], [136.69023506285836, 35.058312512851295], [136.69001282081712, 35.05839525823244], [136.69021577844538, 35.05867165012244], [136.6903115662393, 35.058812942054566], [136.69054130229947, 35.05911101408235], [136.69062664327922, 35.05920658822946], [136.69084524550536, 35.05949937011179], [136.6909963538184, 35.05971549046507], [136.69115347880688, 35.05993911242775], [136.69130209741226, 35.06013904821205], [136.69144838514873, 35.060341956036595], [136.69157368112437, 35.060528573047876], [136.6917971980355, 35.060844847728035], [136.692173218971, 35.06070023512671], [136.69232469482372, 35.06061964987595], [136.69223923610184, 35.06049527371666], [136.69223590067116, 35.06049078551658], [136.692128953411, 35.060347375006494], [136.69218228001995, 35.06030298547706], [136.69212369767075, 35.06019169543283], [136.69206479439737, 35.060082871518375], [136.69198525504936, 35.059954376227765], [136.69189701913493, 35.05977494314249], [136.69181299578324, 35.05960224570958], [136.69172029034036, 35.05938544216935], [136.69161557054684, 35.059206101647], [136.69147033609855, 35.05887924074595], [136.69122475989735, 35.05842998783871], [136.6913367726163, 35.05839272916223]]]}}, {"type": "Feature", "properties": {"rowId": 31, "city_name": "桑名市", "town_name": "新屋敷", "households": 267, "population": 530, "e_stat_code": "242050310"}, "geometry": {"type": "Polygon", "coordinates": [[[136.69339972896276, 35.05900754141237], [136.69366337861052, 35.058934694563966], [136.69371352622056, 35.05900574940537], [136.69394890666132, 35.0589323591548], [136.69390419148095, 35.05883563969947], [136.69413251965508, 35.05874869787035], [136.69404031345607, 35.058586260922674], [136.6939201246543, 35.058532578901044], [136.69384094648325, 35.058436760025], [136.6942169114806, 35.05827721174873], [136.6945312283357, 35.05815033948833], [136.6940919072295, 35.05715027719326], [136.69436159190911, 35.05710317049039], [136.6943747207186, 35.05708584179908], [136.6943511724502, 35.05703583367747], [136.69429008782066, 35.05687695092709], [136.69438900083077, 35.056855962108685], [136.6943131817177, 35.05667653012022], [136.69414076201267, 35.05671505181001], [136.6941200800443, 35.05664439321787], [136.69388814768774, 35.05670945340468], [136.6936999636461, 35.05642875711945], [136.69362056583972, 35.05631716407176], [136.69350236867217, 35.05615438211503], [136.6934284823794, 35.05601050270895], [136.6936463652501, 35.05595031200255], [136.69353671449167, 35.05567930864804], [136.6933969844441, 35.055754898105256], [136.6929394265344, 35.055774763266676], [136.69284751553045, 35.05571725725178], [136.6927741694523, 35.05566767374519], [136.6925818095414, 35.05554559768397], [136.6921332966367, 35.05548533473131], [136.69140709995983, 35.05554383998969], [136.69127908406864, 35.05554111788263], [136.69105566059196, 35.05548802056366], [136.69086562728265, 35.05547896049374], [136.69049389306232, 35.055464102073294], [136.6902130797446, 35.05545548665069], [136.6903435017627, 35.05574341840257], [136.6905704008991, 35.056214047902486], [136.69120769371685, 35.05613408156052], [136.69141742571603, 35.0565232547442], [136.69112086680784, 35.05661318552486], [136.69150085625463, 35.05735633318013], [136.6917396773071, 35.057280251447686], [136.69181131993167, 35.05738653811864], [136.6920438236224, 35.05730260414911], [136.69218586430142, 35.05762659576596], [136.69215762577232, 35.05763450347929], [136.6922060600387, 35.057746203518654], [136.6924201278158, 35.05815577346916], [136.69256421962353, 35.05810403499174], [136.69275504969278, 35.058454367845044], [136.69293215506534, 35.05840244006542], [136.69305418368756, 35.058673373763355], [136.69315903317042, 35.05886285354875], [136.69325536441357, 35.05902188720226], [136.69335060762478, 35.05913867132005], [136.69345177071733, 35.05909464139073], [136.69339972896276, 35.05900754141237]]]}}, {"type": "Feature", "properties": {"rowId": 71, "city_name": "桑名市", "town_name": "新矢田一丁目", "households": 103, "population": 233, "e_stat_code": "24205065001"}, "geometry": {"type": "Polygon", "coordinates": [[[136.68108299315745, 35.06050243313952], [136.68249369743998, 35.06013527478273], [136.6827688536943, 35.06006449958167], [136.68302069115708, 35.06000160278644], [136.68333303874323, 35.05990758809449], [136.68317644947368, 35.059345560500226], [136.6831219427644, 35.05912578835941], [136.68301471436789, 35.0587258129001], [136.68281404107725, 35.058761450243225], [136.682848406161, 35.05890774145739], [136.68272740181362, 35.05892997188794], [136.68271698328118, 35.05889270509693], [136.68221119025705, 35.058995198566706], [136.68224926288005, 35.0591239332505], [136.68203464078454, 35.05917133771163], [136.68199137226452, 35.059025518809825], [136.68192462763616, 35.058868352400836], [136.68174289054335, 35.05893085450705], [136.68183484583733, 35.059127599298336], [136.68161877556906, 35.059181279000974], [136.68173563281076, 35.0594631684726], [136.68135133667138, 35.0596132186653], [136.6809693054029, 35.059757549408445], [136.68052679485498, 35.05993679721531], [136.68017731714377, 35.060061717525706], [136.68007501021685, 35.06012377170677], [136.67997265194066, 35.06017434677933], [136.68002023485363, 35.0602778871157], [136.68019289541039, 35.060246144893156], [136.68034713050284, 35.060249083332494], [136.68047339262012, 35.06025605225768], [136.68060447038619, 35.06028602365713], [136.6806855879062, 35.06031282302007], [136.68078257614562, 35.06034270304419], [136.68088967757706, 35.060388654210875], [136.68098006182956, 35.06044300809875], [136.68108299315745, 35.06050243313952]]]}}, {"type": "Feature", "properties": {"rowId": 72, "city_name": "桑名市", "town_name": "新矢田二丁目", "households": 118, "population": 309, "e_stat_code": "24205065002"}, "geometry": {"type": "Polygon", "coordinates": [[[136.68479629420125, 35.059574192752784], [136.6847498796697, 35.05940092679204], [136.68418493186368, 35.059507002610474], [136.6838769034739, 35.059558668513475], [136.68389715683477, 35.05974299858274], [136.6836592905906, 35.05980201557436], [136.68333303874323, 35.05990758809449], [136.68302069115708, 35.06000160278644], [136.6827688536943, 35.06006449958167], [136.68249369743998, 35.06013527478273], [136.68108299315745, 35.06050243313952], [136.6811837056113, 35.06058877351514], [136.68127381953312, 35.06068777827256], [136.68138744272937, 35.0608639080462], [136.6813999600654, 35.060884944463524], [136.68150592582973, 35.06106304001905], [136.68165255736469, 35.06127356304598], [136.6817647143668, 35.061463785700425], [136.68203051433846, 35.06192984592296], [136.68222857899966, 35.06225318261512], [136.68234466725005, 35.06244183351524], [136.68280665757723, 35.06235845894557], [136.68275302723407, 35.06208973593148], [136.68399211583008, 35.06187719222609], [136.68486567188182, 35.061724516168006], [136.68469336827656, 35.06107715390062], [136.6850369549867, 35.0610162699874], [136.68517614466444, 35.06099161123291], [136.68479629420125, 35.059574192752784]]]}}, {"type": "Feature", "properties": {"rowId": 224, "city_name": "桑名市", "town_name": "地蔵", "households": 192, "population": 484, "e_stat_code": "242051490"}, "geometry": {"type": "Polygon", "coordinates": [[[136.70057930290926, 35.0584584300559], [136.70091356876208, 35.05808662880327], [136.7013941303744, 35.05838675242774], [136.70152809156568, 35.05826808692254], [136.70182204913849, 35.057955390929706], [136.70235156422203, 35.057402027404635], [136.70342619752998, 35.05631957019006], [136.7042317762071, 35.056539488020945], [136.70912868532366, 35.057693149261276], [136.70957449005599, 35.056474373711566], [136.7097668457421, 35.056177885658336], [136.71042562897074, 35.055162514285236], [136.7116069670729, 35.05323432163619], [136.71187818998212, 35.052618904426865], [136.71200937115785, 35.051799724531584], [136.7118910198245, 35.050913766324626], [136.71163368847436, 35.04959508581385], [136.71136028203847, 35.04819417115793], [136.70555693105126, 35.04778576246708], [136.70470351004533, 35.047733532031124], [136.70469525684902, 35.047814357098225], [136.70467825874584, 35.04791375528222], [136.70462152675256, 35.04806831564222], [136.70457474393018, 35.04834402006852], [136.70456213413087, 35.048435998126344], [136.7045540836782, 35.04853527395791], [136.7042046184053, 35.04894034462281], [136.7040225714445, 35.049266060187314], [136.70392529256333, 35.04943078462343], [136.70380029168626, 35.04954890837613], [136.70367603583503, 35.049753438318774], [136.703406775165, 35.05019029618836], [136.70309615093674, 35.05070676210792], [136.70298001379993, 35.05088011694056], [136.70294116223707, 35.05100302305277], [136.70293409281393, 35.051042502079824], [136.70293438185777, 35.05107616310308], [136.70271280253004, 35.05173092070025], [136.70270845999613, 35.051763693540416], [136.70271369240243, 35.05194416358968], [136.70267893149875, 35.05220458578419], [136.7025950458817, 35.05248881360767], [136.70240732400234, 35.05264870819137], [136.7023750487615, 35.05271988343115], [136.70236318118899, 35.052774038603594], [136.7023765557885, 35.05289551512834], [136.70242222409047, 35.053307520627996], [136.7011938662417, 35.05298671881188], [136.70123241549442, 35.05304304712829], [136.70233828657763, 35.05465988797558], [136.70116267894898, 35.05606659301628], [136.70144886974293, 35.056477843888736], [136.70099335859308, 35.05698697195574], [136.7007420736746, 35.05720702192142], [136.70033601229179, 35.057580575402405], [136.7001274943346, 35.05737367068078], [136.6989327079591, 35.058027479095124], [136.69903859208048, 35.0580754630545], [136.6991313992285, 35.05807147798404], [136.69936033192732, 35.05820199580891], [136.69943641429546, 35.05821543086236], [136.69954686162635, 35.058301488117976], [136.69960721799728, 35.05845389266664], [136.6996799806501, 35.058574887046326], [136.69980332889358, 35.058692067535105], [136.6999688985731, 35.05880914649665], [136.7001403524844, 35.05891302124408], [136.70060802880616, 35.05921829282456], [136.7008229404196, 35.05899584788247], [136.7006787993376, 35.058911113025694], [136.70091011734687, 35.05866927566851], [136.70057930290926, 35.0584584300559]]]}}, {"type": "Feature", "properties": {"rowId": 115, "city_name": "桑名市", "town_name": "太夫", "households": 100, "population": 272, "e_stat_code": "242050890"}, "geometry": {"type": "Polygon", "coordinates": [[[136.66736195684277, 35.06561360587184], [136.66738863012904, 35.065523314877446], [136.66777526883905, 35.06552801982147], [136.66779407024939, 35.06534431770421], [136.66799632207838, 35.06524721525814], [136.66791332128543, 35.065026466179006], [136.66802955152065, 35.06496321853366], [136.66793143944136, 35.064759243405156], [136.66802489409605, 35.06470238892956], [136.66814228404252, 35.06478104173338], [136.66833007010314, 35.0647800080066], [136.66815510121165, 35.064488847671655], [136.6683880798072, 35.06442073096264], [136.6686562441321, 35.06431910939299], [136.66849428496667, 35.06410562738084], [136.6684042186456, 35.06401611926693], [136.6681929352189, 35.06389819382714], [136.66813156996892, 35.06382543013918], [136.66808384632844, 35.06370273023662], [136.66810155706509, 35.06357966965374], [136.66820810378164, 35.06346379755962], [136.66842646321015, 35.063304983048575], [136.66867754056813, 35.06314612932909], [136.66875785708766, 35.06325322631653], [136.66884269757577, 35.06333733967678], [136.66912705709873, 35.0632474598395], [136.66940677667694, 35.0631613369144], [136.66932317842767, 35.062940873180786], [136.66918578497635, 35.062714791312146], [136.66891562221636, 35.0622513324407], [136.66882705616862, 35.062282525310785], [136.66875272749957, 35.062336810710505], [136.6686832830894, 35.062417830225996], [136.66857629628632, 35.06247990023763], [136.66831088787202, 35.062031836935326], [136.66804697955212, 35.06205047385145], [136.66793059657257, 35.062104918645694], [136.66775842616516, 35.06219812353091], [136.66758619353055, 35.0622835811804], [136.66745551407783, 35.062307399254514], [136.66731546472892, 35.06232739475299], [136.66721320993605, 35.062397185440815], [136.66705539837838, 35.0625286916558], [136.66699519429508, 35.062598109136566], [136.66695840340935, 35.062671342322], [136.66684684325782, 35.06274498679249], [136.66665512338594, 35.06273068653122], [136.66661212035925, 35.06261943941303], [136.6665463098472, 35.06257374317439], [136.66641958797626, 35.062505210819715], [136.66632970743586, 35.062375064691494], [136.66625182814684, 35.062277530524256], [136.666301613716, 35.062601213727355], [136.66629443541987, 35.062750554789375], [136.66624193780066, 35.06281971887426], [136.66614052892336, 35.06288337646608], [136.6661105341284, 35.06297079801566], [136.66612311357198, 35.063142989295635], [136.6661593469651, 35.063480268533944], [136.66613495840662, 35.06357223696201], [136.66613022993897, 35.06367557682774], [136.66625750708124, 35.06404348491064], [136.66606390098656, 35.06393433120975], [136.6658795084927, 35.06392611763764], [136.6657627393067, 35.06398647875261], [136.66565235467775, 35.06415244214536], [136.66553700027922, 35.064391886817816], [136.6653334609748, 35.06512084851608], [136.66531710533772, 35.06518995439175], [136.66523431243778, 35.06528907396157], [136.66499063314734, 35.06537421519592], [136.66487060586965, 35.06538170390994], [136.66471970727318, 35.065368727496555], [136.66461920877578, 35.06537624932386], [136.66455820228813, 35.0654316558976], [136.6645282421052, 35.06552365448908], [136.66357687287507, 35.06667467879623], [136.6647939508792, 35.06711698061013], [136.66657919947428, 35.066070882048805], [136.66673256902718, 35.06589270892664], [136.66736195684277, 35.06561360587184]]]}}, {"type": "Feature", "properties": {"rowId": 68, "city_name": "桑名市", "town_name": "大福（寺跡）", "households": 365, "population": 779, "e_stat_code": "24205062002"}, "geometry": {"type": "MultiPolygon", "coordinates": [[[[136.68959748693058, 35.04639841189005], [136.68956317615707, 35.04643748148121], [136.68949613844964, 35.04647983608994], [136.68942112006283, 35.04651005125968], [136.68726141480423, 35.04713238450535], [136.68748321029673, 35.047627065862066], [136.6876269889219, 35.04794760268838], [136.68770928575037, 35.04813115895217], [136.69141122316518, 35.04705221411406], [136.6902820783793, 35.04662023766891], [136.69009205708028, 35.04660025955347], [136.68992131962722, 35.04654636797827], [136.68959748693058, 35.04639841189005]]], [[[136.6870265596864, 35.05336685410021], [136.68763408801874, 35.05319192972174], [136.68846411529492, 35.05296144422016], [136.68825765821413, 35.05247027075431], [136.6874317035663, 35.05269052005716], [136.68722519715263, 35.052192655114425], [136.68915692058107, 35.0516350672601], [136.68831839940964, 35.04962636133723], [136.6873751561957, 35.049893192379535], [136.6863661640634, 35.05019419193111], [136.6855905537341, 35.05041611588451], [136.68480310231658, 35.05064620117732], [136.68346853404665, 35.05102373269484], [136.6836894307917, 35.05151990454772], [136.68312929228202, 35.05168264001605], [136.6832995139907, 35.05204331726461], [136.682651132007, 35.052238379313586], [136.68265606612945, 35.052249901358316], [136.6824096809232, 35.052332557359264], [136.68267797876177, 35.05292114404818], [136.68291700790948, 35.05286000913856], [136.68314539939468, 35.052796820834445], [136.68359922576997, 35.05267545980893], [136.68379039572176, 35.053118557436655], [136.68386653608616, 35.05328334668853], [136.68396106959017, 35.05340964973343], [136.68402266441424, 35.05350916588193], [136.68407517007736, 35.0536434528403], [136.6845251178442, 35.053523659761495], [136.68432470219912, 35.05302519188678], [136.6845670230856, 35.05294311886127], [136.6846100365142, 35.05305823376603], [136.68448418182035, 35.05309352142287], [136.6846416822192, 35.05348849490838], [136.68458574955068, 35.05350796587157], [136.68470005637064, 35.05376092283056], [136.6849611115298, 35.05368641925269], [136.6849513586593, 35.053636543303156], [136.68513784654758, 35.053585559348654], [136.68519006559322, 35.053685127761156], [136.68530666244737, 35.05365376503154], [136.68544947807277, 35.053613731659816], [136.68552740465114, 35.05378696049751], [136.68607293973608, 35.05363788841715], [136.68629434055896, 35.054130459921566], [136.68722888537906, 35.05386136178454], [136.6870265596864, 35.05336685410021]]]]}}, {"type": "Feature", "properties": {"rowId": 67, "city_name": "桑名市", "town_name": "大福（北部）", "households": 129, "population": 314, "e_stat_code": "24205062001"}, "geometry": {"type": "MultiPolygon", "coordinates": [[[[136.68507517479676, 35.05418664027296], [136.6851515714906, 35.0543866395588], [136.6851655099952, 35.05441480144777], [136.68518010140787, 35.05444422730584], [136.68629434055896, 35.054130459921566], [136.68607293973608, 35.05363788841715], [136.68552740465114, 35.05378696049751], [136.68544947807277, 35.053613731659816], [136.68530666244737, 35.05365376503154], [136.68519006559322, 35.053685127761156], [136.68513784654758, 35.053585559348654], [136.6849513586593, 35.053636543303156], [136.6849611115298, 35.05368641925269], [136.68470005637064, 35.05376092283056], [136.68458574955068, 35.05350796587157], [136.6846416822192, 35.05348849490838], [136.68448418182035, 35.05309352142287], [136.6846100365142, 35.05305823376603], [136.6845670230856, 35.05294311886127], [136.68432470219912, 35.05302519188678], [136.6845251178442, 35.053523659761495], [136.68407517007736, 35.0536434528403], [136.68423983696962, 35.054055569404454], [136.6838712061935, 35.05411912681331], [136.6839471739372, 35.05446293767524], [136.68395135519316, 35.054481858521505], [136.68436651172462, 35.054394939776195], [136.68469288159218, 35.05430091311154], [136.68507517479676, 35.05418664027296]]], [[[136.68064834480933, 35.055740955448066], [136.68103541678852, 35.05562800611089], [136.6813523524644, 35.05552636549699], [136.68131417059698, 35.05543051963471], [136.68154748657722, 35.055386885005255], [136.68148109213305, 35.05499343949473], [136.68143306601, 35.054836168188125], [136.68139916789704, 35.05469409877851], [136.68137017153376, 35.05457517287071], [136.68181785306155, 35.05446498030945], [136.68179844773718, 35.05437677540607], [136.68134580049644, 35.054456149480124], [136.68131682669286, 35.05434489978163], [136.68130691593882, 35.0542757977565], [136.6812194191417, 35.05387282211701], [136.6811099936493, 35.0536389190597], [136.68126394065868, 35.053603476851066], [136.6811443375575, 35.05327364178143], [136.68096955521523, 35.05332659624709], [136.680136512161, 35.053459930355544], [136.68015121722183, 35.05354442878875], [136.67994137952488, 35.05359933871491], [136.67963851415163, 35.05370864366586], [136.6797442584526, 35.05406158633542], [136.67984431392063, 35.054291669150416], [136.6798830040986, 35.05444899394563], [136.6799313905625, 35.0546447166465], [136.68012708254824, 35.05513927463192], [136.6801041833216, 35.05519715103738], [136.68032384199213, 35.05575692852516], [136.68062569571435, 35.055684671739435], [136.68064834480933, 35.055740955448066]]], [[[136.6836458027493, 35.054550834904674], [136.6836059559313, 35.054558595238994], [136.68314193279267, 35.0546497306266], [136.682922424213, 35.05470554465661], [136.6829256020457, 35.05473221740977], [136.68295201472765, 35.05479291631217], [136.6826948183723, 35.05483281446662], [136.68274998347576, 35.05500349744137], [136.68293880133473, 35.055847538832005], [136.68373722930275, 35.055705082969205], [136.68419205817685, 35.05560448965347], [136.68411971604215, 35.055335943737866], [136.68402753645344, 35.05493299617504], [136.68400309062446, 35.054708575805485], [136.6839328136919, 35.05448604484604], [136.6836458027493, 35.054550834904674]]]]}}, {"type": "Feature", "properties": {"rowId": 86, "city_name": "桑名市", "town_name": "常盤町", "households": 78, "population": 193, "e_stat_code": "242050740"}, "geometry": {"type": "Polygon", "coordinates": [[[136.69021218053732, 35.06513269052848], [136.6907222421664, 35.06492865618131], [136.69072368633863, 35.065099781226415], [136.691181533202, 35.06503703318564], [136.69147259995805, 35.06503889807777], [136.69153199061975, 35.06441431085804], [136.6919406378572, 35.06435289649264], [136.69193480432307, 35.06416454173784], [136.69213684868532, 35.06411254341486], [136.69232863538656, 35.06408335057668], [136.69214551207332, 35.063805017555595], [136.6915447236126, 35.06392400788237], [136.69117274717695, 35.06399662164634], [136.6906336602714, 35.06409455073451], [136.69003014322914, 35.06422045076727], [136.68997775090975, 35.064228847890355], [136.6893561490238, 35.06432829646432], [136.68904806552834, 35.064365328426], [136.6892009612819, 35.06493039737045], [136.68925166179037, 35.06509236933311], [136.68935504837836, 35.06554003955403], [136.6895900538661, 35.0655008870159], [136.6895733870621, 35.065413795243146], [136.68980060981255, 35.065345529902984], [136.6899349697281, 35.065270750317495], [136.69021218053732, 35.06513269052848]]]}}, {"type": "Feature", "properties": {"rowId": 16, "city_name": "桑名市", "town_name": "殿町", "households": 15, "population": 31, "e_stat_code": "242050160"}, "geometry": {"type": "Polygon", "coordinates": [[[136.69362603590042, 35.066293566349856], [136.693583359349, 35.066240639083546], [136.6935301846087, 35.06610114933166], [136.69351523615043, 35.06599482169682], [136.6934780945472, 35.06592798901971], [136.69325040391644, 35.06594083873499], [136.69324950314976, 35.065834502395916], [136.6928169190344, 35.065724783695636], [136.69270667203185, 35.06598675992236], [136.69281932691786, 35.06600921674608], [136.69277770630393, 35.066404821171496], [136.69265702209142, 35.06643558167407], [136.69270742072433, 35.06673812193654], [136.69326616047982, 35.06663781778536], [136.69325723396742, 35.06658011954747], [136.6934005001437, 35.0665607797918], [136.69342678929416, 35.06667619739914], [136.6936796504921, 35.066651724814726], [136.69362603590042, 35.066293566349856]]]}}, {"type": "Feature", "properties": {"rowId": 198, "city_name": "桑名市", "town_name": "友村", "households": 208, "population": 498, "e_stat_code": "242051370"}, "geometry": {"type": "Polygon", "coordinates": [[[136.6282654880557, 35.06166754575194], [136.62807390429555, 35.06085660717077], [136.6276907963017, 35.06095958123555], [136.62770524855944, 35.060845911318694], [136.6277276542425, 35.060763679105975], [136.62773390358367, 35.06058054155677], [136.62774810555337, 35.060428913237665], [136.6278396871234, 35.06035907011488], [136.62769619293894, 35.06017353912144], [136.627586748943, 35.05992156172543], [136.62753944243164, 35.05975764649183], [136.627548111514, 35.059394559870505], [136.62755706370865, 35.0590567554463], [136.62749302189545, 35.058722497230875], [136.62731055267747, 35.057959542099915], [136.6272581565417, 35.05764099941794], [136.62721744945418, 35.05734443923196], [136.62779998207904, 35.05720887931141], [136.62774477500162, 35.05701979251056], [136.6276447559884, 35.05699495819062], [136.62767341036286, 35.05672973004249], [136.62757644368662, 35.0566007916051], [136.62739803478286, 35.05636811619577], [136.6272587202655, 35.05622362200332], [136.62698161540283, 35.05613667539767], [136.6267658151772, 35.056030465262005], [136.6265953630628, 35.05582936991592], [136.62647036029114, 35.05555219032052], [136.626423161861, 35.05540721906292], [136.62636849546672, 35.05528756848924], [136.62614178702415, 35.05526029011482], [136.62577374339753, 35.055325365964876], [136.6254821379586, 35.05534581856785], [136.62541784366775, 35.05532692506049], [136.62537498992265, 35.05529538560423], [136.62515262095238, 35.05508645805927], [136.62492640853026, 35.054883887823046], [136.62473556084967, 35.0547416305704], [136.62453587879588, 35.054608854560016], [136.62373125473346, 35.05480878857104], [136.6228763042228, 35.055013552298504], [136.6228963158658, 35.05506556332618], [136.62266674739723, 35.05516780454008], [136.6225289054053, 35.05521900841963], [136.62229487273004, 35.05523598784831], [136.62218782161116, 35.05529330117586], [136.62249304427644, 35.056049426709905], [136.6213250378023, 35.05642470565374], [136.62139564872376, 35.056620055184496], [136.62149800506882, 35.056800595069085], [136.6217423127285, 35.057231613449936], [136.62199956984077, 35.05778179383245], [136.62210190278435, 35.058109589350785], [136.62070970992235, 35.058290285582984], [136.62078880381426, 35.058592848590976], [136.6205539815228, 35.05901074570837], [136.62029596990044, 35.059409817081466], [136.61969552518224, 35.05971274074872], [136.61978170077953, 35.05993329500426], [136.6189599737469, 35.06092236169025], [136.61939576060348, 35.061073319096174], [136.6197383680423, 35.06116918357638], [136.62374812498277, 35.062507725903856], [136.62586629102202, 35.06235793333564], [136.6261140481231, 35.06235437965867], [136.62841989522434, 35.06232127273333], [136.6282654880557, 35.06166754575194]]]}}, {"type": "Feature", "properties": {"rowId": 174, "city_name": "桑名市", "town_name": "中山町", "households": 103, "population": 253, "e_stat_code": "242051250"}, "geometry": {"type": "Polygon", "coordinates": [[[136.62400692935122, 35.0697769713317], [136.6245404607378, 35.068996735798514], [136.6248169539426, 35.06869135885826], [136.62502793040724, 35.06851132175741], [136.62495415101407, 35.06840162883801], [136.62493507114786, 35.06828707523897], [136.62503632445572, 35.06805232077909], [136.62535414988983, 35.06760221745761], [136.62600638220698, 35.0668936896347], [136.62589668789363, 35.06681446421294], [136.62582771301217, 35.06651579694732], [136.62563443221842, 35.06660658650525], [136.6255012948425, 35.06663713351137], [136.62526456342937, 35.06669145425904], [136.62518463513123, 35.06645530982721], [136.62516317878283, 35.06639408053906], [136.62500130205214, 35.0664359022847], [136.62509367989355, 35.06673177323072], [136.62467970655737, 35.06682954412635], [136.62444985002907, 35.06688143397127], [136.62422009608522, 35.06694677397079], [136.62383254310686, 35.067183986607596], [136.6237119091009, 35.06725932839883], [136.62365156863245, 35.06729949862146], [136.62360022193067, 35.06723314095731], [136.62341281976447, 35.06735931980353], [136.6235670551946, 35.06761226740229], [136.6236650846613, 35.0678523339552], [136.6237428957741, 35.06806933471072], [136.62394308818565, 35.06804203569335], [136.62401121880407, 35.068303594491134], [136.62380150739503, 35.0686606005594], [136.62364616595556, 35.06860534108991], [136.62372689159542, 35.06848069723536], [136.6235463782231, 35.06840993284674], [136.62354156718015, 35.06845848074994], [136.62350010284703, 35.06855341519274], [136.62340458905703, 35.06864292313952], [136.62329283873157, 35.068709344758126], [136.62340212314328, 35.068847237279726], [136.62327460489024, 35.068946699254106], [136.62331572463467, 35.069081632829786], [136.6233407512635, 35.06920671924756], [136.62328538733462, 35.06956785937007], [136.62317305689953, 35.06955850745023], [136.62315389277074, 35.06967396101638], [136.62319835889787, 35.069719931054], [136.62335136358737, 35.06981133040782], [136.6235251666074, 35.07000156983487], [136.6237071765777, 35.070218106243765], [136.62371151798482, 35.070225760241314], [136.62400692935122, 35.0697769713317]]]}}, {"type": "Feature", "properties": {"rowId": 202, "city_name": "桑名市", "town_name": "西正和台一丁目", "households": 69, "population": 187, "e_stat_code": "24205140001"}, "geometry": {"type": "Polygon", "coordinates": [[[136.63320828072844, 35.050981582096654], [136.63317059725134, 35.05053633142216], [136.63225918687294, 35.05055963556916], [136.6322698004464, 35.0509384736723], [136.63028184218598, 35.05101197854896], [136.63047474355415, 35.051137244195], [136.63061404644435, 35.051275396668416], [136.6306993719607, 35.051388617665935], [136.63085449549598, 35.05158978861999], [136.6310091298781, 35.051727931423684], [136.63144941359312, 35.05207283010512], [136.63189750603, 35.05243036435658], [136.6323667652097, 35.05240931573329], [136.6323182200587, 35.05170164267983], [136.63230889422695, 35.051565486775864], [136.63259111265714, 35.05155696579003], [136.63258395663775, 35.05136945687994], [136.63268656196402, 35.0513642009338], [136.63267232404394, 35.05099847944509], [136.63320828072844, 35.050981582096654]]]}}, {"type": "Feature", "properties": {"rowId": 204, "city_name": "桑名市", "town_name": "西正和台三丁目", "households": 94, "population": 204, "e_stat_code": "24205140003"}, "geometry": {"type": "Polygon", "coordinates": [[[136.63266099461103, 35.04941168783586], [136.63265155353798, 35.04916700448937], [136.63189142097653, 35.04918205138124], [136.631162217116, 35.04919855170893], [136.63054059174797, 35.04923342850475], [136.6300031156536, 35.04922990182379], [136.62913185169677, 35.04924396284501], [136.6291038967118, 35.049603912759075], [136.62961917237666, 35.04971481855857], [136.62960885323182, 35.049869597088325], [136.6294467933274, 35.050258699933025], [136.6310433873869, 35.05021246432887], [136.63199520790982, 35.05018226573405], [136.63198449797684, 35.0497908926523], [136.63196627662583, 35.04942484149994], [136.63266099461103, 35.04941168783586]]]}}, {"type": "Feature", "properties": {"rowId": 203, "city_name": "桑名市", "town_name": "西正和台二丁目", "households": 79, "population": 205, "e_stat_code": "24205140002"}, "geometry": {"type": "Polygon", "coordinates": [[[136.63312827985115, 35.049760169482795], [136.6330940543143, 35.049132142993315], [136.6326504312757, 35.04913827633768], [136.63265155353798, 35.04916700448937], [136.63266099461103, 35.04941168783586], [136.63196627662583, 35.04942484149994], [136.63198449797684, 35.0497908926523], [136.63199520790982, 35.05018226573405], [136.6310433873869, 35.05021246432887], [136.6294467933274, 35.050258699933025], [136.62975688665134, 35.050642238653595], [136.63007318410138, 35.05087602051238], [136.63028184218598, 35.05101197854896], [136.6322698004464, 35.0509384736723], [136.63225918687294, 35.05055963556916], [136.63317059725134, 35.05053633142216], [136.63312827985115, 35.049760169482795]]]}}, {"type": "Feature", "properties": {"rowId": 206, "city_name": "桑名市", "town_name": "西正和台五丁目", "households": 73, "population": 194, "e_stat_code": "24205140005"}, "geometry": {"type": "Polygon", "coordinates": [[[136.6330640108202, 35.048573746095045], [136.63302014872434, 35.04775836558153], [136.63299736110045, 35.047334164563075], [136.63244425811527, 35.04734644040593], [136.6320652605629, 35.047006019390125], [136.63143420301412, 35.04725786971243], [136.63139765132266, 35.0473261632248], [136.63131341275886, 35.04749541702282], [136.63123468938613, 35.04763647177886], [136.63112109434545, 35.04769805624819], [136.6310127990576, 35.04770334284803], [136.6309158196193, 35.04769913291138], [136.63073858391618, 35.047643721411845], [136.63063286574743, 35.047771324121214], [136.63059577471176, 35.047935682029156], [136.63055392011117, 35.04802167963193], [136.63063256119344, 35.048222756838086], [136.6326281256665, 35.04814911183777], [136.63263117368862, 35.04854059666203], [136.63264174041572, 35.048913027898095], [136.6326504312757, 35.04913827633768], [136.6330940543143, 35.049132142993315], [136.6330640108202, 35.048573746095045]]]}}, {"type": "Feature", "properties": {"rowId": 205, "city_name": "桑名市", "town_name": "西正和台四丁目", "households": 90, "population": 204, "e_stat_code": "24205140004"}, "geometry": {"type": "Polygon", "coordinates": [[[136.62913185169677, 35.04924396284501], [136.6300031156536, 35.04922990182379], [136.63054059174797, 35.04923342850475], [136.631162217116, 35.04919855170893], [136.63189142097653, 35.04918205138124], [136.63265155353798, 35.04916700448937], [136.6326504312757, 35.04913827633768], [136.63264174041572, 35.048913027898095], [136.63263117368862, 35.04854059666203], [136.6326281256665, 35.04814911183777], [136.63063256119344, 35.048222756838086], [136.63055392011117, 35.04802167963193], [136.6305126575015, 35.048106547821604], [136.6304133373421, 35.048170169746854], [136.63028282455025, 35.04817085329685], [136.63012937464282, 35.048184403873066], [136.63002243548712, 35.04825433312281], [136.62964213775774, 35.04871725922091], [136.62952748441666, 35.048780960091555], [136.62938930747617, 35.04878168240302], [136.62915127429218, 35.04878292633586], [136.62913185169677, 35.04924396284501]]]}}, {"type": "Feature", "properties": {"rowId": 40, "city_name": "桑名市", "town_name": "西鍋屋町", "households": 65, "population": 159, "e_stat_code": "242050400"}, "geometry": {"type": "Polygon", "coordinates": [[[136.68767276902713, 35.05703805556295], [136.688008829661, 35.057006080681546], [136.68801244046716, 35.05704338559097], [136.68826705183625, 35.05702666067372], [136.6882838099647, 35.05656485851643], [136.68834994084312, 35.05655103250017], [136.6882946912466, 35.056443031089195], [136.68825195231486, 35.05645806314521], [136.68819755805163, 35.05637012803013], [136.688127020267, 35.056384472459996], [136.68796680249133, 35.05613755322613], [136.6877998854929, 35.05621955862271], [136.6877534130368, 35.05609080278581], [136.6877106641857, 35.055921249086005], [136.68741400494346, 35.05599419889871], [136.68742028726902, 35.05601310827646], [136.6870669201542, 35.05608989891138], [136.6870924401142, 35.05617137737335], [136.68691591437187, 35.056210687251244], [136.68685631982177, 35.05622250416426], [136.6867966269007, 35.05622770053279], [136.68673675693134, 35.05622726495543], [136.6863903107953, 35.05627675991888], [136.68604804547323, 35.056329611786495], [136.68566049070378, 35.05639968976171], [136.68563226563094, 35.056404356321], [136.6855326702044, 35.05642076421095], [136.68560231889916, 35.056602068673556], [136.68583456721268, 35.05655864254269], [136.68595707288208, 35.056940853145576], [136.6860857688706, 35.057381903558536], [136.68660721644886, 35.05727881151088], [136.6869327421568, 35.057195488765494], [136.68747252852145, 35.0570634859024], [136.68767276902713, 35.05703805556295]]]}}, {"type": "Feature", "properties": {"rowId": 165, "city_name": "桑名市", "town_name": "西別所（西部）", "households": 595, "population": 1405, "e_stat_code": "24205115202"}, "geometry": {"type": "Polygon", "coordinates": [[[136.66130591804583, 35.06240154988677], [136.6614836096827, 35.062344241508974], [136.66159575105073, 35.062352574421006], [136.66173917776788, 35.061733317318875], [136.6619290769749, 35.06103063226191], [136.66199131937523, 35.06080007154214], [136.66150537266086, 35.060766662393675], [136.661380452805, 35.06075079295966], [136.66123547938108, 35.06075989342031], [136.66104860027943, 35.06079281338298], [136.6604334323474, 35.060629745545185], [136.66031196240104, 35.06062209603114], [136.6602109516716, 35.0606448300078], [136.65980770842316, 35.060829987569065], [136.65899004268573, 35.060855277246255], [136.65900453623587, 35.060979923045416], [136.65898835805524, 35.06106607064067], [136.65901580599808, 35.06112409373011], [136.65908360857483, 35.061168093000354], [136.65910778595023, 35.06124007757384], [136.65910551965214, 35.06137326549006], [136.65886656561358, 35.06143836891043], [136.65857311872662, 35.061437145564085], [136.6584619990681, 35.0614599329795], [136.65841507671738, 35.06149349964724], [136.65842719055848, 35.061743021850575], [136.65827219645598, 35.061763229589644], [136.65799967176028, 35.06184513471482], [136.65799138958474, 35.06165657992302], [136.6577926112016, 35.061679842137956], [136.65763007120518, 35.06159762214076], [136.65762949143507, 35.061525509408156], [136.65754773289623, 35.06142883488232], [136.65748340134274, 35.06139594261913], [136.6574558868842, 35.061329539328185], [136.65740121694174, 35.06124102918559], [136.65732669108544, 35.06120262842629], [136.65722877339098, 35.06118935499739], [136.65704682351733, 35.06121252543474], [136.65681779398304, 35.061249753482386], [136.6567097922084, 35.06123921097226], [136.65662858942386, 35.06120640955139], [136.6565402643085, 35.06112927773401], [136.65639575426752, 35.06119104869063], [136.65588919657563, 35.06153493286248], [136.6558258430165, 35.06162394076253], [136.65577976439218, 35.061768421166505], [136.65577393043966, 35.06187937274168], [136.65578125284102, 35.06195419536786], [136.65583660981162, 35.062128621497585], [136.6558405266971, 35.06219522275741], [136.65580773520335, 35.06230906668535], [136.6557883469442, 35.06241734495076], [136.65612423635403, 35.06245574121966], [136.65613222599143, 35.06260823942035], [136.65612832649438, 35.06296595112517], [136.65589243726276, 35.062992157644686], [136.6557600309898, 35.063303520630924], [136.65559320130913, 35.06331688786447], [136.6554933836246, 35.06348940568848], [136.65546379913837, 35.06358654136446], [136.65543107438864, 35.06370876599733], [136.6554721210347, 35.06378065976747], [136.6555365849381, 35.06383031337137], [136.65563822456917, 35.06388518817246], [136.65569280456788, 35.06396250242737], [136.655723545325, 35.06400945025778], [136.6558013895913, 35.064045087138375], [136.6559605715684, 35.06412465204547], [136.65600491341385, 35.0641854710087], [136.65602610292493, 35.064307403580514], [136.65593725177013, 35.06437302821556], [136.65585715719732, 35.064478817776475], [136.65579422424776, 35.0646206427072], [136.6557733310016, 35.0647816771407], [136.6559198333453, 35.064989203118564], [136.65600898060632, 35.06514175580557], [136.65603526545252, 35.06520992567809], [136.65605651931395, 35.065264883890926], [136.65612491551275, 35.06540902616571], [136.65617715168833, 35.06547684486204], [136.65631330138018, 35.065680271769956], [136.6564699596359, 35.065866543997714], [136.65659090703917, 35.066437883371776], [136.65860741184042, 35.06610348511696], [136.65964149878783, 35.06594060510786], [136.66040612972196, 35.06581714665731], [136.66098218816214, 35.065725346439706], [136.66107236375146, 35.064991305387885], [136.6611676457404, 35.064470836370674], [136.6613748535079, 35.06339642571817], [136.66145428774723, 35.06299801882944], [136.6613354191135, 35.062660554423125], [136.66127914802985, 35.06248057209458], [136.66130591804583, 35.06240154988677]]]}}, {"type": "Feature", "properties": {"rowId": 164, "city_name": "桑名市", "town_name": "西別所（東部）", "households": 723, "population": 1709, "e_stat_code": "24205115201"}, "geometry": {"type": "Polygon", "coordinates": [[[136.6645282421052, 35.06552365448908], [136.66455820228813, 35.0654316558976], [136.66461920877578, 35.06537624932386], [136.66471970727318, 35.065368727496555], [136.66487060586965, 35.06538170390994], [136.66499063314734, 35.06537421519592], [136.66523431243778, 35.06528907396157], [136.66531710533772, 35.06518995439175], [136.6653334609748, 35.06512084851608], [136.66553700027922, 35.064391886817816], [136.66565235467775, 35.06415244214536], [136.6657627393067, 35.06398647875261], [136.6658795084927, 35.06392611763764], [136.66606390098656, 35.06393433120975], [136.66625750708124, 35.06404348491064], [136.66613022993897, 35.06367557682774], [136.66613495840662, 35.06357223696201], [136.6661593469651, 35.063480268533944], [136.66612311357198, 35.063142989295635], [136.6661105341284, 35.06297079801566], [136.66614052892336, 35.06288337646608], [136.66624193780066, 35.06281971887426], [136.66629443541987, 35.062750554789375], [136.666301613716, 35.062601213727355], [136.66625182814684, 35.062277530524256], [136.66618367186877, 35.06194352569815], [136.6659268527233, 35.061975710085605], [136.66584713519026, 35.06194156907237], [136.6657990691394, 35.06177654391444], [136.66575604740459, 35.06165769063309], [136.66562803531212, 35.06143549613588], [136.66697596583282, 35.06045939584546], [136.66767391802446, 35.05998666751629], [136.66774993940027, 35.05993526086943], [136.66879371857237, 35.05999008218214], [136.6689244986769, 35.05991097825056], [136.66907833760044, 35.05986012800116], [136.66940006726483, 35.059770041180236], [136.6698191582346, 35.05958321594721], [136.670294272305, 35.05939234697552], [136.67028455925646, 35.05934627198696], [136.67036851554184, 35.059322708966484], [136.6704009366164, 35.05929182395696], [136.67031554368342, 35.059134683460016], [136.66985405909, 35.058997013875725], [136.66924278724628, 35.05911186740223], [136.66898548755591, 35.05904729669305], [136.66871827241138, 35.05898017483975], [136.66847629585817, 35.05910834343186], [136.6682516482933, 35.05906732474465], [136.66801837673054, 35.05911860985001], [136.66798547212392, 35.05909569133164], [136.6678641113228, 35.05911171221705], [136.66776530391263, 35.0590315475441], [136.66788619319243, 35.05895785201831], [136.6679588704112, 35.0586961732999], [136.66761934928255, 35.0586154314574], [136.66768894556287, 35.05855356736841], [136.66718907193473, 35.05800291160847], [136.66734603882614, 35.0577637997133], [136.66760815978583, 35.057816164558915], [136.66782798972196, 35.057834181961475], [136.66821384030106, 35.057872342177845], [136.66894017238488, 35.05753790771178], [136.66910331091893, 35.05748320338399], [136.66945388646892, 35.057496694984714], [136.66944862076585, 35.05628237805048], [136.66724567427872, 35.05656803407692], [136.66687622063506, 35.056428578483626], [136.66530827835297, 35.05705621793115], [136.66491823457554, 35.05719695160045], [136.6644205988299, 35.05738271130168], [136.66397993775828, 35.057523860395065], [136.66395074943208, 35.05751021601614], [136.66380242158476, 35.05756962098138], [136.66367153151404, 35.057651326364784], [136.66348747537396, 35.057767266698086], [136.66334447193847, 35.05787615124128], [136.66326007822752, 35.05796732039796], [136.66301855521476, 35.05792004510314], [136.6628297144969, 35.05792107600186], [136.662438653474, 35.05794264738044], [136.66151142757616, 35.05797270305927], [136.66057398241833, 35.0579888629785], [136.66056287072382, 35.058076321711134], [136.66010259441077, 35.05808572632364], [136.65973153990333, 35.05807661606206], [136.65975083424956, 35.057957279938535], [136.65933332915833, 35.05804546753644], [136.65868123557385, 35.0581278849684], [136.6564977478983, 35.058144081316996], [136.65643426235678, 35.057378965278566], [136.6565387233043, 35.05737009009094], [136.65652235095556, 35.05721904449151], [136.6564915223166, 35.05716096837569], [136.65645731022641, 35.05709741786676], [136.65640627200233, 35.05704494477591], [136.65623089766706, 35.05704314682488], [136.65618021365702, 35.057029616739115], [136.65616594619036, 35.05693257693924], [136.65614816815113, 35.05687316249607], [136.65588576059878, 35.056842536583076], [136.65586354745622, 35.0566839872797], [136.6532991831912, 35.057112482759976], [136.65326398439285, 35.05723598796106], [136.65287590554715, 35.05721258139023], [136.6526821831327, 35.05756230358573], [136.65159265856127, 35.05778077408052], [136.65120535700115, 35.057855180991176], [136.6510298025278, 35.05789006768963], [136.65079723689286, 35.057912584183256], [136.6506374213821, 35.057977317184964], [136.6504102050066, 35.058021002655174], [136.65006934655315, 35.0580824089605], [136.6501727685789, 35.05872830005828], [136.65024245961266, 35.05870870024888], [136.65140490927485, 35.058557950810666], [136.65233316184944, 35.05854233056519], [136.65531195869266, 35.05851769085306], [136.65542478291152, 35.059044431832504], [136.65586479799128, 35.05909733889072], [136.65615992667406, 35.059138281272965], [136.65640391731066, 35.05924760034904], [136.65648695574768, 35.05928532255282], [136.6568737907449, 35.0594725340042], [136.65678168614215, 35.05959641880913], [136.65665420716235, 35.059826696782096], [136.65639049720187, 35.05983234982637], [136.65604919199868, 35.05983849121785], [136.6558741051027, 35.0598785952132], [136.65574462734077, 35.059908098752366], [136.65526200503157, 35.06003197986761], [136.65431221400686, 35.060258244395364], [136.6534655191985, 35.06044993027141], [136.6530393269423, 35.06051391802864], [136.65286390439442, 35.06056585135378], [136.65283574087744, 35.06060551148219], [136.65278208638313, 35.06068115683132], [136.65271242621353, 35.06102598583199], [136.65270904589212, 35.06125136796643], [136.65276949580036, 35.06137224619487], [136.6530600952623, 35.0614939981756], [136.65348073490517, 35.061704418785254], [136.65384568491325, 35.06206817128433], [136.65398208786465, 35.06230983968622], [136.65411610123383, 35.062579198544235], [136.65422143125903, 35.06281244285697], [136.6542960582589, 35.06308853051023], [136.6543332642901, 35.06321587022676], [136.65447468161858, 35.06343624298593], [136.65466309330031, 35.063711716814225], [136.65471856629446, 35.063858042511484], [136.654787570541, 35.06407887672666], [136.65484151503605, 35.064355004622456], [136.65492564866804, 35.064528853715274], [136.65507078002665, 35.06457060624733], [136.65544342386707, 35.064598382731084], [136.65559377059967, 35.064644332515286], [136.6557733310016, 35.0647816771407], [136.65579422424776, 35.0646206427072], [136.65585715719732, 35.064478817776475], [136.65593725177013, 35.06437302821556], [136.65602610292493, 35.064307403580514], [136.65600491341385, 35.0641854710087], [136.6559605715684, 35.06412465204547], [136.6558013895913, 35.064045087138375], [136.655723545325, 35.06400945025778], [136.65569280456788, 35.06396250242737], [136.65563822456917, 35.06388518817246], [136.6555365849381, 35.06383031337137], [136.6554721210347, 35.06378065976747], [136.65543107438864, 35.06370876599733], [136.65546379913837, 35.06358654136446], [136.6554933836246, 35.06348940568848], [136.65559320130913, 35.06331688786447], [136.6557600309898, 35.063303520630924], [136.65589243726276, 35.062992157644686], [136.65612832649438, 35.06296595112517], [136.65613222599143, 35.06260823942035], [136.65612423635403, 35.06245574121966], [136.6557883469442, 35.06241734495076], [136.65580773520335, 35.06230906668535], [136.6558405266971, 35.06219522275741], [136.65583660981162, 35.062128621497585], [136.65578125284102, 35.06195419536786], [136.65577393043966, 35.06187937274168], [136.65577976439218, 35.061768421166505], [136.6558258430165, 35.06162394076253], [136.65588919657563, 35.06153493286248], [136.65639575426752, 35.06119104869063], [136.6565402643085, 35.06112927773401], [136.65662858942386, 35.06120640955139], [136.6567097922084, 35.06123921097226], [136.65681779398304, 35.061249753482386], [136.65704682351733, 35.06121252543474], [136.65722877339098, 35.06118935499739], [136.65732669108544, 35.06120262842629], [136.65740121694174, 35.06124102918559], [136.6574558868842, 35.061329539328185], [136.65748340134274, 35.06139594261913], [136.65754773289623, 35.06142883488232], [136.65762949143507, 35.061525509408156], [136.65763007120518, 35.06159762214076], [136.6577926112016, 35.061679842137956], [136.65799138958474, 35.06165657992302], [136.65799967176028, 35.06184513471482], [136.65827219645598, 35.061763229589644], [136.65842719055848, 35.061743021850575], [136.65841507671738, 35.06149349964724], [136.6584619990681, 35.0614599329795], [136.65857311872662, 35.061437145564085], [136.65886656561358, 35.06143836891043], [136.65910551965214, 35.06137326549006], [136.65910778595023, 35.06124007757384], [136.65908360857483, 35.061168093000354], [136.65901580599808, 35.06112409373011], [136.65898835805524, 35.06106607064067], [136.65900453623587, 35.060979923045416], [136.65899004268573, 35.060855277246255], [136.65980770842316, 35.060829987569065], [136.6602109516716, 35.0606448300078], [136.66031196240104, 35.06062209603114], [136.6604334323474, 35.060629745545185], [136.66104860027943, 35.06079281338298], [136.66123547938108, 35.06075989342031], [136.661380452805, 35.06075079295966], [136.66150537266086, 35.060766662393675], [136.66199131937523, 35.06080007154214], [136.6619290769749, 35.06103063226191], [136.66173917776788, 35.061733317318875], [136.66159575105073, 35.062352574421006], [136.6614836096827, 35.062344241508974], [136.66130591804583, 35.06240154988677], [136.66127914802985, 35.06248057209458], [136.6613354191135, 35.062660554423125], [136.66145428774723, 35.06299801882944], [136.6613748535079, 35.06339642571817], [136.6611676457404, 35.064470836370674], [136.66107236375146, 35.064991305387885], [136.66098218816214, 35.065725346439706], [136.66154966461673, 35.065620983582335], [136.66231442110058, 35.06550864019049], [136.6622829873592, 35.065794456700615], [136.662255518718, 35.06615243693414], [136.66227230647792, 35.06655996692703], [136.66232266257757, 35.06694513032458], [136.66239112522163, 35.0672761077075], [136.66246420596468, 35.06755311351679], [136.66257278454637, 35.067845067496826], [136.66271414750327, 35.0682242406861], [136.6629150985048, 35.06866823108833], [136.66311099015564, 35.069116473716655], [136.66325551631382, 35.06946788079061], [136.66343081630987, 35.069874544691224], [136.6635378406713, 35.06976296951229], [136.66387548564165, 35.06923215875652], [136.66432282475378, 35.068602856200854], [136.66449902892253, 35.06828730212455], [136.6646270257651, 35.06805821280995], [136.66475547173675, 35.06771066450527], [136.6648147296764, 35.067439484410684], [136.66482599783157, 35.067282092652], [136.6647939508792, 35.06711698061013], [136.66357687287507, 35.06667467879623], [136.6645282421052, 35.06552365448908]], [[136.66352238754152, 35.060783474102806], [136.6635047942774, 35.06069483349039], [136.66349090078478, 35.06064497824227], [136.6633830310469, 35.06065106035156], [136.6633721163191, 35.06055132695374], [136.6633278837451, 35.060504454473644], [136.6633306363297, 35.06042668959855], [136.66338096262623, 35.06039599077595], [136.6633604141423, 35.060354481536116], [136.66326928512314, 35.06034941579469], [136.66325839083532, 35.060252428860856], [136.66334668434362, 35.060187647383216], [136.66345525663, 35.06005176660357], [136.66353159427038, 35.05988599073477], [136.6635482642153, 35.05968666512564], [136.66365064919492, 35.05934792192456], [136.6636777457569, 35.0592672069575], [136.66383123237702, 35.05928376357919], [136.66389859156314, 35.05902472216704], [136.6645828345934, 35.059293947921624], [136.66453977351156, 35.059391300986846], [136.6646113452448, 35.05948239147967], [136.66469620352578, 35.05954854952087], [136.66476755182933, 35.059617457636115], [136.6649185425769, 35.059932771065114], [136.66501096989518, 35.05989205187824], [136.6650995959526, 35.06001086780813], [136.66504924829303, 35.06003875040787], [136.66521023720708, 35.060345768276996], [136.66527084630863, 35.060331562904175], [136.66531183259622, 35.06039514382351], [136.66540928017258, 35.06035024115766], [136.66541279834283, 35.060366842845625], [136.66535257038635, 35.060428161416766], [136.66548730203493, 35.06040249234512], [136.66541412888213, 35.06053043345612], [136.66507696739083, 35.06054615529377], [136.66508329495508, 35.06070281740403], [136.66499572773265, 35.06071435333903], [136.665042149232, 35.06103580280791], [136.66478776031258, 35.06106635225294], [136.6645989788794, 35.061075626197095], [136.66434263752095, 35.061071535494214], [136.66408273609665, 35.061050844394536], [136.66387373942914, 35.06106022668913], [136.66346754279996, 35.06109160343627], [136.6634997355897, 35.06090001081253], [136.66352238754152, 35.060783474102806]]]}}, {"type": "Feature", "properties": {"rowId": 54, "city_name": "桑名市", "town_name": "西矢田町", "households": 40, "population": 103, "e_stat_code": "242050540"}, "geometry": {"type": "Polygon", "coordinates": [[[136.68270491451923, 35.0577226579727], [136.68285898519844, 35.05770643853096], [136.68338705403437, 35.05770346821735], [136.68367695242864, 35.05771718984884], [136.6837199020521, 35.05782455778561], [136.68431013241033, 35.05771172172369], [136.6841896863891, 35.05727815902512], [136.68407072493795, 35.05730375967458], [136.68396972194682, 35.05696234368309], [136.68365690655617, 35.05699861278632], [136.68350670944267, 35.05701699405977], [136.6834638827602, 35.05682680526844], [136.68324107252002, 35.056867286344314], [136.6830657693265, 35.05690482311994], [136.68283793723757, 35.056944203799105], [136.6826844580035, 35.05695415148087], [136.68245082962994, 35.0569554645162], [136.68238303379204, 35.05672337230341], [136.68194341956053, 35.05683162025091], [136.68207914011148, 35.05721890060413], [136.68195197145735, 35.057236305522004], [136.6819614204673, 35.05739886488025], [136.68192918544395, 35.05741066549688], [136.68194189876672, 35.05748186499717], [136.68181380882197, 35.057496598788234], [136.68185823646988, 35.05762748059407], [136.681835114282, 35.05762775181028], [136.68185187829405, 35.05770223746185], [136.68182972529004, 35.057710742987865], [136.68187438410325, 35.057884864574476], [136.68232691875804, 35.057790136864874], [136.68270491451923, 35.0577226579727]]]}}, {"type": "Feature", "properties": {"rowId": 161, "city_name": "桑名市", "town_name": "額田（南部）", "households": 130, "population": 311, "e_stat_code": "24205113002"}, "geometry": {"type": "Polygon", "coordinates": [[[136.63965653890006, 35.06293107192764], [136.63969294640157, 35.06287693330623], [136.63948652385633, 35.06290950439914], [136.6395166504749, 35.0628408215934], [136.63949584160005, 35.0627971981549], [136.6393519669143, 35.06271725078465], [136.63865012539975, 35.062478624739356], [136.63852109298534, 35.06246747434398], [136.6382021937959, 35.0625196515544], [136.63789149051536, 35.06256847526423], [136.6375111018266, 35.062610833008925], [136.63726569048575, 35.06263564770903], [136.63715135581302, 35.06266998336295], [136.6369673906568, 35.06270454517321], [136.636562332737, 35.06273019817416], [136.63653275791674, 35.062793173299404], [136.63650394087347, 35.062854382705034], [136.63639722283787, 35.06308121966569], [136.63645552877736, 35.063205353749375], [136.6365385401113, 35.06335640101458], [136.63660070794114, 35.06345368286336], [136.63677411023934, 35.063641297411465], [136.63693095558116, 35.063808717085806], [136.63697265416334, 35.0639061769463], [136.63697939166144, 35.063985158763224], [136.63694371267408, 35.06413345008074], [136.63694431421146, 35.06421091373955], [136.6370187201775, 35.0643013702499], [136.63734798841054, 35.064535279089895], [136.637512820832, 35.06467230245501], [136.63759155996212, 35.064796469399205], [136.63763336474662, 35.064907309838226], [136.6376912143748, 35.06497771116231], [136.63794373870152, 35.064814825747995], [136.63836007677006, 35.0646577662648], [136.63848460747803, 35.06435421214119], [136.63858109432152, 35.06433208208819], [136.63917519005918, 35.06419570198724], [136.63916795957533, 35.06405946774249], [136.6392210590304, 35.06404242614626], [136.63922055990403, 35.063978412977825], [136.639198202477, 35.06373619852116], [136.6392336126497, 35.06355431434206], [136.6392778499598, 35.06344964087786], [136.63938927548938, 35.0633060189296], [136.63960422774358, 35.06304902873447], [136.63965653890006, 35.06293107192764]]]}}, {"type": "Feature", "properties": {"rowId": 160, "city_name": "桑名市", "town_name": "額田（北部）", "households": 591, "population": 1669, "e_stat_code": "24205113001"}, "geometry": {"type": "Polygon", "coordinates": [[[136.6375710478446, 35.07637830381703], [136.63760609005425, 35.07618043685801], [136.6380849827861, 35.07623777804721], [136.63813032044598, 35.07566787246655], [136.63818809191298, 35.07491254245311], [136.63886909801644, 35.07429815884896], [136.63885478679236, 35.074038929759304], [136.63970214671775, 35.074024388643636], [136.63983704771616, 35.073785851393346], [136.64006926998786, 35.07380797138697], [136.64016207923467, 35.07362756188008], [136.64036007575334, 35.07342235430911], [136.64041659245456, 35.07337817097035], [136.6405716710414, 35.073323926216275], [136.64068501699015, 35.07327562560343], [136.64081640383333, 35.07320106219634], [136.64090221770238, 35.073152360630395], [136.6411759736827, 35.072989682077356], [136.64124321000972, 35.07298074157847], [136.64153888128922, 35.0729496001965], [136.64174839796962, 35.07288266315784], [136.64208698220412, 35.072700558887675], [136.64211150992318, 35.07266937863751], [136.64213581629926, 35.072638479604166], [136.64213238796913, 35.07257123859788], [136.642229522943, 35.07245337867597], [136.6422632843976, 35.072429087961275], [136.64229010415025, 35.072409791844485], [136.64201369418583, 35.07224513078513], [136.6424307490231, 35.07191818994996], [136.64256874363176, 35.072004926612216], [136.64286115254663, 35.071841256568995], [136.64315889435204, 35.071686079459724], [136.64344301982976, 35.071580834828225], [136.6436202331026, 35.07154538530883], [136.64371361305632, 35.07154101584852], [136.64380741342038, 35.0715904493659], [136.64389231477338, 35.0716898603618], [136.64392868716632, 35.07175664182862], [136.64394015670845, 35.071755313221], [136.64404419937014, 35.07172363179844], [136.64405848198552, 35.07168792080332], [136.64406447811393, 35.071660634986216], [136.64411443167467, 35.07140057142373], [136.64411428341649, 35.071381697747775], [136.6441036770113, 35.07135104936125], [136.64398909433513, 35.07121313237424], [136.6440007245546, 35.07112891206835], [136.6439776819333, 35.071063398947885], [136.64377221193698, 35.070963571796135], [136.643706302226, 35.07091004628024], [136.643656360101, 35.07080594224138], [136.64348215916345, 35.070520870914486], [136.6432343470705, 35.07024281070444], [136.6429377313048, 35.070005432998535], [136.6425899744823, 35.06977332579016], [136.64229444130316, 35.06967383344642], [136.64186737228047, 35.06950792118409], [136.64167430518876, 35.0694214061154], [136.64153427082675, 35.069314396813425], [136.6416116727656, 35.06848430897833], [136.64185979030086, 35.06827777547629], [136.6419613792752, 35.06817955681151], [136.64202557095433, 35.068014280812214], [136.64205377266794, 35.06795687619596], [136.6421835396297, 35.06779808310094], [136.6422193945135, 35.067673310824084], [136.64230795394874, 35.0674810034916], [136.6424420522536, 35.06735570943643], [136.64262704996767, 35.06719493358996], [136.64268036166737, 35.067160916431135], [136.64313226459487, 35.06688590105488], [136.64342572524666, 35.06672285689713], [136.64299833474965, 35.06573389188302], [136.64296422220914, 35.06477643041639], [136.64342807959406, 35.06389886085562], [136.64353666218122, 35.063906734569485], [136.64472965073367, 35.0638717220318], [136.64519451455268, 35.06364712294674], [136.6453126650357, 35.06357585684731], [136.6453898502593, 35.06350135714477], [136.64574971594377, 35.06345239379278], [136.64555950495642, 35.06295021825429], [136.64535960736697, 35.06251704182196], [136.6450781300743, 35.06195351960224], [136.64445292164794, 35.060965181733735], [136.64412954764964, 35.06051469481127], [136.64406178229925, 35.06042033197867], [136.64522247241916, 35.06018526019778], [136.64604166830804, 35.05999742551665], [136.64661802699231, 35.059893354311754], [136.6469693068575, 35.05980062536546], [136.6472227157842, 35.05974877558755], [136.64713851642335, 35.05945639053277], [136.64715837181876, 35.05937888625595], [136.6470703290064, 35.0591201856284], [136.64652672520424, 35.05919056171331], [136.64641434142473, 35.05920510639047], [136.64643286084518, 35.05933170497034], [136.64629622395057, 35.059360535465416], [136.64618406945263, 35.05939331973939], [136.64606237467157, 35.05945425509872], [136.64628748149082, 35.05986800676415], [136.6460174834973, 35.05996086241792], [136.645789166495, 35.05952001376444], [136.64599876365702, 35.05944656625156], [136.6459238259686, 35.059268575832505], [136.64563707095124, 35.059305672477905], [136.64461484004488, 35.05943796419003], [136.64340657354313, 35.05960764632788], [136.64279501729555, 35.0588770548945], [136.6425242394554, 35.05854023501647], [136.64175754611367, 35.057603550598806], [136.64077320910647, 35.05642391758276], [136.6371865963478, 35.05941148064933], [136.63674148398584, 35.059744404848914], [136.635806001706, 35.06028674799103], [136.63386487536064, 35.06141184208381], [136.63436970163542, 35.06239817986993], [136.63444073755434, 35.06255105244768], [136.63486220941397, 35.06243729034532], [136.6348713679605, 35.06271901180346], [136.63444510626397, 35.06276730345293], [136.63427740181194, 35.06278536452972], [136.63414477955587, 35.06282063680407], [136.63406001102163, 35.06320729000854], [136.63429931554586, 35.06363112151938], [136.63459310703374, 35.06345781806838], [136.6347951390374, 35.06372092171138], [136.6348933885083, 35.06388238381241], [136.6349197900183, 35.06396816296285], [136.63492207367446, 35.06406414047922], [136.6349029636232, 35.06414022904419], [136.63446926764462, 35.06409757140734], [136.63444599203635, 35.06422227401197], [136.63519445983727, 35.0651939442727], [136.6352924569221, 35.06532787034067], [136.63537387172576, 35.06527265257164], [136.63551413555362, 35.065384032531746], [136.63568574860452, 35.0652411550904], [136.63596531183816, 35.065532443164656], [136.6362006962665, 35.06579283402846], [136.63629877485252, 35.06593683031694], [136.63632729144408, 35.066096193216765], [136.63631442772447, 35.06619901009341], [136.6363087421869, 35.06624453495999], [136.63630320093702, 35.066314355080195], [136.63637706481063, 35.06645594331359], [136.63643247108337, 35.06657030315506], [136.63643152228096, 35.06683440178428], [136.63646747175198, 35.06697999221244], [136.63651991845848, 35.06709922745882], [136.63657858533244, 35.06723603564934], [136.63661306402096, 35.06738536630472], [136.63669602329017, 35.06772754750899], [136.63674001245437, 35.06792661795247], [136.63684487308706, 35.068160370016024], [136.63686996206349, 35.068269819682], [136.6368404926375, 35.068379625553405], [136.63674484895267, 35.06854957054217], [136.63666410696715, 35.068691971416285], [136.63658085304522, 35.06889678234527], [136.6364494641172, 35.0691466351696], [136.63642010955053, 35.06927137086124], [136.63647013566563, 35.06947041019872], [136.6365739934626, 35.06957451628937], [136.6368847868601, 35.069787114492556], [136.6370495172266, 35.06992583096437], [136.63709240162234, 35.069999058104266], [136.6372153688011, 35.07020898248076], [136.6372049522316, 35.07042833994117], [136.63713454768774, 35.07111887443756], [136.637100396812, 35.07146441780206], [136.63707835633838, 35.07168735866352], [136.636875784083, 35.072141818618384], [136.6368602140038, 35.07234859753539], [136.6368455757299, 35.07254325901238], [136.63652279321718, 35.07313293193267], [136.6364154839265, 35.073362728574395], [136.63636288878268, 35.07361709774887], [136.63624615657636, 35.07458703912318], [136.63628356294143, 35.07472135364787], [136.63651262321494, 35.07494691930366], [136.63675407920323, 35.07520727862176], [136.63638434267187, 35.076382780495976], [136.63686757259194, 35.076943359683774], [136.6374672435418, 35.07700422262536], [136.6375174064645, 35.07670155497358], [136.6375710478446, 35.07637830381703]], [[136.63694371267408, 35.06413345008074], [136.63697939166144, 35.063985158763224], [136.63697265416334, 35.0639061769463], [136.63693095558116, 35.063808717085806], [136.63677411023934, 35.063641297411465], [136.63660070794114, 35.06345368286336], [136.6365385401113, 35.06335640101458], [136.63645552877736, 35.063205353749375], [136.63639722283787, 35.06308121966569], [136.63650394087347, 35.062854382705034], [136.63653275791674, 35.062793173299404], [136.636562332737, 35.06273019817416], [136.6369673906568, 35.06270454517321], [136.63715135581302, 35.06266998336295], [136.63726569048575, 35.06263564770903], [136.6375111018266, 35.062610833008925], [136.63789149051536, 35.06256847526423], [136.6382021937959, 35.0625196515544], [136.63852109298534, 35.06246747434398], [136.63865012539975, 35.062478624739356], [136.6393519669143, 35.06271725078465], [136.63949584160005, 35.0627971981549], [136.6395166504749, 35.0628408215934], [136.63948652385633, 35.06290950439914], [136.63969294640157, 35.06287693330623], [136.63965653890006, 35.06293107192764], [136.63960422774358, 35.06304902873447], [136.63938927548938, 35.0633060189296], [136.6392778499598, 35.06344964087786], [136.6392336126497, 35.06355431434206], [136.639198202477, 35.06373619852116], [136.63922055990403, 35.063978412977825], [136.6392210590304, 35.06404242614626], [136.63916795957533, 35.06405946774249], [136.63917519005918, 35.06419570198724], [136.63858109432152, 35.06433208208819], [136.63848460747803, 35.06435421214119], [136.63836007677006, 35.0646577662648], [136.63794373870152, 35.064814825747995], [136.6376912143748, 35.06497771116231], [136.63763336474662, 35.064907309838226], [136.63759155996212, 35.064796469399205], [136.637512820832, 35.06467230245501], [136.63734798841054, 35.064535279089895], [136.6370187201775, 35.0643013702499], [136.63694431421146, 35.06421091373955], [136.63694371267408, 35.06413345008074]]]}}, {"type": "Feature", "properties": {"rowId": 255, "city_name": "桑名市", "town_name": "野田一丁目", "households": 240, "population": 543, "e_stat_code": "24205159001"}, "geometry": {"type": "Polygon", "coordinates": [[[136.63378318785726, 35.07748538973051], [136.63183285746913, 35.07730859458855], [136.63174590148932, 35.07776420359505], [136.63168168258392, 35.07797412262516], [136.63161703739763, 35.07812326720982], [136.6315196086202, 35.078292865252436], [136.6313651340005, 35.078530440158836], [136.6318277225312, 35.078771489299555], [136.63298819845602, 35.07936397650704], [136.6331861310419, 35.07942378981999], [136.63488223469446, 35.07958393641279], [136.635334996144, 35.0796221991191], [136.63544855216765, 35.079411948300404], [136.63558195871556, 35.07911025248173], [136.6356301409201, 35.078954430767645], [136.63570225946776, 35.078703832157444], [136.63586138375666, 35.07800642316642], [136.63595769861558, 35.07769471111801], [136.6344504709259, 35.07754161882622], [136.63378318785726, 35.07748538973051]]]}}, {"type": "Feature", "properties": {"rowId": 257, "city_name": "桑名市", "town_name": "野田三丁目", "households": 196, "population": 451, "e_stat_code": "24205159003"}, "geometry": {"type": "Polygon", "coordinates": [[[136.63087468993677, 35.08001410615806], [136.63039555303553, 35.07976637883939], [136.629589675679, 35.08088645619554], [136.62943514731694, 35.08112395820473], [136.62935478150703, 35.081374666922734], [136.62934025308198, 35.0816249632215], [136.6293665270798, 35.08182772237347], [136.62950054487442, 35.08213809434857], [136.62969161755322, 35.08238063128118], [136.62990683484824, 35.082548603449005], [136.63172950662675, 35.08364492952673], [136.6323123740534, 35.08294179201236], [136.63246722159758, 35.08275168101578], [136.6326552682101, 35.08259513011741], [136.63373678604776, 35.08147690217283], [136.6332782113326, 35.08122562851528], [136.63221267803073, 35.08068342645864], [136.63197320570407, 35.08056974177703], [136.63173357793423, 35.08043570453381], [136.63087468993677, 35.08001410615806]]]}}, {"type": "Feature", "properties": {"rowId": 256, "city_name": "桑名市", "town_name": "野田二丁目", "households": 157, "population": 356, "e_stat_code": "24205159002"}, "geometry": {"type": "Polygon", "coordinates": [[[136.6318277225312, 35.078771489299555], [136.6313651340005, 35.078530440158836], [136.63039555303553, 35.07976637883939], [136.63087468993677, 35.08001410615806], [136.63173357793423, 35.08043570453381], [136.63197320570407, 35.08056974177703], [136.63221267803073, 35.08068342645864], [136.6332782113326, 35.08122562851528], [136.63373678604776, 35.08147690217283], [136.634242995073, 35.080973812828866], [136.63467554349089, 35.08051836323659], [136.63504261506137, 35.080110721501896], [136.63522133632586, 35.079818858331805], [136.635334996144, 35.0796221991191], [136.63488223469446, 35.07958393641279], [136.6331861310419, 35.07942378981999], [136.63298819845602, 35.07936397650704], [136.6318277225312, 35.078771489299555]]]}}, {"type": "Feature", "properties": {"rowId": 259, "city_name": "桑名市", "town_name": "野田五丁目", "households": 152, "population": 340, "e_stat_code": "24205159005"}, "geometry": {"type": "Polygon", "coordinates": [[[136.62930253237926, 35.08314014646547], [136.6295310323336, 35.082895428967106], [136.62990683484824, 35.082548603449005], [136.62969161755322, 35.08238063128118], [136.62950054487442, 35.08213809434857], [136.6293665270798, 35.08182772237347], [136.62934025308198, 35.0816249632215], [136.62935478150703, 35.081374666922734], [136.62943514731694, 35.08112395820473], [136.629589675679, 35.08088645619554], [136.63039555303553, 35.07976637883939], [136.62987172256405, 35.07958303921532], [136.62853414757936, 35.0790472169888], [136.62853374043027, 35.079972184113856], [136.62835607148764, 35.08028149833036], [136.6281111783533, 35.08062813351281], [136.62807460131037, 35.08075163776254], [136.6280717538917, 35.080765948301995], [136.6279770938187, 35.08124230304288], [136.62796342462124, 35.08141512652493], [136.62796606832273, 35.08176033748704], [136.62797592612523, 35.08206867862619], [136.62797510659234, 35.082084810258856], [136.62796942128074, 35.08219815397163], [136.6278877720492, 35.08230963777328], [136.62779070749502, 35.08237183384341], [136.62760378866338, 35.082452945648406], [136.62747683608595, 35.082527620171824], [136.62743280530648, 35.08265736027902], [136.62748678608617, 35.08284821544117], [136.6276906316407, 35.08301984167833], [136.62792141848718, 35.08327457110023], [136.62850655860063, 35.08327766385867], [136.62861036016815, 35.083116767602], [136.62900028030592, 35.08342574156452], [136.62930253237926, 35.08314014646547]]]}}, {"type": "Feature", "properties": {"rowId": 260, "city_name": "桑名市", "town_name": "野田六丁目", "households": 206, "population": 439, "e_stat_code": "24205159006"}, "geometry": {"type": "Polygon", "coordinates": [[[136.62844340362236, 35.07699423342883], [136.62751268441284, 35.07692503956553], [136.62748951827209, 35.077322989846245], [136.62814231106594, 35.07735038359895], [136.62809476030301, 35.07799818751859], [136.62840253262334, 35.07802116988837], [136.62844102776072, 35.07832112166761], [136.62853414757936, 35.0790472169888], [136.62987172256405, 35.07958303921532], [136.63039555303553, 35.07976637883939], [136.6313651340005, 35.078530440158836], [136.6315196086202, 35.078292865252436], [136.63161703739763, 35.07812326720982], [136.63168168258392, 35.07797412262516], [136.63174590148932, 35.07776420359505], [136.63183285746913, 35.07730859458855], [136.63015601033894, 35.0771456995189], [136.62985457378144, 35.07711642025353], [136.62844340362236, 35.07699423342883]]]}}, {"type": "Feature", "properties": {"rowId": 258, "city_name": "桑名市", "town_name": "野田四丁目", "households": 136, "population": 295, "e_stat_code": "24205159004"}, "geometry": {"type": "Polygon", "coordinates": [[[136.63172950662675, 35.08364492952673], [136.62990683484824, 35.082548603449005], [136.6295310323336, 35.082895428967106], [136.62930253237926, 35.08314014646547], [136.62900028030592, 35.08342574156452], [136.6287345950281, 35.083665017123856], [136.62894632142132, 35.08388582794094], [136.62896268047314, 35.08405849550059], [136.62911458538738, 35.084304335783465], [136.6293481363476, 35.084432634583294], [136.62954354769826, 35.084480916833414], [136.6297774307332, 35.08465231379709], [136.63024847575315, 35.0849366352111], [136.6310616250998, 35.08531481019909], [136.63112266654312, 35.08498039533069], [136.6313969134925, 35.08426203774515], [136.63158330728865, 35.083895911774775], [136.63172950662675, 35.08364492952673]]]}}, {"type": "Feature", "properties": {"rowId": 146, "city_name": "桑名市", "town_name": "能部", "households": 242, "population": 593, "e_stat_code": "242051070"}, "geometry": {"type": "Polygon", "coordinates": [[[136.6371865963478, 35.05941148064933], [136.64077320910647, 35.05642391758276], [136.64073680933475, 35.05638030474462], [136.63956703871702, 35.054978888340926], [136.6387438149892, 35.054003118139406], [136.63814526482062, 35.053307511184066], [136.6395356408858, 35.05315944662529], [136.63961549382267, 35.05316374259491], [136.63975848968147, 35.05321453911481], [136.63990114968126, 35.053227869219356], [136.6400323804777, 35.053236540487035], [136.63998034377647, 35.0531430769466], [136.63983321895842, 35.05256698349064], [136.639692683639, 35.052098750788836], [136.6396466310056, 35.05204737066821], [136.6397655869348, 35.051943634664106], [136.63987873513457, 35.05182570289289], [136.639872187587, 35.051722631521], [136.6397970362829, 35.05159168264049], [136.63983973235992, 35.05121628789842], [136.64016818097784, 35.05092382190719], [136.6401874159707, 35.05083223493968], [136.6401843181995, 35.05043827838529], [136.6402523454275, 35.05009352629984], [136.6403570631589, 35.04956272077193], [136.6405819550293, 35.0491488921122], [136.64067623933414, 35.0488106901432], [136.6408729379327, 35.04808508501481], [136.6409228487131, 35.04717968264868], [136.64092278258593, 35.04680690816507], [136.64086875085715, 35.046464845739564], [136.64088710892275, 35.04553848182465], [136.640859203494, 35.04488675012279], [136.64088815862988, 35.044550086973054], [136.64076986853274, 35.04460128370747], [136.6405240316516, 35.0446424533769], [136.6403177838148, 35.04468686268595], [136.64018606457566, 35.04471284556124], [136.64007167469333, 35.044699015579525], [136.63985567007734, 35.04462423952227], [136.63963521304055, 35.04453857092057], [136.63952985633904, 35.044557300472235], [136.63935469143078, 35.044644927153044], [136.63880548450135, 35.04468037701424], [136.63850754487808, 35.04480492270525], [136.63828465220595, 35.04469215043929], [136.63815645276355, 35.04459887721887], [136.637785906651, 35.044434557172195], [136.63762748744045, 35.04441363296501], [136.63749165522472, 35.04447224334434], [136.63709326186307, 35.044684013890794], [136.6369417053972, 35.04469756272068], [136.63704003553684, 35.04490304463508], [136.63711605206828, 35.04506892275715], [136.6372367508198, 35.04532506293051], [136.63722890713578, 35.04544433806761], [136.6370891599096, 35.04556071830087], [136.63674639806433, 35.045577036630284], [136.63664520814086, 35.045570387278296], [136.63644325347155, 35.04560039947323], [136.63627660624852, 35.04565543748284], [136.63608396763388, 35.045754065452805], [136.6359611791407, 35.04579450501122], [136.635824795819, 35.045777194723996], [136.6356880855958, 35.045723615398046], [136.63555089621343, 35.045608696835934], [136.63530293518087, 35.04537857933605], [136.63500270531458, 35.04521029071161], [136.6348528673618, 35.045164104167334], [136.63449179878216, 35.045090015602526], [136.63428686513112, 35.0450242636914], [136.6340790581744, 35.0448698582605], [136.6337963832144, 35.04470140868098], [136.63351424245522, 35.04460169389473], [136.63342999073654, 35.04450452512307], [136.63341699748418, 35.04439162819947], [136.633383896375, 35.04408804813221], [136.6333593692494, 35.0440448644574], [136.63330440621786, 35.04404156197024], [136.6332264411998, 35.04404824173568], [136.63300694107812, 35.04409095083605], [136.63271021617197, 35.04409251465199], [136.632381689416, 35.044106429251755], [136.63224548479843, 35.044112217288394], [136.63188056838902, 35.044105123341005], [136.63160358500477, 35.04410115762127], [136.63143909965268, 35.04414899875428], [136.63121559367357, 35.04423870201081], [136.63100730380836, 35.04430846425486], [136.63081869649096, 35.04436551560899], [136.63070806925762, 35.044412156838185], [136.63063814129455, 35.04446682430751], [136.63050712673336, 35.044579563727964], [136.6304286005739, 35.044657658461404], [136.63035434456543, 35.04471777155039], [136.63009521826743, 35.04475343057493], [136.62997242451004, 35.04478844408965], [136.62976637668947, 35.04478818771741], [136.62966817479597, 35.04492469870551], [136.62966915737437, 35.04505138998789], [136.62965578983813, 35.0451663244579], [136.6296857250154, 35.045349062529034], [136.6297323795866, 35.04548481052063], [136.6297960598145, 35.0456016650393], [136.6298026655186, 35.04571888929275], [136.62980372039414, 35.045854875355026], [136.62983891305436, 35.045981316373314], [136.62986808572836, 35.04606560448585], [136.62986928603115, 35.04622032307364], [136.6298703410231, 35.04635631026523], [136.6298543064569, 35.046497175416874], [136.62986638607597, 35.0465861302871], [136.62993543408172, 35.04666077190606], [136.63002156179755, 35.046740112422754], [136.6300792881039, 35.04682889910147], [136.63011985031295, 35.046913126546144], [136.63022033272466, 35.04699929413244], [136.63061707151167, 35.04741927697579], [136.6307094112585, 35.047559503993384], [136.63073858391618, 35.047643721411845], [136.6309158196193, 35.04769913291138], [136.6310127990576, 35.04770334284803], [136.63112109434545, 35.04769805624819], [136.63123468938613, 35.04763647177886], [136.63131341275886, 35.04749541702282], [136.63139765132266, 35.0473261632248], [136.63143420301412, 35.04725786971243], [136.6320652605629, 35.047006019390125], [136.63244425811527, 35.04734644040593], [136.63299736110045, 35.047334164563075], [136.63317956163348, 35.04729566750493], [136.6333331663735, 35.04725267308255], [136.63348097248272, 35.04719083510524], [136.6336001162275, 35.04711055408713], [136.6340327519382, 35.047014395142966], [136.63413382004873, 35.046807581331905], [136.6349205478189, 35.04677998242663], [136.6351994604826, 35.04671287589132], [136.6359078636147, 35.04687795783419], [136.63609115699043, 35.046980167533825], [136.63625703209786, 35.04704500207054], [136.63646840240452, 35.047090720764], [136.6366405213388, 35.047225807870156], [136.63698780259986, 35.047512445474574], [136.6372047209481, 35.047539400621446], [136.6374302549184, 35.04757807126454], [136.63753807363562, 35.047507144575505], [136.63776660369624, 35.04756220837379], [136.63799546595314, 35.04765952707167], [136.63814455245566, 35.04776184456595], [136.63835661990413, 35.0479015074797], [136.63892106017587, 35.04788443464508], [136.63899602469064, 35.047991861793484], [136.6390881163832, 35.048099269739474], [136.63919178717993, 35.04822527852647], [136.6393809226711, 35.048350905469135], [136.63948709326993, 35.04840795273299], [136.6395054237803, 35.0484576484917], [136.6394944949283, 35.04849446962896], [136.6394545090281, 35.04853897993026], [136.63940769599853, 35.0485650044674], [136.6393606665641, 35.04856884597841], [136.63931993072285, 35.048566948944746], [136.63930152844827, 35.04912983349314], [136.63930109801345, 35.04971846917001], [136.6393008288972, 35.050131106466566], [136.6393333985615, 35.05064681562501], [136.6388670240272, 35.050808731964246], [136.63879625287265, 35.0512358273875], [136.63836346368404, 35.05131790959915], [136.6382708183841, 35.05114021770712], [136.63818001153734, 35.05119689873238], [136.63812812532765, 35.051122168191775], [136.637136503043, 35.05120712711554], [136.63710556134723, 35.05089783243222], [136.63617629562987, 35.050940199420076], [136.63571840692927, 35.05035876827116], [136.6355365335982, 35.050439379484615], [136.63456159832282, 35.05047267812359], [136.63457994200738, 35.05071611815262], [136.63429037972284, 35.05079299880579], [136.63424436861612, 35.050746406770855], [136.63416418380305, 35.05069992345258], [136.6339936244915, 35.05077110626595], [136.63383427681214, 35.05081412947857], [136.6336347994231, 35.0508292629143], [136.63361585236223, 35.05095838444397], [136.63362622570438, 35.05155857803851], [136.6336403446854, 35.05167773657848], [136.6333066673164, 35.05168244569952], [136.63332997106298, 35.05199670847592], [136.63368569544937, 35.051991109882195], [136.63369863844642, 35.05206935662575], [136.6336999914845, 35.05224288132345], [136.63364875583542, 35.05241034296724], [136.6323667652097, 35.05240931573329], [136.6324244948835, 35.05249810294695], [136.6324768230317, 35.0526244552282], [136.63258063491756, 35.052773991105354], [136.63262174952274, 35.05292857333651], [136.6326254386894, 35.05303405296553], [136.63267140863422, 35.05308064539058], [136.6327874205982, 35.05332857240843], [136.63314773412827, 35.05418968507658], [136.63318278989365, 35.05429732300762], [136.63322912832285, 35.054390888197474], [136.63346137469452, 35.05455150995035], [136.63317220954502, 35.05476873954558], [136.63343349552878, 35.055362962786], [136.63340548840543, 35.0554287464163], [136.63359519567635, 35.055620016268826], [136.63344248838808, 35.05578497829394], [136.63437918239316, 35.05704858466909], [136.63393605634104, 35.05727126930887], [136.63449523302313, 35.05803281432357], [136.63513698112598, 35.05768703393059], [136.63572192471582, 35.058460125465224], [136.63674148398584, 35.059744404848914], [136.6371865963478, 35.05941148064933]]]}}, {"type": "Feature", "properties": {"rowId": 117, "city_name": "桑名市", "town_name": "播磨（西部）", "households": 294, "population": 644, "e_stat_code": "24205090002"}, "geometry": {"type": "MultiPolygon", "coordinates": [[[[136.68663417103667, 35.08014710577834], [136.68643436757174, 35.08009865674078], [136.68615355237756, 35.080064046646], [136.68555948529854, 35.07999873913707], [136.68507183902298, 35.079910080868295], [136.68459297680778, 35.079760242259326], [136.68399773546892, 35.07955394233305], [136.68422866997145, 35.07916572588021], [136.68475457275213, 35.0793991776328], [136.68512674624841, 35.079545673515746], [136.68524955392192, 35.07925912545307], [136.68520271897606, 35.07920607817661], [136.6850285015035, 35.07885655662208], [136.6848775111621, 35.07857507508949], [136.68468943585276, 35.078263590257954], [136.68456887782432, 35.07798411948733], [136.68439458545808, 35.07766114691839], [136.68397402003407, 35.07733005433925], [136.68377304064924, 35.07788331884122], [136.68356765465052, 35.07830427904116], [136.68328394462858, 35.07840440061352], [136.6829236694598, 35.078368820802424], [136.6830961985923, 35.078486023257334], [136.68287434057797, 35.078571147458234], [136.68265642006128, 35.078660756311486], [136.68269238027852, 35.07877126212677], [136.68246411856865, 35.07874064352139], [136.6824635148923, 35.07874008351526], [136.68231060685528, 35.07880298679462], [136.68213429927786, 35.07879263965796], [136.6817163302756, 35.07871104079338], [136.68164918152002, 35.07900114553363], [136.68151006072807, 35.07900192656358], [136.68126411154714, 35.078976616434765], [136.68092525787466, 35.07893661401876], [136.6810385421834, 35.07861575631329], [136.68065133442747, 35.078612153460796], [136.68049338558941, 35.07857881179401], [136.6806385442729, 35.07815537829676], [136.68027511401127, 35.07811614612412], [136.68017547972494, 35.07789394925333], [136.67967299108156, 35.077924369975534], [136.67951161051346, 35.07792118865797], [136.67938209653627, 35.07855285187734], [136.67887986107934, 35.07821121215859], [136.678144357127, 35.07769896576496], [136.67748046708365, 35.077262726428806], [136.67666231584195, 35.07669874687074], [136.67640260616025, 35.07650025703056], [136.67607926882823, 35.07629909319929], [136.67564094098927, 35.076670490545744], [136.67532956354538, 35.077010544775796], [136.6749733957617, 35.07736303133502], [136.67489208741057, 35.077486516619125], [136.67481882508702, 35.07767143718202], [136.6751345016267, 35.07781081472734], [136.6753785319583, 35.077931152122225], [136.67592210886207, 35.07805756792879], [136.67640350171666, 35.078169609436884], [136.67644336921208, 35.07817882483333], [136.6777314269488, 35.07842707237346], [136.67931971807766, 35.078773630521525], [136.67929935164744, 35.078869241281375], [136.67921932591733, 35.079244842246204], [136.67923481367845, 35.079242713823824], [136.6792727151747, 35.079226373903374], [136.67935907018682, 35.07927293513723], [136.67958682375536, 35.07936624119097], [136.6798935508062, 35.079493893951], [136.68012430654127, 35.079582182000436], [136.67961838885395, 35.0807954092736], [136.67942677827716, 35.081228116213175], [136.67941087311473, 35.081267994763785], [136.6797488723481, 35.081333217706096], [136.6801250380003, 35.08140343788719], [136.68049591597443, 35.081393823564994], [136.68083902452437, 35.081388097467325], [136.68085492523025, 35.08134800693398], [136.68101280551147, 35.080821046616336], [136.681575399831, 35.081000853961235], [136.6829943058777, 35.08155325024566], [136.68325008850465, 35.08164709588074], [136.68329460184862, 35.081421908173745], [136.68333096470232, 35.08133409545958], [136.68340882264556, 35.08121928713429], [136.68355085424975, 35.081012634929], [136.68374827029368, 35.08077517774871], [136.68398331983389, 35.080602298052376], [136.68432446949987, 35.08036790342721], [136.68443109207823, 35.08036342900224], [136.68456091835853, 35.080362697017186], [136.68472318160627, 35.080357978285925], [136.6848204145495, 35.08034221795556], [136.68502720128302, 35.08033964314473], [136.6853048296423, 35.080326173617884], [136.68563859101667, 35.08038126306451], [136.68598735698933, 35.08043281542258], [136.68655449162029, 35.08060116344482], [136.6883157702549, 35.08133262198006], [136.694766138713, 35.083787576494764], [136.6951200445892, 35.08392231487827], [136.69520908528006, 35.083743770761565], [136.69109900360405, 35.08200669004036], [136.68663417103667, 35.08014710577834]]], [[[136.63966577893294, 35.096180626260335], [136.63974680264565, 35.096203438426926], [136.6398119194259, 35.0962629560467], [136.641928439216, 35.095283283049014], [136.64514640547966, 35.093787840548245], [136.64671298842015, 35.09305524309733], [136.6468983109355, 35.09297784257426], [136.6471404901316, 35.0929333801607], [136.64753701077873, 35.09298443421295], [136.6476947413157, 35.09299352249433], [136.64779162439504, 35.092979694202185], [136.64787600874612, 35.09291283266172], [136.64798160117223, 35.09272127585035], [136.6480170792466, 35.09260812507516], [136.64805176869672, 35.09239525552836], [136.64805485010044, 35.09227565787463], [136.64810201955302, 35.09210265262863], [136.64816158694555, 35.09196937181552], [136.64817779369187, 35.09172188197951], [136.64824950213497, 35.0915852966829], [136.64840147881344, 35.091381801561646], [136.64861415071388, 35.0911879815017], [136.6489076744396, 35.09099034814023], [136.64920155070504, 35.09084264300501], [136.64952787355548, 35.09070800387521], [136.6496845462494, 35.09058420262676], [136.64983504241786, 35.09044888455796], [136.64993087078795, 35.09030216923356], [136.64995256245714, 35.08997978790062], [136.64997535006418, 35.08979029278284], [136.64994566384044, 35.089617698609096], [136.65015148583313, 35.089576805394536], [136.65035502681832, 35.08950754275893], [136.65268166589811, 35.08910848242098], [136.65305124815382, 35.08903888511354], [136.65335486997466, 35.088949500978124], [136.65383884458728, 35.08878470420769], [136.65506051457575, 35.08829823589215], [136.6552817749169, 35.088195769559135], [136.65546415410327, 35.08809541496235], [136.65707409838745, 35.0869148317067], [136.65840959066912, 35.08586938445405], [136.65869852787833, 35.08611366928487], [136.65890197692846, 35.086285387150966], [136.6591214583142, 35.086436946448366], [136.65931190211833, 35.08649901222207], [136.659474584465, 35.08662447086269], [136.65972384149904, 35.086456983341336], [136.6589541295312, 35.08573360604446], [136.65801756908274, 35.085009299496875], [136.6575943083985, 35.08473926095901], [136.65805890108487, 35.084810969304584], [136.65852223038007, 35.084944163724046], [136.65876735078797, 35.085040582591056], [136.65891933450297, 35.08505060307895], [136.65907664841205, 35.084903123093696], [136.65920748907786, 35.08475043557518], [136.65941045347967, 35.084532211651414], [136.6595353944623, 35.084466389828776], [136.65975272868332, 35.08439464206117], [136.6599700192328, 35.08431204935356], [136.66011909622472, 35.08428574528608], [136.6601608898279, 35.08428939132591], [136.66022135511767, 35.08430807659554], [136.66030303367188, 35.08436481785483], [136.6604173339166, 35.084440536035665], [136.66051976370775, 35.08448378292804], [136.66057558838972, 35.084479676136766], [136.66075382655256, 35.08446793082871], [136.66103760738665, 35.08444462468512], [136.66163340205273, 35.08426080785255], [136.6618059456194, 35.084201836890955], [136.66183520007192, 35.08420167735781], [136.66186942729277, 35.08421754814077], [136.66192813432832, 35.0842411718951], [136.6619794032494, 35.084250893149814], [136.66202569155067, 35.08424866820726], [136.662086265449, 35.08420636503169], [136.66213185712056, 35.084117943687914], [136.66214301273354, 35.083987737480285], [136.662138743229, 35.08376148589095], [136.6621505037178, 35.08371134957043], [136.6621573920737, 35.083657225607595], [136.6621839470031, 35.08362510723121], [136.6622351023865, 35.083620744004605], [136.66228881931386, 35.08363650721991], [136.6624036660016, 35.083673910467574], [136.66270785566002, 35.083764435531556], [136.66291549111259, 35.08382330361537], [136.66308630159918, 35.08385237151218], [136.66321554040084, 35.083857721866046], [136.6633617798622, 35.08385692261053], [136.66342749349016, 35.08384656305708], [136.66350284345145, 35.08382009389235], [136.6637613761267, 35.08369459193479], [136.66395053714578, 35.08357742643822], [136.6641126594937, 35.08343836504321], [136.66424056763154, 35.083279420129806], [136.66437596427375, 35.08299831772895], [136.66443161131048, 35.082945968479315], [136.66454199144516, 35.082881277944374], [136.66468269566388, 35.08280043421244], [136.66485021402772, 35.08271937245103], [136.665282257847, 35.082502701643335], [136.66556955088294, 35.082390911335445], [136.66606200108143, 35.08227574152831], [136.66667793104625, 35.08209038147381], [136.6670729085406, 35.08193623345686], [136.66744774249275, 35.08174423697337], [136.66861831968325, 35.081151505090766], [136.66843127986772, 35.080886540219744], [136.6681573871038, 35.08050268287526], [136.66792338080512, 35.080145648571666], [136.66783630398305, 35.07999415061703], [136.667642011887, 35.07965323578945], [136.66746764062944, 35.07932305707128], [136.66728300153352, 35.078952228326656], [136.6671148769416, 35.07857863234754], [136.666953126078, 35.07817232316125], [136.66673599268412, 35.07827126684086], [136.6663478037963, 35.07844164360339], [136.66544170960702, 35.07908177885478], [136.66508073381942, 35.079349682395204], [136.66399452172377, 35.080172630543736], [136.6634687692373, 35.08048495276711], [136.66304780054026, 35.08068810548262], [136.66263954248436, 35.080836890209895], [136.66202697546828, 35.081030239892634], [136.6614507916265, 35.08123155749693], [136.66114841512106, 35.08140137946921], [136.66051753794224, 35.08177940520759], [136.6596421133519, 35.082137066182064], [136.65844384406338, 35.08258331075309], [136.65753196365097, 35.082927424063975], [136.6571506766711, 35.083141258270985], [136.6566306441108, 35.08335034927678], [136.65636726266754, 35.08344410191334], [136.65604420808378, 35.083510921717796], [136.6557638373444, 35.08354772124626], [136.65474408980984, 35.08333674356846], [136.65387905054789, 35.08319267226186], [136.65293102950292, 35.08296108016114], [136.6525274383865, 35.08290916559092], [136.65208331864255, 35.08293183632926], [136.6515945286225, 35.08302573377574], [136.6514222586843, 35.083087506229994], [136.65106160347295, 35.08325860387324], [136.65068461704556, 35.083449929028774], [136.6503235852995, 35.08357362993077], [136.64996519716226, 35.08366907517986], [136.64998297827964, 35.08387497233637], [136.6500436438919, 35.08388133761395], [136.65015665529927, 35.08386080167004], [136.6502491861365, 35.08380713538525], [136.65032583295556, 35.08378679366739], [136.65039869899533, 35.08380302382459], [136.65055693889366, 35.0838785857715], [136.6510672978416, 35.08401873974592], [136.65145618268576, 35.08413292339903], [136.6514009158741, 35.08429928224101], [136.65135745651475, 35.08442578755311], [136.6513216698715, 35.08449908081245], [136.6512091307806, 35.08457940608254], [136.65112488089767, 35.084656269423604], [136.65107318066242, 35.08475950875395], [136.65107189330584, 35.084850926690606], [136.65110090442315, 35.084943802320744], [136.6511015638382, 35.085026830337746], [136.65103809587694, 35.08517999311803], [136.65089936771977, 35.08552286140919], [136.65085566795375, 35.085619437204706], [136.6508401258647, 35.08569600262475], [136.6508365733528, 35.08575574202853], [136.65075296425144, 35.085919013042954], [136.65072953889307, 35.08595347361688], [136.6506271182856, 35.08610413045163], [136.65051105159418, 35.08624757524805], [136.65040331536767, 35.08642090475413], [136.65034342413188, 35.08651763758773], [136.65029606613314, 35.086660643593824], [136.6502362687802, 35.08676399607869], [136.65018422577577, 35.08682406595714], [136.65006764100482, 35.08690779187763], [136.64993518473102, 35.087021464071704], [136.6498892997213, 35.08709643040008], [136.64985374796638, 35.08719965279222], [136.64980588651633, 35.08727956053412], [136.6496774303663, 35.08738989993821], [136.64956883565122, 35.087460272793265], [136.6495368886757, 35.08751030538787], [136.64949336098957, 35.08762342934515], [136.64944915846044, 35.087656977089594], [136.64913497109458, 35.0877914806139], [136.64897380232728, 35.087855443895634], [136.6489478246167, 35.08786959802389], [136.64885705575824, 35.08791916934682], [136.6486561489115, 35.08806651736275], [136.64857423255006, 35.0881848470056], [136.64855473159142, 35.08821593831734], [136.64853032062138, 35.08825487306355], [136.64844614291667, 35.088341663716406], [136.64831812920482, 35.08850848134977], [136.648247028554, 35.08872147416172], [136.64824800044744, 35.08884436075378], [136.64827370811574, 35.08902366704169], [136.64836014874194, 35.08922257844804], [136.64848456305077, 35.08936973505803], [136.6485582130159, 35.08947892325865], [136.64859151097838, 35.08960501738286], [136.64848755905058, 35.08974839470549], [136.6482864625274, 35.089872431867164], [136.64794542012842, 35.0901932099052], [136.6477139778442, 35.090315647598096], [136.6474033039528, 35.09038709746883], [136.64726200819078, 35.090407781299504], [136.6471044027608, 35.090408622232005], [136.6467555770752, 35.0902543520902], [136.64648535190003, 35.09007142086932], [136.64634309509893, 35.08997583806106], [136.64616448612244, 35.08987706849645], [136.64604275401047, 35.08981461655779], [136.64566958056858, 35.08964716239537], [136.64538600420346, 35.08956895102358], [136.6453225653556, 35.08972211172645], [136.64529153007737, 35.08988840910723], [136.64528557670542, 35.09016084488618], [136.64515802452092, 35.09038744742655], [136.64487375153502, 35.09048725540237], [136.64465821093037, 35.09056293035718], [136.64456315547892, 35.0908092186652], [136.64438306388996, 35.091039410192266], [136.64415795482353, 35.091200048925735], [136.64409377818296, 35.091249123515865], [136.64386066722778, 35.09142755183279], [136.64370019118488, 35.091581225826], [136.643637016556, 35.09177424407109], [136.643542948756, 35.09214686970029], [136.6434150343605, 35.09233361151961], [136.6433271825438, 35.09246696972024], [136.64328752449146, 35.0925667605456], [136.6431748100773, 35.09262722040777], [136.64302989856057, 35.092701089748005], [136.64286884511824, 35.09278166500843], [136.64261994052262, 35.09299559767607], [136.64253941402146, 35.09303588504644], [136.6424177686809, 35.09299004983062], [136.64227129193642, 35.09286462446619], [136.64206844411447, 35.092772667118915], [136.64172281946819, 35.092755875898476], [136.64163578970164, 35.09275164726618], [136.6412326851924, 35.09289336297857], [136.64091892856297, 35.09308763437826], [136.64065351251304, 35.093261859515856], [136.64047692845187, 35.093422234571726], [136.64037303539072, 35.09357560600379], [136.6403581390976, 35.09374181702804], [136.64031971298627, 35.093994493247635], [136.64024900151333, 35.094260649698825], [136.64018487525976, 35.09432739900764], [136.64005600506823, 35.094387941144454], [136.63984666596554, 35.09450200711512], [136.63962972890621, 35.09466914382302], [136.63900946893975, 35.0952156722521], [136.63907071266212, 35.09529514155304], [136.63910375728452, 35.09538461843081], [136.6390921761133, 35.09545447068971], [136.63902171642465, 35.0954897019377], [136.6389452392963, 35.095533275563724], [136.63892548356813, 35.09559317053503], [136.63896670244344, 35.09569267514641], [136.6390644482813, 35.09578850138011], [136.63903860937214, 35.09610090216027], [136.63905143275278, 35.09619055659899], [136.63909250624232, 35.096276680611155], [136.6391453334544, 35.096309642723305], [136.6392665494652, 35.09630569362313], [136.63938365279117, 35.09628514633822], [136.6395609448792, 35.09621441996654], [136.63966577893294, 35.096180626260335]]]]}}, {"type": "Feature", "properties": {"rowId": 116, "city_name": "桑名市", "town_name": "播磨（東部）", "households": 428, "population": 905, "e_stat_code": "24205090001"}, "geometry": {"type": "Polygon", "coordinates": [[[136.67340133181713, 35.0776455034777], [136.67352321255976, 35.0776167277693], [136.67367020387994, 35.07767218195292], [136.67445414676607, 35.077968968052616], [136.67454715325064, 35.07799662140621], [136.67470677063812, 35.0778065021045], [136.67470564075077, 35.077799254043214], [136.67481882508702, 35.07767143718202], [136.67467988988005, 35.077606010236735], [136.6747542151979, 35.07749256427249], [136.67460077437033, 35.07742362561286], [136.67452547719247, 35.077533343802294], [136.6742835566956, 35.07741940217527], [136.67389118622606, 35.07725615139962], [136.67402343532115, 35.077035057504446], [136.67405621066703, 35.076947618219975], [136.67402222634314, 35.07672160125729], [136.67400656241122, 35.07661379685742], [136.67382735023904, 35.076582818559906], [136.67379994069788, 35.07668755260252], [136.67367962267897, 35.07666667015938], [136.6736724296521, 35.076526423128584], [136.6737886323352, 35.076541553555934], [136.67380711095655, 35.076455179622215], [136.6739873541175, 35.07648143429448], [136.67397191584624, 35.0763751774357], [136.67367268256027, 35.07633324547417], [136.6736966728882, 35.076193036137376], [136.6733552358819, 35.07619626826379], [136.67326002429098, 35.07649392063782], [136.67366590378757, 35.07655589705946], [136.67366818305874, 35.07683300745922], [136.6737855106761, 35.076844328132566], [136.6737520583709, 35.0769328979076], [136.67390395399212, 35.076996282655195], [136.67373040962403, 35.07727429839103], [136.67317700830287, 35.07709264280227], [136.67260935596028, 35.07695930429915], [136.67209068791306, 35.07684977793225], [136.67130337406707, 35.076729623458384], [136.6711370544758, 35.07669849981707], [136.67090210249683, 35.07663944442447], [136.67069160788154, 35.076580394272995], [136.6705154576142, 35.076541295625816], [136.67055205518992, 35.07623988484728], [136.67057069758977, 35.07613132758561], [136.67058445971955, 35.07602293758403], [136.67061941891697, 35.075819919831204], [136.67032126873053, 35.07578945296934], [136.67020751231675, 35.0756174684427], [136.67033945403298, 35.075624768264554], [136.67048646962346, 35.075684169751746], [136.67050475056368, 35.07553145733001], [136.6705778283823, 35.07551105283478], [136.67052276858283, 35.0753466330078], [136.67039849215016, 35.075082379305194], [136.67025428936984, 35.07476992434647], [136.66998906784318, 35.07428763835706], [136.66958643569225, 35.074327959741076], [136.6692610599659, 35.074303837831884], [136.66925523473026, 35.07444521339551], [136.66879221405, 35.07442868037824], [136.66878948008807, 35.07436136946726], [136.66879151221315, 35.07429008737987], [136.6687977680514, 35.07426955916483], [136.66881199290455, 35.07422300012486], [136.66881941603177, 35.07416683085593], [136.66880296778382, 35.074082621929726], [136.6687814794824, 35.07402661196765], [136.6687809677998, 35.07396393577253], [136.6687803509135, 35.07388837288737], [136.66876365346235, 35.0737739534452], [136.66874377442016, 35.07359476085248], [136.66865000130167, 35.073262236481035], [136.66803664491576, 35.07330815016122], [136.6674436551288, 35.073372259867426], [136.66667237824512, 35.07349699627194], [136.66511490724963, 35.073856681276744], [136.6653645669235, 35.074462589967986], [136.665626956917, 35.07505828700548], [136.66642477163003, 35.0769457426526], [136.666953126078, 35.07817232316125], [136.6671148769416, 35.07857863234754], [136.66728300153352, 35.078952228326656], [136.66746764062944, 35.07932305707128], [136.667642011887, 35.07965323578945], [136.66783630398305, 35.07999415061703], [136.66792338080512, 35.080145648571666], [136.6681573871038, 35.08050268287526], [136.66843127986772, 35.080886540219744], [136.66861831968325, 35.081151505090766], [136.66896211912533, 35.08160286625708], [136.66924899218776, 35.08195960692181], [136.66974597073886, 35.08159269723841], [136.6706929657069, 35.08092096551115], [136.67044626454694, 35.08062112151031], [136.67131215176906, 35.08019977066686], [136.67143617872526, 35.08012380079709], [136.6715285041311, 35.08006307661257], [136.67163015751248, 35.079954129493935], [136.67187106401428, 35.079547219097456], [136.6720746733334, 35.079361366990724], [136.67196157613705, 35.0792656518345], [136.67200512710713, 35.07921723944869], [136.6719747760854, 35.07908888188069], [136.67195457539884, 35.07901272400339], [136.67193475732446, 35.07897276190313], [136.67209058098834, 35.07891964377144], [136.6720262150181, 35.07881161553666], [136.67209434487822, 35.07878306830885], [136.67185723423853, 35.07841993226027], [136.67188318397112, 35.0784031677522], [136.671978580719, 35.07836214521441], [136.67221486583688, 35.078290623818226], [136.67235136374865, 35.07825768320696], [136.67254124527634, 35.078184304922765], [136.67269664770797, 35.078075060200696], [136.6728182682509, 35.07801417275897], [136.67299791928016, 35.07788465112827], [136.67322623418872, 35.077734858105465], [136.67340133181713, 35.0776455034777]]]}}, {"type": "Feature", "properties": {"rowId": 166, "city_name": "桑名市", "town_name": "稗田", "households": 142, "population": 367, "e_stat_code": "242051160"}, "geometry": {"type": "Polygon", "coordinates": [[[136.65933332915833, 35.05804546753644], [136.65975083424956, 35.057957279938535], [136.65973153990333, 35.05807661606206], [136.66010259441077, 35.05808572632364], [136.66056287072382, 35.058076321711134], [136.66057398241833, 35.0579888629785], [136.66151142757616, 35.05797270305927], [136.662438653474, 35.05794264738044], [136.6628297144969, 35.05792107600186], [136.66301855521476, 35.05792004510314], [136.66326007822752, 35.05796732039796], [136.66334447193847, 35.05787615124128], [136.66348747537396, 35.057767266698086], [136.66367153151404, 35.057651326364784], [136.66380242158476, 35.05756962098138], [136.66395074943208, 35.05751021601614], [136.66397993775828, 35.057523860395065], [136.6644205988299, 35.05738271130168], [136.66491823457554, 35.05719695160045], [136.66530827835297, 35.05705621793115], [136.66687622063506, 35.056428578483626], [136.66544059378137, 35.0558864998073], [136.66385327462788, 35.05528691957039], [136.6619776491953, 35.0545753640428], [136.66171961672146, 35.05454486658176], [136.65869415783573, 35.05418636399851], [136.65569362848353, 35.053752997525955], [136.65257487057661, 35.05350393128046], [136.65093976928347, 35.05337410383174], [136.65106690288215, 35.05475983756261], [136.6511258116504, 35.05501052101587], [136.65122949338686, 35.055043910650156], [136.65153934455637, 35.055633478918224], [136.65122684533313, 35.05568396011319], [136.65149166070634, 35.056790417692476], [136.649834590592, 35.057173544414596], [136.65006934655315, 35.0580824089605], [136.6504102050066, 35.058021002655174], [136.6506374213821, 35.057977317184964], [136.65079723689286, 35.057912584183256], [136.6510298025278, 35.05789006768963], [136.65120535700115, 35.057855180991176], [136.65159265856127, 35.05778077408052], [136.6526821831327, 35.05756230358573], [136.65287590554715, 35.05721258139023], [136.65326398439285, 35.05723598796106], [136.6532991831912, 35.057112482759976], [136.65586354745622, 35.0566839872797], [136.65588576059878, 35.056842536583076], [136.65614816815113, 35.05687316249607], [136.65616594619036, 35.05693257693924], [136.65618021365702, 35.057029616739115], [136.65623089766706, 35.05704314682488], [136.65640627200233, 35.05704494477591], [136.65645731022641, 35.05709741786676], [136.6564915223166, 35.05716096837569], [136.65652235095556, 35.05721904449151], [136.6565387233043, 35.05737009009094], [136.65643426235678, 35.057378965278566], [136.6564977478983, 35.058144081316996], [136.65868123557385, 35.0581278849684], [136.65933332915833, 35.05804546753644]]]}}, {"type": "Feature", "properties": {"rowId": 104, "city_name": "桑名市", "town_name": "東方（尾弓田）", "households": 1718, "population": 3684, "e_stat_code": "24205085303"}, "geometry": {"type": "MultiPolygon", "coordinates": [[[[136.67951161051346, 35.07792118865797], [136.67967299108156, 35.077924369975534], [136.68017547972494, 35.07789394925333], [136.68027511401127, 35.07811614612412], [136.6806385442729, 35.07815537829676], [136.68068398667796, 35.078041668171515], [136.68123231514994, 35.076668754369656], [136.68126655779602, 35.07657813696449], [136.68143168590674, 35.07614148968619], [136.68184153143417, 35.0750948555247], [136.68216717728572, 35.07432799844802], [136.68226526570223, 35.07409694593863], [136.68293072987836, 35.072508780104414], [136.68332365651932, 35.07156407010968], [136.68353614260826, 35.07102574171848], [136.6837792763803, 35.070439703401824], [136.68393344458897, 35.0700014950808], [136.68401684835737, 35.069670027542266], [136.6840868357225, 35.069142993708745], [136.68411161209968, 35.068827842226035], [136.68405061293538, 35.06829351772793], [136.6840320661142, 35.06816523705372], [136.6839485627799, 35.067587304601], [136.6838572219521, 35.06710181515957], [136.6837830464949, 35.066707288218275], [136.68365196681813, 35.065893981033646], [136.6835684269962, 35.06540872846831], [136.6828568339149, 35.06552428558175], [136.68282033915676, 35.06555942171243], [136.68267916645135, 35.065583455762386], [136.68248154191744, 35.06561710305934], [136.68225568514458, 35.06566485230069], [136.68212562905222, 35.06566093540607], [136.6820403256528, 35.06560556732897], [136.68199475156214, 35.06556870918664], [136.6819216888155, 35.06562024821661], [136.6817973977461, 35.0656348897585], [136.68168452928379, 35.06566341234952], [136.68153169651413, 35.06565025501706], [136.68142363437505, 35.06557191530407], [136.68136036423675, 35.06544670156953], [136.68133655339352, 35.065302674698046], [136.68130497819672, 35.06524475102737], [136.68125535597375, 35.06506129050765], [136.681182959159, 35.0647912636859], [136.6811685564159, 35.06472296100935], [136.68115073237297, 35.064685876456686], [136.6810992035216, 35.0646436990529], [136.6809123802038, 35.06462150696604], [136.6807710172595, 35.06462229953083], [136.68073117669263, 35.064589985854916], [136.6803755742187, 35.06467106628532], [136.68027754088192, 35.06444378981188], [136.6801916215086, 35.064313984926606], [136.6800559119133, 35.06431474499126], [136.67994831132413, 35.06429682512637], [136.67978979608637, 35.06427447280071], [136.67965472801183, 35.06428043974393], [136.6796635705328, 35.064061156978184], [136.67912957946385, 35.064181401986865], [136.67913624111495, 35.06411293723993], [136.67914678583875, 35.06400453836], [136.67910336044307, 35.063839563551674], [136.6790183617639, 35.06373235917953], [136.67859537600117, 35.0638378817408], [136.67843533249857, 35.06387780586826], [136.6780478754606, 35.063933775321686], [136.67793250381698, 35.06354637569316], [136.67699895762183, 35.06369370189274], [136.6770358427102, 35.06476184744864], [136.6762841154817, 35.06489294301749], [136.67632263302045, 35.06512808914773], [136.67636795591807, 35.065388621417256], [136.6764371556928, 35.06577641992522], [136.67645880046513, 35.06593905208961], [136.6764908714169, 35.06613507815305], [136.67656010556146, 35.06652696156442], [136.67660894055152, 35.06690649275488], [136.67666155349937, 35.06713156032915], [136.67666433795412, 35.067162883489445], [136.67653248666696, 35.06718030889714], [136.67653352155057, 35.06730551918349], [136.67662989605134, 35.067296601629984], [136.67658035627775, 35.06744301054197], [136.67645861798263, 35.067456223885834], [136.67647805516526, 35.06735167555214], [136.67629016015422, 35.06734025684069], [136.67622850849688, 35.067441519516734], [136.67616996373516, 35.067410576165294], [136.6759906409315, 35.067342839503695], [136.67580765896705, 35.0672937856245], [136.67569383128338, 35.067248149662944], [136.67559037661405, 35.06740591436507], [136.6756206946627, 35.06741074588267], [136.6756409733706, 35.06748584774876], [136.67575685344696, 35.067915007542595], [136.67578258655465, 35.06796071171004], [136.6758991930452, 35.067943371419574], [136.67602093216095, 35.06793015808245], [136.67629460839066, 35.06787863234053], [136.67633693067137, 35.06808706710427], [136.67639360467638, 35.06818689555163], [136.67646489486015, 35.0682157249103], [136.67652243115415, 35.06841984878245], [136.67622366828164, 35.068509192774556], [136.6762960710843, 35.068667386596914], [136.6763273491081, 35.06876735704767], [136.67621586300908, 35.068793049285794], [136.67626283532903, 35.068947230741095], [136.6765958724527, 35.06887466817213], [136.6766936719876, 35.069073990512194], [136.67649603332308, 35.06911227619383], [136.6764984162852, 35.06940058369978], [136.67616501810264, 35.06943497644911], [136.6761892875256, 35.069671822109726], [136.6761794352695, 35.06981153068733], [136.67620435648024, 35.0700857685468], [136.67624565709548, 35.070294771331405], [136.6763936062999, 35.07040557130062], [136.67641543089402, 35.07056418816414], [136.6763819094424, 35.070700858943724], [136.6762200718628, 35.07096219325635], [136.67617052975675, 35.07112986985511], [136.67610984080133, 35.07131148171176], [136.6760828745996, 35.071474384504505], [136.67612860378898, 35.0715299770777], [136.6763773612114, 35.07151929559966], [136.6764684703771, 35.07159315708879], [136.67654254044191, 35.07166246592816], [136.67663527329086, 35.072176193451156], [136.67651496100478, 35.07251849696191], [136.67631997498614, 35.07313326768011], [136.67614332675274, 35.07317854945166], [136.67615013300818, 35.073535989229796], [136.6761602452092, 35.07382693030962], [136.67614706219777, 35.07409271735973], [136.67625004542538, 35.07445272072249], [136.6770392371364, 35.07496714489909], [136.67691880948698, 35.07529050441157], [136.6766682649015, 35.075703113990194], [136.67607926882823, 35.07629909319929], [136.67640260616025, 35.07650025703056], [136.67666231584195, 35.07669874687074], [136.67748046708365, 35.077262726428806], [136.678144357127, 35.07769896576496], [136.67887986107934, 35.07821121215859], [136.67938209653627, 35.07855285187734], [136.67951161051346, 35.07792118865797]], [[136.67811006401965, 35.066881357854534], [136.6779442146662, 35.066883974067366], [136.67790310505472, 35.06686399152412], [136.67775337865285, 35.06683285421062], [136.67772962622556, 35.066679812449316], [136.67784210192303, 35.06666566302959], [136.67786118783738, 35.066746404106915], [136.67814344558772, 35.06671285514611], [136.6781346927749, 35.066643887849175], [136.67873810571018, 35.066573119208805], [136.67874140752787, 35.06648056199984], [136.6787512108304, 35.06642832210869], [136.6787867421561, 35.06626649759437], [136.67880384627662, 35.06610815703325], [136.6789562890721, 35.066121037181], [136.67898695051497, 35.06597086054291], [136.67882444482137, 35.06596345832774], [136.67882498721613, 35.06573457381894], [136.67834398160392, 35.065727894571616], [136.67829336237438, 35.06557824198079], [136.67828137996534, 35.065357103217316], [136.6782580955574, 35.06506419381691], [136.67878895055856, 35.06497291440949], [136.6787417217707, 35.06473126765808], [136.67884974519458, 35.06472791725187], [136.67893593177806, 35.06471489972865], [136.679006218928, 35.064622742637276], [136.6790720362823, 35.06460145830418], [136.67925346929985, 35.06460361328112], [136.67936649249853, 35.064603966436714], [136.67952664570296, 35.06459673209228], [136.67950776633063, 35.06475761858456], [136.67962923507767, 35.06475891074045], [136.67962788854211, 35.06499899795092], [136.6794791288057, 35.06500159103853], [136.67950910940306, 35.065275166215024], [136.6795417383268, 35.065537881614915], [136.67955002385793, 35.06592179310553], [136.67955611471507, 35.06604697509186], [136.67953644066577, 35.06612215903786], [136.6795018665082, 35.06623932826921], [136.6789528332564, 35.06613795855927], [136.67882659547948, 35.06613500218243], [136.67880733833394, 35.066281523892], [136.67878015512304, 35.066458443174255], [136.67877068499752, 35.06655610547943], [136.67877324476575, 35.06661672729506], [136.67876313002816, 35.066879399510256], [136.67811006401965, 35.066881357854534]]], [[[136.6721893830684, 35.07523762143459], [136.67222059423113, 35.075288154787245], [136.67296506634298, 35.07504359974973], [136.67272345739815, 35.073735310928726], [136.6725943760845, 35.07312149554798], [136.6726027238609, 35.07309496942433], [136.67263258761508, 35.073070155721155], [136.6727417736114, 35.073050183354454], [136.6727630996756, 35.07303414909846], [136.6727713170778, 35.0730074833857], [136.6725713667086, 35.073021196629554], [136.672440575499, 35.07302825927489], [136.67219445435273, 35.073042298552934], [136.6715938607746, 35.073077033151975], [136.67095233795416, 35.07311403254843], [136.66957604596013, 35.073192832646505], [136.6695637595162, 35.07319374552749], [136.66978502769194, 35.07348211330509], [136.66999367842953, 35.07365709579787], [136.67024205180695, 35.07356748114445], [136.67033557664794, 35.07365929268997], [136.67055477648887, 35.07358983983283], [136.6707219097206, 35.073721386224506], [136.67108909506783, 35.07442600273325], [136.67122117434573, 35.07439273592507], [136.6714907774357, 35.074912461672156], [136.67155487272095, 35.074893726618015], [136.671614022305, 35.07500340295561], [136.67172310564857, 35.0749708966713], [136.67169866330576, 35.07505603517035], [136.67171868236315, 35.0751155745298], [136.67177768049652, 35.07515426356088], [136.67186438999173, 35.07517216458116], [136.67192016132014, 35.07532918574757], [136.6721893830684, 35.07523762143459]]]]}}, {"type": "Feature", "properties": {"rowId": 105, "city_name": "桑名市", "town_name": "東方（南部）", "households": 228, "population": 378, "e_stat_code": "24205085304"}, "geometry": {"type": "Polygon", "coordinates": [[[136.67326002429098, 35.07649392063782], [136.6733552358819, 35.07619626826379], [136.67288997154208, 35.07625715972225], [136.67287591224584, 35.07590137917456], [136.67239308177054, 35.07577890843325], [136.6721726058382, 35.07580301794139], [136.67205212804745, 35.075417965529375], [136.67192016132014, 35.07532918574757], [136.67186438999173, 35.07517216458116], [136.67177768049652, 35.07515426356088], [136.67171868236315, 35.0751155745298], [136.67169866330576, 35.07505603517035], [136.67172310564857, 35.0749708966713], [136.671614022305, 35.07500340295561], [136.67155487272095, 35.074893726618015], [136.6714907774357, 35.074912461672156], [136.67122117434573, 35.07439273592507], [136.67108909506783, 35.07442600273325], [136.6707219097206, 35.073721386224506], [136.67055477648887, 35.07358983983283], [136.67033557664794, 35.07365929268997], [136.67024205180695, 35.07356748114445], [136.66999367842953, 35.07365709579787], [136.67027129384917, 35.07415748310876], [136.66998906784318, 35.07428763835706], [136.67025428936984, 35.07476992434647], [136.67039849215016, 35.075082379305194], [136.67052276858283, 35.0753466330078], [136.6705778283823, 35.07551105283478], [136.67050475056368, 35.07553145733001], [136.67048646962346, 35.075684169751746], [136.67033945403298, 35.075624768264554], [136.67020751231675, 35.0756174684427], [136.67032126873053, 35.07578945296934], [136.67061941891697, 35.075819919831204], [136.67058445971955, 35.07602293758403], [136.67057069758977, 35.07613132758561], [136.67055205518992, 35.07623988484728], [136.6705154576142, 35.076541295625816], [136.67069160788154, 35.076580394272995], [136.67090210249683, 35.07663944442447], [136.6711370544758, 35.07669849981707], [136.67130337406707, 35.076729623458384], [136.67209068791306, 35.07684977793225], [136.67260935596028, 35.07695930429915], [136.67317700830287, 35.07709264280227], [136.67373040962403, 35.07727429839103], [136.67390395399212, 35.076996282655195], [136.6737520583709, 35.0769328979076], [136.6737855106761, 35.076844328132566], [136.67366818305874, 35.07683300745922], [136.67366590378757, 35.07655589705946], [136.67326002429098, 35.07649392063782]]]}}, {"type": "Feature", "properties": {"rowId": 103, "city_name": "桑名市", "town_name": "東方（福島前）", "households": 514, "population": 955, "e_stat_code": "24205085302"}, "geometry": {"type": "MultiPolygon", "coordinates": [[[[136.68803672255925, 35.07042375492986], [136.68714253405324, 35.07054755418382], [136.68703712875, 35.07077210230226], [136.68733533578978, 35.07091281474753], [136.6881454609044, 35.070596173104605], [136.68803672255925, 35.07042375492986]]], [[[136.6843819841616, 35.075318809993945], [136.6843883319378, 35.075524627252875], [136.68481976123033, 35.07555268791934], [136.6848968264524, 35.07533879479077], [136.68496487237078, 35.07516305301649], [136.6851105366495, 35.07483440183829], [136.68542364641354, 35.074185498566465], [136.68554119204288, 35.07394186841419], [136.684811772144, 35.0737630909953], [136.68535062970085, 35.072764662880566], [136.68549220273016, 35.07251068495706], [136.68554057608333, 35.07237463228778], [136.6855031291184, 35.072091735414126], [136.68541692137293, 35.07164776877475], [136.6855361423126, 35.07159970020453], [136.68556132283084, 35.07165040440512], [136.68563899083452, 35.07156517461176], [136.6858114779392, 35.0714692669608], [136.68593893666753, 35.07141770065068], [136.68614858366215, 35.07132482216924], [136.68641565345135, 35.07119450528246], [136.6863958518471, 35.07080453270499], [136.68613616999102, 35.070829733548536], [136.68586398290444, 35.07084486325946], [136.6859171000682, 35.071275283629255], [136.68565741913304, 35.07130055336044], [136.68556714130568, 35.070866821942275], [136.68523719352257, 35.07087889593621], [136.68499992731014, 35.070900507684186], [136.68475995937155, 35.07092236473886], [136.68443636687246, 35.07095179573435], [136.6840457981521, 35.070987377498255], [136.68353614260826, 35.07102574171848], [136.68332365651932, 35.07156407010968], [136.68293072987836, 35.072508780104414], [136.68226526570223, 35.07409694593863], [136.68216717728572, 35.07432799844802], [136.68184153143417, 35.0750948555247], [136.68333036169517, 35.075431427643586], [136.68403628344768, 35.07556471057003], [136.68412212494573, 35.075293583353435], [136.6843819841616, 35.075318809993945]]], [[[136.68213429927786, 35.07879263965796], [136.68231060685528, 35.07880298679462], [136.6824635148923, 35.07874008351526], [136.68246411856865, 35.07874064352139], [136.68269238027852, 35.07877126212677], [136.68265642006128, 35.078660756311486], [136.68287434057797, 35.078571147458234], [136.6830961985923, 35.078486023257334], [136.6829236694598, 35.078368820802424], [136.68328394462858, 35.07840440061352], [136.68356765465052, 35.07830427904116], [136.68377304064924, 35.07788331884122], [136.68397402003407, 35.07733005433925], [136.68398004408013, 35.07730769620946], [136.68359098746575, 35.07721016551048], [136.68352381590216, 35.07749639846622], [136.6833447640342, 35.07748008181704], [136.68319959739503, 35.07753632386607], [136.68314909534632, 35.077597525721785], [136.68317733849136, 35.07765074844453], [136.68347429801244, 35.07767576871092], [136.6833029037805, 35.07824851446671], [136.68312640633454, 35.07821528059649], [136.68279235314333, 35.078190469223365], [136.68280423899841, 35.07794637899508], [136.68221015870122, 35.07787732170994], [136.68215496403243, 35.07849131547304], [136.68189686129372, 35.07839557952295], [136.68168805716212, 35.07838146989979], [136.68110703944805, 35.078209372113406], [136.68068398667796, 35.078041668171515], [136.6806385442729, 35.07815537829676], [136.68049338558941, 35.07857881179401], [136.68065133442747, 35.078612153460796], [136.6810385421834, 35.07861575631329], [136.68092525787466, 35.07893661401876], [136.68126411154714, 35.078976616434765], [136.68151006072807, 35.07900192656358], [136.68164918152002, 35.07900114553363], [136.6817163302756, 35.07871104079338], [136.68213429927786, 35.07879263965796]]]]}}, {"type": "Feature", "properties": {"rowId": 102, "city_name": "桑名市", "town_name": "東方（北部）", "households": 135, "population": 368, "e_stat_code": "24205085301"}, "geometry": {"type": "Polygon", "coordinates": [[[136.67699895762183, 35.06369370189274], [136.6770007602839, 35.06345086552113], [136.67699562125475, 35.06333694608467], [136.67699039663623, 35.06321267460811], [136.67697135549275, 35.062940094100014], [136.67680160135876, 35.06272349662374], [136.6767104299842, 35.06236145592155], [136.67665800123714, 35.06211659765866], [136.67664441305058, 35.06199582303248], [136.67666491097356, 35.06193704455413], [136.67667712958752, 35.06189211556241], [136.67599629764905, 35.06181991850364], [136.6758490725215, 35.06178968040441], [136.67551205400852, 35.06165690241712], [136.67498909059745, 35.061383602444295], [136.67506733239915, 35.06119668146892], [136.67496554490626, 35.0610729466798], [136.674692149823, 35.061015731245085], [136.67464745275365, 35.061199014802995], [136.67491310828245, 35.06133564260275], [136.67486314870547, 35.06138430239656], [136.67475457519822, 35.06146082468591], [136.67462114866345, 35.0615720626459], [136.67463236828058, 35.06166010235869], [136.6746542324621, 35.06176695691146], [136.67474559312365, 35.06215315513025], [136.67446474066227, 35.06220999915181], [136.67445850832712, 35.062472367400765], [136.6754238399828, 35.062415239596525], [136.67531380777018, 35.06256944907265], [136.67520059136052, 35.06284114551477], [136.67514769769795, 35.06304856088401], [136.67509864622056, 35.06320771300148], [136.6750702530773, 35.063332170898825], [136.6750169767381, 35.06348789562401], [136.67514700355594, 35.063473299565985], [136.67518723749677, 35.06376653797018], [136.67523757464733, 35.06462002299393], [136.6752733041742, 35.06498490884296], [136.6757502525922, 35.064941550499086], [136.6762841154817, 35.06489294301749], [136.6770358427102, 35.06476184744864], [136.67699895762183, 35.06369370189274]]]}}, {"type": "Feature", "properties": {"rowId": 151, "city_name": "桑名市", "town_name": "東正和台一丁目", "households": 57, "population": 139, "e_stat_code": "24205111001"}, "geometry": {"type": "Polygon", "coordinates": [[[136.63369863844642, 35.05206935662575], [136.63368569544937, 35.051991109882195], [136.63332997106298, 35.05199670847592], [136.6333066673164, 35.05168244569952], [136.6336403446854, 35.05167773657848], [136.63362622570438, 35.05155857803851], [136.63361585236223, 35.05095838444397], [136.6336347994231, 35.0508292629143], [136.63383427681214, 35.05081412947857], [136.6339936244915, 35.05077110626595], [136.63416418380305, 35.05069992345258], [136.63424436861612, 35.050746406770855], [136.63429037972284, 35.05079299880579], [136.63457994200738, 35.05071611815262], [136.63456159832282, 35.05047267812359], [136.6355365335982, 35.050439379484615], [136.63571840692927, 35.05035876827116], [136.6354793078588, 35.05004810523439], [136.63521417406662, 35.049693138226004], [136.63345236518643, 35.04973987376362], [136.63312827985115, 35.049760169482795], [136.63317059725134, 35.05053633142216], [136.63320828072844, 35.050981582096654], [136.63267232404394, 35.05099847944509], [136.63268656196402, 35.0513642009338], [136.63258395663775, 35.05136945687994], [136.63259111265714, 35.05155696579003], [136.63230889422695, 35.051565486775864], [136.6323182200587, 35.05170164267983], [136.6323667652097, 35.05240931573329], [136.63364875583542, 35.05241034296724], [136.6336999914845, 35.05224288132345], [136.63369863844642, 35.05206935662575]]]}}, {"type": "Feature", "properties": {"rowId": 157, "city_name": "桑名市", "town_name": "東正和台七丁目", "households": 74, "population": 170, "e_stat_code": "24205111007"}, "geometry": {"type": "Polygon", "coordinates": [[[136.63930152844821, 35.04912983349314], [136.6393199307228, 35.048566948944746], [136.6393606665641, 35.04856884597841], [136.63940769599853, 35.0485650044674], [136.6394545090281, 35.04853897993026], [136.6394944949283, 35.04849446962896], [136.63950542378024, 35.048457648491706], [136.63948709326993, 35.04840795273299], [136.63938092267105, 35.048350905469114], [136.63919178717993, 35.04822527852645], [136.6390881163832, 35.04809926973947], [136.63899602469064, 35.047991861793484], [136.63892106017587, 35.047884434645056], [136.63835661990413, 35.0479015074797], [136.63814455245566, 35.04776184456595], [136.63799546595317, 35.04765952707167], [136.63776660369624, 35.04756220837379], [136.63753807363562, 35.047507144575505], [136.6374302549184, 35.04757807126454], [136.6372047209481, 35.04753940062143], [136.63698780259986, 35.047512445474574], [136.63684003865768, 35.04757879395061], [136.6365646969741, 35.04736924596509], [136.63630273498663, 35.04737534700894], [136.63632568272243, 35.04774165892836], [136.63633623524527, 35.047952252021865], [136.6363804881633, 35.04824485556089], [136.63639959526108, 35.04849801098789], [136.63670165935932, 35.04847768461941], [136.63671610188845, 35.04886221175736], [136.63835813317894, 35.04882057820772], [136.638990929156, 35.04879384774972], [136.63899369017471, 35.049145549037966], [136.63930152844821, 35.04912983349314]]]}}, {"type": "Feature", "properties": {"rowId": 153, "city_name": "桑名市", "town_name": "東正和台三丁目", "households": 148, "population": 317, "e_stat_code": "24205111003"}, "geometry": {"type": "Polygon", "coordinates": [[[136.6363804881633, 35.04824485556089], [136.63633623524527, 35.047952252021865], [136.63632568272246, 35.047741658928345], [136.63630273498663, 35.04737534700894], [136.6365646969741, 35.04736924596509], [136.63684003865774, 35.04757879395064], [136.63698780259986, 35.047512445474574], [136.6366405213388, 35.047225807870156], [136.63646840240452, 35.047090720764], [136.63625703209786, 35.04704500207054], [136.63609115699043, 35.046980167533825], [136.6359078636147, 35.04687795783419], [136.6351994604826, 35.04671287589132], [136.6349205478189, 35.04677998242663], [136.63413382004873, 35.046807581331905], [136.6340327519382, 35.047014395142966], [136.6336001162275, 35.04711055408713], [136.63379674062566, 35.04746130111562], [136.63400494005683, 35.047835297647026], [136.6342244644328, 35.04819522035661], [136.63605457691034, 35.04813403094259], [136.63607261508486, 35.04825591542838], [136.6363804881633, 35.04824485556089]]]}}, {"type": "Feature", "properties": {"rowId": 152, "city_name": "桑名市", "town_name": "東正和台二丁目", "households": 87, "population": 220, "e_stat_code": "24205111002"}, "geometry": {"type": "Polygon", "coordinates": [[[136.63379674062566, 35.04746130111562], [136.6336001162275, 35.04711055408713], [136.63348097248272, 35.04719083510524], [136.6333331663735, 35.04725267308255], [136.63317956163348, 35.04729566750493], [136.63299736110045, 35.047334164563075], [136.63302014872434, 35.04775836558153], [136.6330640108202, 35.048573746095045], [136.6330940543143, 35.049132142993315], [136.63312827985115, 35.049760169482795], [136.63345236518643, 35.04973987376362], [136.63521417406662, 35.049693138226004], [136.6351796696414, 35.04965571164517], [136.63494904899702, 35.0493333823242], [136.63468932627026, 35.04893613096003], [136.6344641813626, 35.048585602296264], [136.6344181022226, 35.048524855218346], [136.6342244644328, 35.04819522035661], [136.63400494005683, 35.047835297647026], [136.63379674062566, 35.04746130111562]]]}}, {"type": "Feature", "properties": {"rowId": 155, "city_name": "桑名市", "town_name": "東正和台五丁目", "households": 65, "population": 137, "e_stat_code": "24205111005"}, "geometry": {"type": "Polygon", "coordinates": [[[136.63879625287265, 35.0512358273875], [136.6388670240272, 35.050808731964246], [136.6393333985615, 35.05064681562501], [136.6393008288972, 35.050131106466566], [136.63855976567888, 35.050167846811654], [136.63790402900457, 35.0501806805272], [136.6371796506969, 35.05021570433895], [136.6364901355036, 35.05023504651228], [136.63591144505165, 35.05024978727631], [136.63571840692927, 35.05035876827116], [136.63617629562987, 35.050940199420076], [136.63710556134723, 35.05089783243222], [136.637136503043, 35.05120712711554], [136.63812812532765, 35.051122168191775], [136.63818001153734, 35.05119689873238], [136.6382708183841, 35.05114021770712], [136.63836346368404, 35.05131790959915], [136.63879625287265, 35.0512358273875]]]}}, {"type": "Feature", "properties": {"rowId": 156, "city_name": "桑名市", "town_name": "東正和台六丁目", "households": 128, "population": 303, "e_stat_code": "24205111006"}, "geometry": {"type": "Polygon", "coordinates": [[[136.63930109801345, 35.04971846917001], [136.63930152844827, 35.04912983349314], [136.63899369017474, 35.049145549037966], [136.638990929156, 35.04879384774974], [136.63835813317894, 35.048820578207696], [136.63671610188845, 35.04886221175736], [136.63670165935932, 35.04847768461941], [136.63639959526108, 35.04849801098789], [136.6364901355036, 35.05023504651228], [136.6371796506969, 35.05021570433895], [136.63790402900457, 35.0501806805272], [136.63855976567888, 35.050167846811654], [136.6393008288972, 35.050131106466566], [136.63930109801345, 35.04971846917001]]]}}, {"type": "Feature", "properties": {"rowId": 154, "city_name": "桑名市", "town_name": "東正和台四丁目", "households": 106, "population": 238, "e_stat_code": "24205111004"}, "geometry": {"type": "Polygon", "coordinates": [[[136.63639959526108, 35.04849801098789], [136.6363804881633, 35.04824485556089], [136.63607261508486, 35.04825591542838], [136.63605457691034, 35.04813403094259], [136.6342244644328, 35.04819522035661], [136.6344181022226, 35.048524855218346], [136.6344641813626, 35.048585602296264], [136.63468932627026, 35.04893613096003], [136.63494904899702, 35.0493333823242], [136.6351796696414, 35.04965571164517], [136.63521417406662, 35.049693138226004], [136.6354793078588, 35.05004810523439], [136.63571840692927, 35.05035876827116], [136.63591144505165, 35.05024978727631], [136.6364901355036, 35.05023504651228], [136.63639959526108, 35.04849801098789]]]}}, {"type": "Feature", "properties": {"rowId": 42, "city_name": "桑名市", "town_name": "東鍋屋町", "households": 54, "population": 184, "e_stat_code": "242050420"}, "geometry": {"type": "Polygon", "coordinates": [[[136.68834994084312, 35.05655103250017], [136.68930819008233, 35.056363829492724], [136.68934999069106, 35.05593230869752], [136.68951674272552, 35.05563261770783], [136.69001517892283, 35.055493936569], [136.6902130797446, 35.05545548665069], [136.69049389306232, 35.055464102073294], [136.69086562728265, 35.05547896049374], [136.69105566059196, 35.05548802056366], [136.69107523955478, 35.055362340959334], [136.6910675877613, 35.05523681630139], [136.691021677609, 35.05525658532266], [136.6909706880012, 35.05526814347296], [136.69091342185817, 35.055271638956725], [136.69076884319682, 35.05526520757208], [136.69064289336526, 35.05524845842006], [136.69057930470868, 35.05524374939724], [136.69048789299708, 35.05524004308335], [136.6901536115008, 35.05525891564351], [136.69007273451064, 35.05497077258504], [136.68976757386417, 35.0550200437183], [136.68953679192535, 35.055068961138076], [136.6893801274272, 35.05509696423279], [136.6891984433527, 35.05509799539207], [136.6889833189009, 35.05504829909465], [136.6887927282015, 35.05496789762096], [136.68862700190564, 35.05490094803768], [136.68835415504424, 35.05486171803594], [136.68827261738804, 35.05467266582524], [136.68776643660365, 35.05481694727456], [136.68786530073393, 35.05534070381631], [136.68755586233712, 35.05543154394669], [136.6877106641857, 35.055921249086005], [136.6877534130368, 35.05609080278581], [136.6877998854929, 35.05621955862271], [136.68796680249133, 35.05613755322613], [136.688127020267, 35.056384472459996], [136.68819755805163, 35.05637012803013], [136.68825195231486, 35.05645806314521], [136.6882946912466, 35.056443031089195], [136.68834994084312, 35.05655103250017]]]}}, {"type": "Feature", "properties": {"rowId": 53, "city_name": "桑名市", "town_name": "東矢田町", "households": 57, "population": 143, "e_stat_code": "242050530"}, "geometry": {"type": "Polygon", "coordinates": [[[136.6860857688706, 35.057381903558536], [136.68595707288208, 35.056940853145576], [136.68583456721268, 35.05655864254269], [136.68560231889916, 35.056602068673556], [136.6855326702044, 35.05642076421095], [136.6851621195952, 35.056491379536936], [136.68487755011017, 35.05654601424873], [136.68404009433493, 35.05671792395141], [136.6835851401709, 35.05679929136364], [136.6834638827602, 35.05682680526844], [136.68350670944267, 35.05701699405977], [136.68365690655617, 35.05699861278632], [136.68396972194682, 35.05696234368309], [136.68407072493795, 35.05730375967458], [136.6841896863891, 35.05727815902512], [136.68431013241033, 35.05771172172369], [136.68500535114882, 35.057577093302974], [136.68557876242136, 35.05747089667618], [136.6860857688706, 35.057381903558536]]]}}, {"type": "Feature", "properties": {"rowId": 223, "city_name": "桑名市", "town_name": "福江", "households": 49, "population": 113, "e_stat_code": "242051480"}, "geometry": {"type": "Polygon", "coordinates": [[[136.69230605635406, 35.03510265101356], [136.69216950542744, 35.03493250691271], [136.69264093957125, 35.03497778029292], [136.69289248038024, 35.03500592542314], [136.69326244335264, 35.035024661218955], [136.69354226680528, 35.03504602257532], [136.69391298975293, 35.035063625243936], [136.69392351051897, 35.035138075566955], [136.6976114163934, 35.03411396331312], [136.69773555555892, 35.034379175850326], [136.69776838312936, 35.03517218595773], [136.69806395644466, 35.03511252799435], [136.6980188184312, 35.034774042319675], [136.69802302782563, 35.034444147199416], [136.6980076072083, 35.034282257360104], [136.69792853300987, 35.03408601415911], [136.69780023033104, 35.03388998379691], [136.69777141545947, 35.03380915979924], [136.69783354469695, 35.03366992448222], [136.69779653420176, 35.033456044522175], [136.69767662559443, 35.033416239269606], [136.69756393429827, 35.03339949136661], [136.6972419534844, 35.03276490674651], [136.6972376159572, 35.03275331148369], [136.69695303096015, 35.03283558163483], [136.69686791210694, 35.03264296389047], [136.6967628237615, 35.03266934209027], [136.69548197712552, 35.03302091756359], [136.69537458204536, 35.03279581881556], [136.69515122146476, 35.03300541502146], [136.69500451753004, 35.03312203261451], [136.69473786027626, 35.03319870161466], [136.69443572099064, 35.033240993471175], [136.69419674686785, 35.03326545831178], [136.6940809612607, 35.033297951325025], [136.69392679932164, 35.033368341410906], [136.6938462583635, 35.033412112799084], [136.69365631828123, 35.033413197135495], [136.69345964409968, 35.03344326491466], [136.6931512167467, 35.033572353328005], [136.6925485936929, 35.03385347575854], [136.69251615278108, 35.03375823391843], [136.69259272557673, 35.033665188922576], [136.69273584693923, 35.0335342273478], [136.692784682767, 35.03348760915856], [136.6912346269077, 35.032278008410884], [136.69105634033838, 35.03241698596774], [136.69067444161485, 35.03272783087549], [136.6899622105308, 35.03330732078082], [136.68836077935865, 35.034364259685674], [136.68945975074922, 35.03651226711076], [136.6926309415592, 35.035425671110026], [136.69247384493738, 35.03528127924708], [136.69230605635406, 35.03510265101356]]]}}, {"type": "Feature", "properties": {"rowId": 121, "city_name": "桑名市", "town_name": "福島", "households": 823, "population": 1857, "e_stat_code": "242050940"}, "geometry": {"type": "Polygon", "coordinates": [[[136.69598352723145, 35.080131040890215], [136.69629712338576, 35.079371047226985], [136.6969662670779, 35.07774933598799], [136.69629577458946, 35.07523458212373], [136.69742029785567, 35.073666669970166], [136.6981479593004, 35.072652033169405], [136.69199494714377, 35.07260570415087], [136.69160642999935, 35.072636299614565], [136.69030193172406, 35.07271809196266], [136.68928221800854, 35.0727543087591], [136.6887944888756, 35.072773274372494], [136.6886486211806, 35.07277001659105], [136.68870022111253, 35.072554646500215], [136.68878851497786, 35.0722973056561], [136.68876407372156, 35.07214652350989], [136.68872300608052, 35.07194886217759], [136.68868419071356, 35.071809851533196], [136.68863295339312, 35.071584360071185], [136.68862468605528, 35.07144172531612], [136.68863339311642, 35.071361814512855], [136.68863491378164, 35.071323565101984], [136.68863597769607, 35.07129728998485], [136.68851294183517, 35.07112093916658], [136.68848476315017, 35.07108053412359], [136.6881454609044, 35.070596173104605], [136.68733533578978, 35.07091281474753], [136.68703712875, 35.07077210230226], [136.68714253405324, 35.07054755418382], [136.6870616613875, 35.07056312126358], [136.68674297700284, 35.07062446505099], [136.6866400188542, 35.070645400120114], [136.68634211108724, 35.07054532003219], [136.68606195755203, 35.07059098980237], [136.6857657143967, 35.07068428563815], [136.68523659770406, 35.07080769951425], [136.68523719352257, 35.07087889593621], [136.68556714130568, 35.070866821942275], [136.68565741913304, 35.07130055336044], [136.6859171000682, 35.071275283629255], [136.68586398290444, 35.07084486325946], [136.68613616999102, 35.070829733548536], [136.6863958518471, 35.07080453270499], [136.68641565345135, 35.07119450528246], [136.68614858366215, 35.07132482216924], [136.68593893666753, 35.07141770065068], [136.6858114779392, 35.0714692669608], [136.68563899083452, 35.07156517461176], [136.68556132283084, 35.07165040440512], [136.6855361423126, 35.07159970020453], [136.68541692137293, 35.07164776877475], [136.6855031291184, 35.072091735414126], [136.68554057608333, 35.07237463228778], [136.68549220273016, 35.07251068495706], [136.68535062970085, 35.072764662880566], [136.684811772144, 35.0737630909953], [136.68554119204288, 35.07394186841419], [136.68542364641354, 35.074185498566465], [136.6851105366495, 35.07483440183829], [136.68496487237078, 35.07516305301649], [136.6848968264524, 35.07533879479077], [136.68481976123033, 35.07555268791934], [136.6843883319378, 35.075524627252875], [136.6843819841616, 35.075318809993945], [136.68412212494573, 35.075293583353435], [136.68403628344768, 35.07556471057003], [136.68333036169517, 35.075431427643586], [136.68184153143417, 35.0750948555247], [136.68143168590674, 35.07614148968619], [136.68126655779602, 35.07657813696449], [136.68256274963906, 35.07684790858859], [136.68269166414865, 35.07688739704333], [136.68290281575943, 35.076921491971405], [136.683116299799, 35.076942334043295], [136.68328937836827, 35.076976995731094], [136.68343194820216, 35.076999926524024], [136.68361570183868, 35.07703586462697], [136.68377503694356, 35.07705581318648], [136.68390922465912, 35.07709583403629], [136.68402897960164, 35.077125512592666], [136.68398004408013, 35.07730769620946], [136.68397402003407, 35.07733005433925], [136.68439458545808, 35.07766114691839], [136.68456887782432, 35.07798411948733], [136.68468943585276, 35.078263590257954], [136.6848775111621, 35.07857507508949], [136.6850285015035, 35.07885655662208], [136.68520271897606, 35.07920607817661], [136.68524955392192, 35.07925912545307], [136.68512674624841, 35.079545673515746], [136.68475457275213, 35.0793991776328], [136.68422866997145, 35.07916572588021], [136.68399773546892, 35.07955394233305], [136.68459297680778, 35.079760242259326], [136.68507183902298, 35.079910080868295], [136.68555948529854, 35.07999873913707], [136.68615355237756, 35.080064046646], [136.68643436757174, 35.08009865674078], [136.68663417103667, 35.08014710577834], [136.69109900360405, 35.08200669004036], [136.69520908528006, 35.083743770761565], [136.69524526791704, 35.08367130756216], [136.6953133752191, 35.08353478663395], [136.69534385510553, 35.08309882211466], [136.69523531117136, 35.08194447515541], [136.69598352723145, 35.080131040890215]]]}}, {"type": "Feature", "properties": {"rowId": 222, "city_name": "桑名市", "town_name": "福地", "households": 105, "population": 287, "e_stat_code": "242051470"}, "geometry": {"type": "Polygon", "coordinates": [[[136.69989990700867, 35.0381127223993], [136.7000756694193, 35.03732364582837], [136.70029706474014, 35.03619887126633], [136.7004468370067, 35.03537473788586], [136.7010500517931, 35.035450416762586], [136.7010987806216, 35.03545654368581], [136.70109972844227, 35.03544231288726], [136.70111805751907, 35.03526276329075], [136.70116822759653, 35.034947109930044], [136.70128689449507, 35.03413625401757], [136.7014001296929, 35.03346135037306], [136.70141850645118, 35.033292645880245], [136.70144389386937, 35.03317291736782], [136.70161975017754, 35.032861960706484], [136.7015571271982, 35.03285288538505], [136.7012908290164, 35.03282554859096], [136.70098800224778, 35.03278673141158], [136.70111876983063, 35.03244462598014], [136.7004992352094, 35.032390310330854], [136.70038920741405, 35.031858671719604], [136.70079750445066, 35.03189674066556], [136.7008660496458, 35.03168225268368], [136.7003521398128, 35.03163901742532], [136.7002427614451, 35.03118829286008], [136.69958383642455, 35.03063080015464], [136.69871791254678, 35.028900013000474], [136.69895594117418, 35.02794389423237], [136.69866014849836, 35.02789939730103], [136.69876210478026, 35.02748211089711], [136.69827322937377, 35.02706843372232], [136.6984828793733, 35.02691095697981], [136.69655502869503, 35.02661405881532], [136.69625944608717, 35.02697125361469], [136.69605284282758, 35.02722096389732], [136.6951143925797, 35.028346643960354], [136.69399573775019, 35.02947871436184], [136.6927637118616, 35.03062797129735], [136.6923623019875, 35.03114570123055], [136.69281416193047, 35.031531380421455], [136.69357466843908, 35.03207713336839], [136.69367935503004, 35.031978151810335], [136.69372956365117, 35.03209350397514], [136.69397482141508, 35.03198224031856], [136.6940801346754, 35.031921847862776], [136.69401677439384, 35.03187108100822], [136.69386188569518, 35.031729072121365], [136.693924027741, 35.03168160337332], [136.69398784273426, 35.031735536267895], [136.6940937462054, 35.03183564007111], [136.69414569858452, 35.03188421788989], [136.69419886645335, 35.03185370231603], [136.69454900447408, 35.03166655323289], [136.69483249009548, 35.03149992641791], [136.69503700501406, 35.03197617003573], [136.6979847196623, 35.031183962795055], [136.6981465017519, 35.0315967108573], [136.69802150603616, 35.031788351811784], [136.69796713027256, 35.0320085311398], [136.6977303302135, 35.032287578461776], [136.69744400477467, 35.032532259351896], [136.69722039868805, 35.032707211368965], [136.69702255453268, 35.03260418824852], [136.69686791210694, 35.03264296389047], [136.69695303096015, 35.03283558163483], [136.6972376159572, 35.03275331148369], [136.6972419534844, 35.03276490674651], [136.69756393429827, 35.03339949136661], [136.69767662559443, 35.033416239269606], [136.69779653420176, 35.033456044522175], [136.69783354469695, 35.03366992448222], [136.69777141545947, 35.03380915979924], [136.69780023033104, 35.03388998379691], [136.69792853300987, 35.03408601415911], [136.6980076072083, 35.034282257360104], [136.69802302782563, 35.034444147199416], [136.6980188184312, 35.034774042319675], [136.69806395644466, 35.03511252799435], [136.69815318032286, 35.035821549272306], [136.6980716046961, 35.03601005266277], [136.69802106125985, 35.036172744037145], [136.6980432789681, 35.03634353765966], [136.69800294867525, 35.03648912689756], [136.69789032446496, 35.03668647234821], [136.69803885230633, 35.0370445789485], [136.697831666612, 35.03712274461546], [136.69770455453542, 35.036841278818834], [136.69707718284403, 35.03701164857286], [136.69750957946468, 35.037744340818826], [136.697747903134, 35.03765747534418], [136.69789533945223, 35.037887414063974], [136.69771909909807, 35.037939696362955], [136.69833051761128, 35.03894496051035], [136.69974327240288, 35.03847011970969], [136.69989990700867, 35.0381127223993]]]}}, {"type": "Feature", "properties": {"rowId": 8, "city_name": "桑名市", "town_name": "宝殿町", "households": 38, "population": 94, "e_stat_code": "242050080"}, "geometry": {"type": "Polygon", "coordinates": [[[136.69448622982634, 35.06758574148951], [136.69448501359685, 35.067442432691614], [136.6947803534316, 35.0674522936228], [136.69477247078967, 35.067512481257424], [136.69491593169636, 35.06752088665541], [136.69490829921355, 35.067615722043854], [136.6952863513918, 35.0675962335419], [136.69527696849542, 35.067495086862436], [136.6954965471033, 35.067474744288184], [136.69548854630014, 35.0673950682818], [136.69534796807585, 35.06739819733027], [136.6953089777385, 35.067114044333444], [136.69481433739395, 35.06714694641123], [136.69478860501246, 35.066930817953924], [136.69391484272938, 35.06702835249536], [136.6939680899741, 35.06733784853878], [136.69368142054913, 35.06735568416582], [136.6936836569856, 35.06729095066188], [136.69341939315694, 35.06729943253541], [136.69342929708708, 35.06747269177245], [136.69367111710105, 35.06746905711337], [136.69370462365356, 35.068102340601015], [136.6942136534199, 35.06810872732112], [136.69421771452434, 35.06759305164297], [136.69448622982634, 35.06758574148951]]]}}, {"type": "Feature", "properties": {"rowId": 69, "city_name": "桑名市", "town_name": "本願寺", "households": 136, "population": 283, "e_stat_code": "242050630"}, "geometry": {"type": "MultiPolygon", "coordinates": [[[[136.68988294805027, 35.054253795561564], [136.689679242863, 35.0543347437866], [136.68948158838535, 35.05439692530227], [136.68923841880545, 35.054449292897914], [136.68885902462517, 35.054505814262626], [136.68879793521432, 35.05460454426451], [136.68874542174493, 35.05469942318651], [136.68862700190564, 35.05490094803768], [136.6887927282015, 35.05496789762096], [136.6889833189009, 35.05504829909465], [136.6891984433527, 35.05509799539207], [136.6893801274272, 35.05509696423279], [136.68953679192535, 35.055068961138076], [136.68976757386417, 35.0550200437183], [136.69007273451064, 35.05497077258504], [136.69003430918167, 35.054821618975005], [136.68988294805027, 35.054253795561564]]], [[[136.67820542358265, 35.061104968416196], [136.67838981763921, 35.061062458576664], [136.67838324398056, 35.06077593450837], [136.67828102378238, 35.06060051338876], [136.6781638351772, 35.060649479023695], [136.6779875766537, 35.060660816242795], [136.67807295388127, 35.06082950041238], [136.67766555136555, 35.060817900736524], [136.67768556240455, 35.060700460630144], [136.67726962454043, 35.060671653064034], [136.67701758535802, 35.06065925507081], [136.6765971666816, 35.060595961803955], [136.67662117811642, 35.06045434425682], [136.6759902882553, 35.060330105724155], [136.6759917138763, 35.06050271008075], [136.67560064373856, 35.06043586955963], [136.67544272002436, 35.06012603177615], [136.6753209197828, 35.06011973704789], [136.67521580408226, 35.06010651873243], [136.67512754740068, 35.060096656340875], [136.67503495117776, 35.06006956436663], [136.6749213449446, 35.06003913824858], [136.67475275610568, 35.05996760746921], [136.67470219610615, 35.05994359165917], [136.6745060533926, 35.060093278531994], [136.6745949204302, 35.060172084322936], [136.67450316566033, 35.06025203367449], [136.6744228749028, 35.06019036450544], [136.67434346565952, 35.06023566582003], [136.67446622017758, 35.06035238359726], [136.67477506211088, 35.060122771245304], [136.67488064637428, 35.06019817339802], [136.67466169009103, 35.060380665170314], [136.6749709248401, 35.06045317451749], [136.6751163389567, 35.061027248133314], [136.6751171644447, 35.06112731727706], [136.67506733239915, 35.06119668146892], [136.67498909059745, 35.061383602444295], [136.67551205400852, 35.06165690241712], [136.6758490725215, 35.06178968040441], [136.67599629764905, 35.06181991850364], [136.67667712958752, 35.06189211556241], [136.67666491097356, 35.06193704455413], [136.67664441305058, 35.06199582303248], [136.67665800123714, 35.06211659765866], [136.6767104299842, 35.06236145592155], [136.67680160135876, 35.06272349662374], [136.67697135549275, 35.062940094100014], [136.67699039663623, 35.06321267460811], [136.67699562125475, 35.06333694608467], [136.6770007602839, 35.06345086552113], [136.677214753609, 35.063429038286586], [136.6772053318898, 35.063304789677176], [136.6771922823356, 35.063249579161294], [136.6771536987665, 35.06315662113137], [136.67765449623056, 35.063031217722056], [136.67753909767785, 35.06279016208289], [136.67768164297152, 35.062761689558265], [136.67759346483837, 35.0622546964955], [136.67782010083698, 35.062239628351506], [136.67779797468657, 35.062101647870854], [136.67754802851232, 35.06209438036675], [136.67751019784575, 35.06183387702743], [136.67809266543685, 35.06168914159568], [136.67814283839598, 35.06166118428755], [136.67823015374293, 35.06155710107478], [136.67844382579815, 35.06149724332151], [136.67820542358265, 35.061104968416196]], [[136.67605556430857, 35.06065820572273], [136.6767746819344, 35.06073659782394], [136.67696384464256, 35.06076315018542], [136.67682262820603, 35.060946902081035], [136.67650213030362, 35.060926504494695], [136.67637455072318, 35.06126779104566], [136.6761223378135, 35.061229546664876], [136.67605556430857, 35.06065820572273]]]]}}, {"type": "Feature", "properties": {"rowId": 12, "city_name": "桑名市", "town_name": "本町", "households": 50, "population": 139, "e_stat_code": "242050120"}, "geometry": {"type": "Polygon", "coordinates": [[[136.69624068335582, 35.06771098213094], [136.69622196143735, 35.06749375690102], [136.69606180175526, 35.06751087334433], [136.69598120995954, 35.06696328613466], [136.69594304979063, 35.06661095646756], [136.69590192463292, 35.06640315620018], [136.69584848234427, 35.06639881492299], [136.69584473255608, 35.06629017037563], [136.6958924862599, 35.06628524868053], [136.69576026334735, 35.06533160432787], [136.69548514364848, 35.06534191238942], [136.69545283037624, 35.0651779368905], [136.69512104347464, 35.065182230354075], [136.69483155564558, 35.06520001491584], [136.6945913020418, 35.06522103736109], [136.69442314280067, 35.06523368961256], [136.6943411522586, 35.06523634159703], [136.69437738858053, 35.0655298074389], [136.69438449015314, 35.06570547766625], [136.6946304744068, 35.065693718969], [136.69520522427263, 35.06565916078987], [136.69528601194332, 35.0661902680589], [136.6953001226662, 35.066303571245754], [136.6952177844623, 35.066310873880624], [136.69523496756364, 35.06667515533476], [136.6953089777385, 35.067114044333444], [136.69534796807585, 35.06739819733027], [136.69548854630014, 35.0673950682818], [136.6954965471033, 35.067474744288184], [136.69527696849542, 35.067495086862436], [136.6952863513918, 35.0675962335419], [136.69531250657533, 35.06769552465964], [136.69557380980393, 35.067666280742216], [136.6955617592814, 35.06757381056133], [136.69575847101714, 35.06755881049564], [136.69577221869923, 35.06768479220445], [136.69579902241586, 35.06786027895934], [136.6954338304139, 35.06790638655303], [136.6954466074262, 35.06808434816391], [136.6954574275147, 35.06820330525122], [136.6961624041716, 35.06809989546848], [136.6961170348459, 35.06772563460952], [136.69624068335582, 35.06771098213094]]]}}, {"type": "Feature", "properties": {"rowId": 162, "city_name": "桑名市", "town_name": "増田", "households": 111, "population": 255, "e_stat_code": "242051140"}, "geometry": {"type": "Polygon", "coordinates": [[[136.64643286084518, 35.05933170497034], [136.64641434142473, 35.05920510639047], [136.64652672520424, 35.05919056171331], [136.6470703290064, 35.0591201856284], [136.64715837181876, 35.05937888625595], [136.64713851642335, 35.05945639053277], [136.6472227157842, 35.05974877558755], [136.64767932888898, 35.05963252956116], [136.64793238069316, 35.0595843453688], [136.64815479315166, 35.05958752394104], [136.6482163235349, 35.059500217836096], [136.6484844573505, 35.05941554089132], [136.64914556091736, 35.05930573285335], [136.64927870414164, 35.05913916549593], [136.64971554303546, 35.05878814636158], [136.6501727685789, 35.05872830005828], [136.65006934655315, 35.0580824089605], [136.649834590592, 35.057173544414596], [136.65149166070634, 35.056790417692476], [136.65122684533313, 35.05568396011319], [136.65153934455637, 35.055633478918224], [136.65122949338686, 35.055043910650156], [136.6511258116504, 35.05501052101587], [136.65106690288215, 35.05475983756261], [136.65093976928347, 35.05337410383174], [136.65067809256917, 35.05335339164959], [136.64954880015853, 35.05341704341115], [136.64948369728307, 35.053420631082254], [136.6487598561899, 35.05347619108232], [136.64787711908141, 35.05363091108237], [136.64701215489987, 35.05385081712361], [136.64661398394645, 35.05395210908406], [136.6464172271243, 35.05400217868172], [136.6456744396517, 35.05418658210927], [136.6441974050207, 35.05455335833017], [136.64375963839134, 35.05479246506659], [136.64073680933475, 35.05638030474462], [136.64077320910647, 35.05642391758276], [136.64175754611367, 35.057603550598806], [136.6425242394554, 35.05854023501647], [136.64279501729555, 35.0588770548945], [136.64340657354313, 35.05960764632788], [136.64461484004488, 35.05943796419003], [136.64563707095124, 35.059305672477905], [136.6459238259686, 35.059268575832505], [136.64599876365702, 35.05944656625156], [136.645789166495, 35.05952001376444], [136.6460174834973, 35.05996086241792], [136.64628748149082, 35.05986800676415], [136.64606237467157, 35.05945425509872], [136.64618406945263, 35.05939331973939], [136.64629622395057, 35.059360535465416], [136.64643286084518, 35.05933170497034]]]}}, {"type": "Feature", "properties": {"rowId": 132, "city_name": "桑名市", "town_name": "松並町一丁目", "households": 104, "population": 265, "e_stat_code": "24205102001"}, "geometry": {"type": "Polygon", "coordinates": [[[136.6764371556928, 35.06577641992522], [136.67636795591807, 35.065388621417256], [136.67621577131175, 35.065402005191366], [136.67602546668127, 35.06540933259348], [136.67580733391108, 35.065423081863294], [136.67578548362832, 35.06523537987194], [136.67543026692042, 35.06524989179617], [136.6754215978888, 35.06542938299742], [136.67517803535677, 35.065439118031534], [136.67517152840293, 35.065268020853715], [136.6749735553096, 35.06526496630317], [136.67437484396183, 35.0652974491976], [136.67387729428665, 35.065283590300886], [136.67388158903358, 35.06549843445766], [136.6739050502108, 35.065882332585616], [136.67390321809552, 35.066278766442736], [136.67393060641322, 35.06652066654663], [136.6744339124648, 35.0666138613825], [136.67508448505322, 35.0667146871164], [136.67660894055152, 35.06690649275488], [136.67656010556146, 35.06652696156442], [136.6764908714169, 35.06613507815305], [136.67645880046513, 35.06593905208961], [136.6764371556928, 35.06577641992522]]]}}, {"type": "Feature", "properties": {"rowId": 133, "city_name": "桑名市", "town_name": "松並町二丁目", "households": 47, "population": 121, "e_stat_code": "24205102002"}, "geometry": {"type": "Polygon", "coordinates": [[[136.6729172472409, 35.066581851052575], [136.6729655058454, 35.06644524036633], [136.67307899397701, 35.066444611398445], [136.6730777281875, 35.06639996881232], [136.67307645362393, 35.06635434032113], [136.67308078537303, 35.0662667073123], [136.67349195542778, 35.066264427653174], [136.67390321809552, 35.066278766442736], [136.6739050502108, 35.065882332585616], [136.67388158903358, 35.06549843445766], [136.67387729428665, 35.065283590300886], [136.67342514509463, 35.065275464301585], [136.67287749831186, 35.0653099096757], [136.67235224876185, 35.06532331282472], [136.67234110552525, 35.065202383383834], [136.67209739755262, 35.065199507465515], [136.67217655533426, 35.06556640745821], [136.67153799394373, 35.06569093152511], [136.67153895295877, 35.06580783268685], [136.6716866919117, 35.06587370744873], [136.671678288414, 35.066086649472], [136.67191320585422, 35.066098026473746], [136.6719153635863, 35.06590166839302], [136.67233647374675, 35.06587433689357], [136.67232434783918, 35.06625420737182], [136.6727965175987, 35.06626412748005], [136.67276179536074, 35.06636446508925], [136.6727115153291, 35.06652059413555], [136.6729172472409, 35.066581851052575]]]}}, {"type": "Feature", "properties": {"rowId": 239, "city_name": "桑名市", "town_name": "松ノ木一丁目", "households": 221, "population": 532, "e_stat_code": "24205157001"}, "geometry": {"type": "Polygon", "coordinates": [[[136.6484513160252, 35.07624050799228], [136.64799176011633, 35.07585569726759], [136.6477341562024, 35.07604982622275], [136.6465182367854, 35.07625921086315], [136.6454459834195, 35.07643739715788], [136.6450347243083, 35.0764463475511], [136.64498804255666, 35.07678470647215], [136.6448127398461, 35.078033499814836], [136.64481136386837, 35.07804371875875], [136.64474664982762, 35.07852415032375], [136.6455198875901, 35.07850651295767], [136.6461449012027, 35.07847613935034], [136.646605075862, 35.07840607723071], [136.64714721062467, 35.078294940845836], [136.6475167698578, 35.07821183893092], [136.64780410010673, 35.07813593585216], [136.64798069710665, 35.07809182254714], [136.6494380672492, 35.07772809921421], [136.65004571187387, 35.07758286713832], [136.64983857323415, 35.077394604591184], [136.64948236201013, 35.07708544496133], [136.64920473070023, 35.076833259630924], [136.64893149735093, 35.076611474345434], [136.6484513160252, 35.07624050799228]]]}}, {"type": "Feature", "properties": {"rowId": 245, "city_name": "桑名市", "town_name": "松ノ木七丁目", "households": 282, "population": 753, "e_stat_code": "24205157007"}, "geometry": {"type": "Polygon", "coordinates": [[[136.64543811015952, 35.07229827754932], [136.64534432538682, 35.07177791328725], [136.64509833079086, 35.07174309576701], [136.6448690994796, 35.07153599815036], [136.6448424272468, 35.071433953889226], [136.6447841474585, 35.071255736513066], [136.64469127159842, 35.071285950123176], [136.644655917956, 35.07139254995664], [136.644563844039, 35.07152480510868], [136.64437311058788, 35.07161089311264], [136.64418742456937, 35.07167984068307], [136.64404419937014, 35.07172363179844], [136.64394015670845, 35.071755313221], [136.64392868716632, 35.07175664182862], [136.64389231477338, 35.0716898603618], [136.64380741342038, 35.0715904493659], [136.64371361305632, 35.07154101584852], [136.6436202331026, 35.07154538530883], [136.64344301982976, 35.071580834828225], [136.64315889435204, 35.071686079459724], [136.64286115254663, 35.071841256568995], [136.64256874363176, 35.072004926612216], [136.6424307490231, 35.07191818994996], [136.64201369418583, 35.07224513078513], [136.64229010415025, 35.072409791844485], [136.6422632843976, 35.072429087961275], [136.642229522943, 35.07245337867597], [136.64213238796913, 35.07257123859788], [136.64213581629926, 35.072638479604166], [136.64211150992318, 35.07266937863751], [136.64208698220412, 35.072700558887675], [136.64174839796962, 35.07288266315784], [136.64153888128922, 35.0729496001965], [136.64124321000972, 35.07298074157847], [136.6411759736827, 35.072989682077356], [136.64090221770238, 35.073152360630395], [136.64081640383333, 35.07320106219634], [136.64068501699015, 35.07327562560343], [136.6405716710414, 35.073323926216275], [136.64041659245456, 35.07337817097035], [136.64036007575334, 35.07342235430911], [136.64016207923467, 35.07362756188008], [136.64006926998786, 35.07380797138697], [136.64070778274814, 35.0738687887453], [136.64279475561762, 35.07406401136334], [136.64444131277585, 35.0742175955137], [136.64493075065448, 35.07421168164293], [136.6455303692092, 35.074093484770486], [136.64613320725402, 35.07385695361821], [136.6459834488136, 35.07364809610976], [136.64581643278382, 35.07333101720971], [136.6455990271713, 35.0728858921157], [136.64543811015952, 35.07229827754932]]]}}, {"type": "Feature", "properties": {"rowId": 241, "city_name": "桑名市", "town_name": "松ノ木三丁目", "households": 93, "population": 227, "e_stat_code": "24205157003"}, "geometry": {"type": "Polygon", "coordinates": [[[136.64104669916833, 35.07671096687873], [136.63942894796563, 35.07656056410115], [136.6392914857801, 35.07687242648161], [136.63922817329873, 35.07719058851451], [136.6391732005444, 35.07752905874624], [136.63906983195366, 35.07798954817815], [136.64216563492494, 35.07829101297711], [136.64225636833763, 35.07780016327349], [136.64237372630373, 35.077028528987], [136.64238868129576, 35.07683231622232], [136.64104669916833, 35.07671096687873]]]}}, {"type": "Feature", "properties": {"rowId": 240, "city_name": "桑名市", "town_name": "松ノ木二丁目", "households": 279, "population": 699, "e_stat_code": "24205157002"}, "geometry": {"type": "Polygon", "coordinates": [[[136.64498767604272, 35.07464759077481], [136.64493075065448, 35.07421168164293], [136.64444131277585, 35.0742175955137], [136.64279475561762, 35.07406401136334], [136.64273236097029, 35.07449717432441], [136.64270218226193, 35.074849036219554], [136.64263182793349, 35.075316045251824], [136.6424904490418, 35.07617576824766], [136.6424195626741, 35.07657517186219], [136.64238868129576, 35.07683231622232], [136.64237372630373, 35.077028528987], [136.64225636833763, 35.07780016327349], [136.64216563492494, 35.07829101297711], [136.64474664982762, 35.07852415032375], [136.64481136386837, 35.07804371875875], [136.6448127398461, 35.078033499814836], [136.64498804255666, 35.07678470647215], [136.6450347243083, 35.0764463475511], [136.64511884211774, 35.07563432244758], [136.64498767604272, 35.07464759077481]]]}}, {"type": "Feature", "properties": {"rowId": 243, "city_name": "桑名市", "town_name": "松ノ木五丁目", "households": 107, "population": 267, "e_stat_code": "24205157005"}, "geometry": {"type": "Polygon", "coordinates": [[[136.63942894796563, 35.07656056410115], [136.64013316783797, 35.07508926153202], [136.64046910619862, 35.07438746314793], [136.64070778274814, 35.0738687887453], [136.64006926998786, 35.07380797138697], [136.63983704771616, 35.073785851393346], [136.63970214671775, 35.074024388643636], [136.63885478679236, 35.074038929759304], [136.63886909801644, 35.07429815884896], [136.63818809191298, 35.07491254245311], [136.63813032044598, 35.07566787246655], [136.6380849827861, 35.07623777804721], [136.63760609005425, 35.07618043685801], [136.6375710478446, 35.07637830381703], [136.63807082031417, 35.07641602699888], [136.6386119681581, 35.07649740481643], [136.63886915745024, 35.07651619082141], [136.63942894796563, 35.07656056410115]]]}}, {"type": "Feature", "properties": {"rowId": 246, "city_name": "桑名市", "town_name": "松ノ木八丁目", "households": 131, "population": 356, "e_stat_code": "24205157008"}, "geometry": {"type": "Polygon", "coordinates": [[[136.64623311353728, 35.07401191939873], [136.64613320725402, 35.07385695361821], [136.6455303692092, 35.074093484770486], [136.64493075065448, 35.07421168164293], [136.64498767604272, 35.07464759077481], [136.64511884211774, 35.07563432244758], [136.6450347243083, 35.0764463475511], [136.6454459834195, 35.07643739715788], [136.6465182367854, 35.07625921086315], [136.6477341562024, 35.07604982622275], [136.64799176011633, 35.07585569726759], [136.64776808887848, 35.0756607582949], [136.64758595229145, 35.075512922799454], [136.64739539109516, 35.07534492001726], [136.64712996436947, 35.07506900214713], [136.64690592254556, 35.07482666824015], [136.6467897368228, 35.074698833099], [136.64662373104508, 35.07451027614845], [136.64649932282873, 35.0743824846188], [136.6463660625139, 35.07418030089254], [136.64623311353728, 35.07401191939873]]]}}, {"type": "Feature", "properties": {"rowId": 244, "city_name": "桑名市", "town_name": "松ノ木六丁目", "households": 151, "population": 387, "e_stat_code": "24205157006"}, "geometry": {"type": "Polygon", "coordinates": [[[136.64279475561762, 35.07406401136334], [136.64070778274814, 35.0738687887453], [136.64046910619862, 35.07438746314793], [136.64013316783797, 35.07508926153202], [136.63942894796563, 35.07656056410115], [136.64104669916833, 35.07671096687873], [136.64238868129576, 35.07683231622232], [136.6424195626741, 35.07657517186219], [136.6424904490418, 35.07617576824766], [136.64263182793349, 35.075316045251824], [136.64270218226193, 35.074849036219554], [136.64273236097029, 35.07449717432441], [136.64279475561762, 35.07406401136334]]]}}, {"type": "Feature", "properties": {"rowId": 242, "city_name": "桑名市", "town_name": "松ノ木四丁目", "households": 160, "population": 375, "e_stat_code": "24205157004"}, "geometry": {"type": "Polygon", "coordinates": [[[136.6391732005444, 35.07752905874624], [136.63922817329873, 35.07719058851451], [136.6392914857801, 35.07687242648161], [136.63942894796563, 35.07656056410115], [136.63886915745024, 35.07651619082141], [136.6386119681581, 35.07649740481643], [136.63807082031417, 35.07641602699888], [136.6375710478446, 35.07637830381703], [136.6375174064645, 35.07670155497358], [136.6374672435418, 35.07700422262536], [136.63686757259194, 35.076943359683774], [136.63608202509613, 35.077266439164696], [136.6357603970306, 35.07721826543023], [136.6356728342403, 35.077261121017315], [136.63484267401856, 35.07730540265113], [136.63447382559409, 35.077426845555806], [136.6344504709259, 35.07754161882622], [136.63595769861558, 35.07769471111801], [136.6373574685485, 35.07784299652523], [136.63799961384385, 35.077900465050696], [136.63862535455374, 35.07795801663473], [136.63906983195366, 35.07798954817815], [136.6391732005444, 35.07752905874624]]]}}, {"type": "Feature", "properties": {"rowId": 66, "city_name": "桑名市", "town_name": "三ツ矢橋", "households": 119, "population": 246, "e_stat_code": "242050610"}, "geometry": {"type": "Polygon", "coordinates": [[[136.68221119025705, 35.058995198566706], [136.68271698328118, 35.05889270509693], [136.68272740181362, 35.05892997188794], [136.682848406161, 35.05890774145739], [136.68281404107725, 35.058761450243225], [136.68301471436789, 35.0587258129001], [136.68324796538127, 35.058678372339216], [136.6832712799918, 35.058767822031434], [136.68377130867762, 35.05866775107725], [136.68373772597235, 35.05856420382913], [136.68388234519605, 35.058528739781295], [136.68385310943663, 35.05838671647332], [136.68444084424155, 35.058256569748465], [136.68434425847025, 35.057880549928846], [136.68490897466896, 35.057788982895644], [136.68490392129212, 35.057742883433846], [136.6850438282032, 35.057707585463184], [136.68500535114882, 35.057577093302974], [136.68431013241033, 35.05771172172369], [136.6837199020521, 35.05782455778561], [136.68367695242864, 35.05771718984884], [136.68338705403437, 35.05770346821735], [136.68285898519844, 35.05770643853096], [136.68270491451923, 35.0577226579727], [136.68232691875804, 35.057790136864874], [136.68187438410325, 35.057884864574476], [136.68183317487862, 35.05788326488438], [136.68162536012704, 35.057899432554436], [136.68158686744948, 35.057884647465514], [136.6813292844371, 35.05798736483918], [136.6814070286767, 35.05823165578541], [136.68121171646624, 35.05827866928215], [136.68130614971375, 35.05846490670748], [136.681335215828, 35.05852009787176], [136.68137859359638, 35.058602040742926], [136.681703247013, 35.05847436893805], [136.68185922193285, 35.05881526745436], [136.68214788121804, 35.058736460373446], [136.68221119025705, 35.058995198566706]]]}}, {"type": "Feature", "properties": {"rowId": 18, "city_name": "桑名市", "town_name": "南魚町", "households": 48, "population": 105, "e_stat_code": "242050180"}, "geometry": {"type": "Polygon", "coordinates": [[[136.6937483180726, 35.06596116580686], [136.69369758455215, 35.065614541155085], [136.69403471267424, 35.06557331715293], [136.6941499393344, 35.06556575746713], [136.69422296352522, 35.06555611379773], [136.69437738858053, 35.0655298074389], [136.6943411522586, 35.06523634159703], [136.69442314280067, 35.06523368961256], [136.6941762708504, 35.064363308078754], [136.69396840299729, 35.06438991902343], [136.69394776395237, 35.06427911726883], [136.69412749862815, 35.064248019098926], [136.6940156609068, 35.06382674087388], [136.6938331810878, 35.06386236177148], [136.69382289371953, 35.06382079924719], [136.6934277819926, 35.06387679088578], [136.69347327018963, 35.06403442391267], [136.6931028950942, 35.064128936133585], [136.6931322383263, 35.06460512474558], [136.6931188635768, 35.06485147855555], [136.69296178222322, 35.065231544232404], [136.6929134890157, 35.06533464002138], [136.69286920358016, 35.06542052972762], [136.69280144468033, 35.06555613266549], [136.69276828439487, 35.06562562022177], [136.69272669002189, 35.06569529672856], [136.6928169190344, 35.06572478369565], [136.69324950314976, 35.065834502395916], [136.69325040391644, 35.06594083873499], [136.6934780945472, 35.06592798901973], [136.69351523615046, 35.06599482169682], [136.6937483180726, 35.06596116580686]]]}}, {"type": "Feature", "properties": {"rowId": 44, "city_name": "桑名市", "town_name": "南寺町", "households": 33, "population": 66, "e_stat_code": "242050440"}, "geometry": {"type": "Polygon", "coordinates": [[[136.69296178222322, 35.065231544232404], [136.6931188635768, 35.06485147855555], [136.6931322383263, 35.06460512474558], [136.6931028950942, 35.064128936133585], [136.69301449532853, 35.06398154767413], [136.69283609791452, 35.063836856339925], [136.69269379539813, 35.06396950407844], [136.69275608841505, 35.064017741602925], [136.69257809077223, 35.06408228091104], [136.6924479749148, 35.06399513220407], [136.69232863538656, 35.06408335057668], [136.69213684868532, 35.06411254341486], [136.69193480432307, 35.06416454173784], [136.6919406378572, 35.06435289649264], [136.69153199061975, 35.06441431085804], [136.69147259995805, 35.06503889807777], [136.69170414493894, 35.06515314725129], [136.69225011994087, 35.0652055308255], [136.6926665064112, 35.06522858012275], [136.69269689799953, 35.06516593962681], [136.69296178222322, 35.065231544232404]]]}}, {"type": "Feature", "properties": {"rowId": 10, "city_name": "桑名市", "town_name": "宮町", "households": 15, "population": 42, "e_stat_code": "242050100"}, "geometry": {"type": "Polygon", "coordinates": [[[136.69577221869923, 35.067684792204446], [136.69575847101714, 35.067558810495626], [136.6955617592814, 35.06757381056133], [136.69557380980393, 35.067666280742216], [136.69531250657533, 35.06769552465964], [136.6952863513918, 35.0675962335419], [136.69490829921355, 35.06761572204388], [136.69490509448335, 35.06765693909944], [136.69491309193444, 35.067857323330216], [136.69492674415568, 35.068133593508705], [136.6954466074262, 35.0680843481639], [136.6954338304139, 35.06790638655305], [136.69579902241586, 35.06786027895934], [136.69577221869923, 35.067684792204446]]]}}, {"type": "Feature", "properties": {"rowId": 21, "city_name": "桑名市", "town_name": "宮通", "households": 26, "population": 65, "e_stat_code": "242050210"}, "geometry": {"type": "Polygon", "coordinates": [[[136.6957961296366, 35.065329003833014], [136.6956787319109, 35.06479402300809], [136.69525638063598, 35.063236946118984], [136.69494494558222, 35.063322041104534], [136.694616717034, 35.063411668684246], [136.69468700226483, 35.06365972678753], [136.69512104347464, 35.065182230354075], [136.69545283037624, 35.0651779368905], [136.69548514364848, 35.06534191238942], [136.69576026334735, 35.06533160432787], [136.6957961296366, 35.065329003833014]]]}}, {"type": "Feature", "properties": {"rowId": 216, "city_name": "桑名市", "town_name": "安永", "households": 1078, "population": 2438, "e_stat_code": "242051420"}, "geometry": {"type": "Polygon", "coordinates": [[[136.67618777475195, 35.05226713766253], [136.67658103720765, 35.05214818215429], [136.67667111470044, 35.05230148989945], [136.6772956582483, 35.0521058171011], [136.6775210003078, 35.05222752402273], [136.6780013985741, 35.05211342970728], [136.6781632936892, 35.05219520611127], [136.6787275924385, 35.05205740061803], [136.67868941548096, 35.051961623351104], [136.67936061234823, 35.051754130753274], [136.67979612564773, 35.05270673479222], [136.68043480438823, 35.05252251663723], [136.68070530010073, 35.05245571660261], [136.68094435360874, 35.05310764409913], [136.68093137422605, 35.05323067921698], [136.68096955521523, 35.05332659624709], [136.6811443375575, 35.05327364178143], [136.68131720913433, 35.053217600119275], [136.6814938813219, 35.05316026858229], [136.68211852555214, 35.052972317351724], [136.68258034201276, 35.05294613041156], [136.68267797876177, 35.05292114404818], [136.6824096809232, 35.052332557359264], [136.68265606612945, 35.052249901358316], [136.682651132007, 35.052238379313586], [136.6832995139907, 35.05204331726461], [136.68312929228202, 35.05168264001605], [136.6836894307917, 35.05151990454772], [136.68346853404665, 35.05102373269484], [136.68480310231658, 35.05064620117732], [136.6855905537341, 35.05041611588451], [136.684692360983, 35.04842314275091], [136.6847313430514, 35.048414823537335], [136.68453184989448, 35.04791796945418], [136.68407917321758, 35.046928506305946], [136.68329515820247, 35.04715095517457], [136.68301541364357, 35.046481935778104], [136.68300340039283, 35.04645326969541], [136.68353101073907, 35.046219166331724], [136.68352761289174, 35.04581219698627], [136.68381716925506, 35.04571824001291], [136.68399781617723, 35.046015686552025], [136.68425511514798, 35.0459504318791], [136.68424014862575, 35.04591185311253], [136.68428664414975, 35.04589595627641], [136.68425083861214, 35.04580256297779], [136.68431428545136, 35.04578128931547], [136.6841515145261, 35.04532739745072], [136.68428452860834, 35.045269040436814], [136.68446272451402, 35.04571375978685], [136.68543304329557, 35.04542757310746], [136.68552307856427, 35.04541114947135], [136.68572667180322, 35.04587621650235], [136.6859130292808, 35.04582213405284], [136.68571576752635, 35.045346467237074], [136.68649967668313, 35.04510365028817], [136.6862934386733, 35.04502298115042], [136.68582120471936, 35.044858457687106], [136.68549835649455, 35.04476492330917], [136.68531758080852, 35.044718334835046], [136.68504672612275, 35.04468274805986], [136.68461484749957, 35.04464813862874], [136.68447893277744, 35.044574676076344], [136.68410797545454, 35.04458507465106], [136.68383756771695, 35.04460286498125], [136.68331048119768, 35.04470351109287], [136.68282331465556, 35.044841960049936], [136.6825463595583, 35.044865206562285], [136.68204541448776, 35.04493309313241], [136.6816207020156, 35.04498266071628], [136.681438802941, 35.04509932021045], [136.68121420367873, 35.04515269385601], [136.68100451190764, 35.04531000267796], [136.6809135399005, 35.045368332415855], [136.68005656437603, 35.0459197743158], [136.67895501743936, 35.04666920611868], [136.6788769291632, 35.046582807650324], [136.67844291651855, 35.04683404600024], [136.6783150601532, 35.046678555793626], [136.677518676424, 35.045636050701376], [136.6767102344645, 35.04483657565983], [136.676696571528, 35.04485658284841], [136.67620296177395, 35.04557971457446], [136.67538224809996, 35.04670066757436], [136.67490498967553, 35.047675053195974], [136.67451544101354, 35.04947905777367], [136.6736680749959, 35.05206648076388], [136.67542531940828, 35.05281752990435], [136.67522338315217, 35.05326444674873], [136.6750697369177, 35.053616935069805], [136.67490864048696, 35.053917560565765], [136.67470117448642, 35.05426076906236], [136.67448903821318, 35.0546039327129], [136.67458289409504, 35.05464954005901], [136.67490081602588, 35.05466699999575], [136.67490668696408, 35.05481295907402], [136.675299246155, 35.05481458004871], [136.67535260165843, 35.054799141936364], [136.67559063855035, 35.05473042053265], [136.67609902571033, 35.05461230537688], [136.67698026161293, 35.054365275049896], [136.67680717480224, 35.05406460750114], [136.67655661996508, 35.0537163422473], [136.6763539533946, 35.053509926989605], [136.67609971835176, 35.05328076990449], [136.67579873558788, 35.05304792836723], [136.67605376417396, 35.05280825877133], [136.67604132953622, 35.05271804289923], [136.67611823923139, 35.0526926131724], [136.67599838436098, 35.052324461883984], [136.67618777475195, 35.05226713766253]]]}}, {"type": "Feature", "properties": {"rowId": 70, "city_name": "桑名市", "town_name": "矢田", "households": 903, "population": 2072, "e_stat_code": "242050640"}, "geometry": {"type": "MultiPolygon", "coordinates": [[[[136.68061790769514, 35.06423032570648], [136.68054887053796, 35.064091129764485], [136.6804681414824, 35.063905659475495], [136.68111711800762, 35.063739267872656], [136.6817267884983, 35.06361027854998], [136.6823579803399, 35.06347926430237], [136.6822906572426, 35.06325287268005], [136.68213197284, 35.063276863634414], [136.68212198389494, 35.06320388929465], [136.6817487094722, 35.06327521348611], [136.68156724211013, 35.06309368982763], [136.6812872804405, 35.063149065157795], [136.6812488707162, 35.063026248247304], [136.68137922734493, 35.06296403562687], [136.68116703342716, 35.06273852656546], [136.68187617760356, 35.06258848471473], [136.6822490392957, 35.06248849936044], [136.68227372090868, 35.06246441664987], [136.68234466725005, 35.06244183351524], [136.68222857899966, 35.06225318261512], [136.68203051433846, 35.06192984592296], [136.6817647143668, 35.061463785700425], [136.68165255736469, 35.06127356304598], [136.68150592582973, 35.06106304001905], [136.6813999600654, 35.060884944463524], [136.68138744272937, 35.0608639080462], [136.68127381953312, 35.06068777827256], [136.6811837056113, 35.06058877351514], [136.68108299315745, 35.06050243313952], [136.68098006182956, 35.06044300809875], [136.68088967757706, 35.060388654210875], [136.68078257614562, 35.06034270304419], [136.6806855879062, 35.06031282302007], [136.68060447038619, 35.06028602365713], [136.68047339262012, 35.06025605225768], [136.68034713050284, 35.060249083332494], [136.68019289541039, 35.060246144893156], [136.68002023485363, 35.0602778871157], [136.67997265194066, 35.06017434677933], [136.68007501021685, 35.06012377170677], [136.68017731714377, 35.060061717525706], [136.67995487228197, 35.05972485171235], [136.6801039923565, 35.05967408521482], [136.68000863853257, 35.05944397656421], [136.6799378930769, 35.059289366747095], [136.67979204393416, 35.058970594083], [136.6796612751967, 35.05898287518638], [136.6797184571251, 35.05911319396528], [136.67929443847927, 35.059265431346354], [136.6792134306083, 35.05908144128932], [136.67909923814918, 35.05883608397434], [136.67900237263692, 35.05859872691399], [136.6790014553828, 35.05859648118546], [136.678701416303, 35.05800052909157], [136.6786301127838, 35.05785564024133], [136.67839043196687, 35.05733364917397], [136.67816180634802, 35.0568123710554], [136.6779353204784, 35.05626981150251], [136.6776759103575, 35.05569672973333], [136.67758059183635, 35.05547443536756], [136.67750455510463, 35.05532119209882], [136.67739507508514, 35.0550796805774], [136.67723375357704, 35.054788525926156], [136.67712481494374, 35.0546123663421], [136.67698026161293, 35.054365275049896], [136.67609902571033, 35.05461230537688], [136.67559063855035, 35.05473042053265], [136.67535260165843, 35.054799141936364], [136.675299246155, 35.05481458004871], [136.67490668696408, 35.05481295907402], [136.67490081602588, 35.05466699999575], [136.67458289409504, 35.05464954005901], [136.67448903821318, 35.0546039327129], [136.67470117448642, 35.05426076906236], [136.67490864048696, 35.053917560565765], [136.6750697369177, 35.053616935069805], [136.67522338315217, 35.05326444674873], [136.67542531940828, 35.05281752990435], [136.6736680749959, 35.05206648076388], [136.67288939079367, 35.05386340932678], [136.67230822623978, 35.05451038521817], [136.67149766538478, 35.05539870730872], [136.67080527842498, 35.055885229370325], [136.6722985703387, 35.05746393636837], [136.67233837734906, 35.057618088301346], [136.67175307109696, 35.05789457757328], [136.67208805665345, 35.05851253774866], [136.67192459839183, 35.058549077558794], [136.67209580026142, 35.05887152310505], [136.67210071545628, 35.0588807914937], [136.67209841813013, 35.0588981992574], [136.67205991752388, 35.05918990320921], [136.67233029451958, 35.05921967495311], [136.67237228781437, 35.05921761196056], [136.67244840432807, 35.05919909122281], [136.6725893087874, 35.05914337866624], [136.67279632468623, 35.05942541264857], [136.67287807142273, 35.059409184484196], [136.67296196704532, 35.05965429260401], [136.67333813298944, 35.05971157552493], [136.67347810318446, 35.059750378396366], [136.673502851781, 35.05983334352978], [136.67353780245304, 35.05997970415096], [136.67392287960956, 35.05995376466338], [136.67387184561295, 35.060329837115404], [136.67446622017758, 35.06035238359726], [136.67434346565952, 35.06023566582003], [136.6744228749028, 35.06019036450544], [136.67450316566033, 35.06025203367449], [136.6745949204302, 35.060172084322936], [136.6745060533926, 35.060093278531994], [136.67470219610615, 35.05994359165917], [136.67475275610568, 35.05996760746921], [136.6749213449446, 35.06003913824858], [136.67503495117776, 35.06006956436663], [136.67512754740068, 35.060096656340875], [136.67521580408226, 35.06010651873243], [136.6753209197828, 35.06011973704789], [136.67544272002436, 35.06012603177615], [136.67560064373856, 35.06043586955963], [136.6759917138763, 35.06050271008075], [136.6759902882553, 35.060330105724155], [136.67662117811642, 35.06045434425682], [136.6765971666816, 35.060595961803955], [136.67701758535802, 35.06065925507081], [136.67726962454043, 35.060671653064034], [136.67768556240455, 35.060700460630144], [136.67766555136555, 35.060817900736524], [136.67807295388127, 35.06082950041238], [136.6779875766537, 35.060660816242795], [136.6781638351772, 35.060649479023695], [136.67828102378238, 35.06060051338876], [136.67838324398056, 35.06077593450837], [136.67838981763921, 35.061062458576664], [136.67820542358265, 35.061104968416196], [136.67844382579815, 35.06149724332151], [136.67823015374293, 35.06155710107478], [136.67814283839598, 35.06166118428755], [136.67809266543685, 35.06168914159568], [136.67751019784575, 35.06183387702743], [136.67754802851232, 35.06209438036675], [136.67779797468657, 35.062101647870854], [136.67782010083698, 35.062239628351506], [136.67759346483837, 35.0622546964955], [136.67768164297152, 35.062761689558265], [136.67753909767785, 35.06279016208289], [136.67765449623056, 35.063031217722056], [136.6771536987665, 35.06315662113137], [136.6771922823356, 35.063249579161294], [136.6772053318898, 35.063304789677176], [136.677214753609, 35.063429038286586], [136.6770007602839, 35.06345086552113], [136.67699895762183, 35.06369370189274], [136.67793250381698, 35.06354637569316], [136.6780478754606, 35.063933775321686], [136.67843533249857, 35.06387780586826], [136.67859537600117, 35.0638378817408], [136.6790183617639, 35.06373235917953], [136.67910336044307, 35.063839563551674], [136.67914678583875, 35.06400453836], [136.67913624111495, 35.06411293723993], [136.67912957946385, 35.064181401986865], [136.6796635705328, 35.064061156978184], [136.67965472801183, 35.06428043974393], [136.67978979608637, 35.06427447280071], [136.67994831132413, 35.06429682512637], [136.6800559119133, 35.06431474499126], [136.6801916215086, 35.064313984926606], [136.68027754088192, 35.06444378981188], [136.6803755742187, 35.06467106628532], [136.68073117669263, 35.064589985854916], [136.68064214076463, 35.06442540813839], [136.68061790769514, 35.06423032570648]], [[136.67602810884756, 35.05931478552157], [136.6755241485017, 35.059344915358245], [136.67515833502222, 35.05937469662013], [136.67486894765085, 35.059324824771174], [136.6745511139067, 35.05933053437615], [136.6744442243798, 35.059216334281174], [136.6743867415531, 35.0592562325053], [136.67422691625222, 35.0591462000963], [136.6741408544772, 35.05922590629709], [136.6740101200019, 35.0591434596736], [136.67420588585756, 35.05893250623882], [136.6742768857253, 35.05878161322896], [136.67416114626639, 35.05876246626089], [136.67360471510733, 35.058650197164134], [136.6736454741993, 35.05843066672131], [136.6735730280102, 35.05841120806147], [136.6735487007621, 35.05837972202503], [136.67373100355877, 35.05829152431912], [136.67356572378495, 35.05810637745739], [136.67408828869512, 35.05781438228334], [136.67416747611975, 35.057633231420105], [136.67418232641057, 35.05760610566984], [136.67420484671055, 35.05759506473303], [136.6742354214658, 35.057595035849495], [136.67446493849917, 35.057639960446764], [136.67630045114507, 35.057996105393855], [136.6765576962815, 35.0579451641954], [136.67669344955985, 35.058390833114785], [136.67673592486443, 35.05853025029341], [136.67679527805223, 35.05872168699168], [136.67686954509443, 35.05896121196003], [136.6769286975341, 35.059123282909596], [136.67733787818932, 35.05909719772324], [136.67743674087126, 35.05940553144905], [136.67728847334925, 35.059394104979546], [136.67710757906374, 35.05935708349915], [136.6769604149204, 35.05933374805691], [136.67648514959578, 35.059239773469585], [136.67646650526095, 35.059522986315926], [136.67637433699664, 35.05954765554096], [136.67646065153176, 35.059830284864915], [136.67616714928135, 35.05988375236432], [136.67609444284548, 35.05966217674231], [136.67607669612022, 35.05960804753942], [136.67602810884756, 35.05931478552157]]], [[[136.67650213030362, 35.060926504494695], [136.67682262820603, 35.060946902081035], [136.67696384464256, 35.06076315018542], [136.6767746819344, 35.06073659782394], [136.67605556430857, 35.06065820572273], [136.6761223378135, 35.061229546664876], [136.67637455072318, 35.06126779104566], [136.67650213030362, 35.060926504494695]]]]}}, {"type": "Feature", "properties": {"rowId": 39, "city_name": "桑名市", "town_name": "矢田磧", "households": 144, "population": 370, "e_stat_code": "242050390"}, "geometry": {"type": "Polygon", "coordinates": [[[136.6873026126587, 35.05947193367347], [136.68783023262077, 35.05937852015536], [136.6877142383294, 35.05902846013106], [136.68767072719902, 35.05895180164522], [136.68766472975244, 35.05894127182464], [136.6875700822624, 35.05869574261154], [136.6878137938714, 35.05863478291124], [136.68775855032396, 35.05849206163469], [136.68799236818785, 35.05843108717484], [136.68787815894257, 35.0581303846596], [136.68774674702368, 35.057754565868194], [136.68770045790095, 35.05765299258492], [136.6873129829718, 35.05773321770076], [136.68734695303155, 35.057841690995616], [136.68723570398834, 35.05787288565102], [136.68716860424732, 35.057751007164455], [136.68666182734594, 35.05788289245533], [136.68670411850178, 35.057998080250265], [136.6864312631447, 35.05806117435654], [136.68640678104788, 35.05799638068815], [136.68626669891523, 35.058031117267774], [136.6862497998155, 35.05798705560374], [136.6858121711226, 35.05809227854706], [136.68558290331086, 35.058154701500804], [136.68563484953847, 35.058267300402555], [136.68531338519816, 35.05834038452498], [136.6852671711287, 35.0582421908607], [136.68480252288384, 35.05835812638605], [136.68483536557002, 35.05845512742091], [136.68451763436508, 35.05852903404778], [136.68455382448082, 35.05865749689248], [136.6845998094459, 35.05882062413694], [136.68469739359915, 35.05919804603342], [136.6847498796697, 35.05940092679204], [136.68479629420125, 35.059574192752784], [136.68540984860545, 35.05942241679472], [136.6854037730745, 35.059366885058665], [136.6856398957025, 35.05931463541222], [136.68570882521217, 35.059476294062755], [136.68608550889633, 35.059400079973166], [136.68611446047973, 35.059492524990496], [136.68647992206178, 35.05942095071015], [136.6865602720453, 35.05960113657108], [136.68681899626435, 35.05955805298615], [136.6873026126587, 35.05947193367347]]]}}, {"type": "Feature", "properties": {"rowId": 1, "city_name": "桑名市", "town_name": "吉之丸", "households": 160, "population": 390, "e_stat_code": "242050010"}, "geometry": {"type": "Polygon", "coordinates": [[[136.69761102425852, 35.0656673371015], [136.6986652903575, 35.06547049465977], [136.69869411272683, 35.06555589539731], [136.69926937597475, 35.065411521928276], [136.6992630494942, 35.0653329644295], [136.70029120827797, 35.065344363465876], [136.70430700658045, 35.065284798619864], [136.70525198838018, 35.06527079307782], [136.70584571113974, 35.063942083115], [136.70124414799994, 35.062965254362574], [136.7012374751243, 35.06291120635807], [136.7011775820711, 35.06248378964276], [136.70118369523172, 35.06205261134685], [136.6998107089583, 35.06212644932414], [136.69962240888103, 35.06213683043733], [136.69958864507998, 35.061803984189105], [136.6992625805804, 35.06181973595193], [136.69924452368113, 35.06168110282715], [136.69869629883823, 35.061693553892525], [136.69780818024142, 35.06174718346271], [136.69717863562286, 35.061785518979704], [136.6971713799105, 35.0619242983023], [136.69680735951212, 35.062104422410826], [136.69701762315395, 35.06301881391606], [136.69720812214186, 35.06359802396923], [136.69724318740808, 35.06375268763375], [136.69723111210786, 35.06398403383564], [136.6972526417122, 35.06419884733556], [136.6972496096955, 35.064506481943866], [136.69726640149713, 35.064657799664495], [136.69727278020622, 35.06474790726678], [136.69722637713215, 35.06524298099063], [136.69719517080142, 35.06554134033912], [136.69720076050646, 35.0656996950005], [136.6972422054008, 35.065944607040485], [136.6976186258478, 35.06590075340234], [136.69761102425852, 35.0656673371015]]]}}, {"type": "Feature", "properties": {"rowId": 159, "city_name": "桑名市", "town_name": "蓮花寺（南部）", "households": 490, "population": 1175, "e_stat_code": "24205112002"}, "geometry": {"type": "Polygon", "coordinates": [[[136.64693690513377, 35.068752191978255], [136.64700922392615, 35.06873898826432], [136.64713892296064, 35.06878935366369], [136.64726811796575, 35.06877591759496], [136.64781345918024, 35.06873258042854], [136.64797336609564, 35.06867644199163], [136.64815385594625, 35.068607446313926], [136.6485564531633, 35.06849472558583], [136.64868379272716, 35.06824734402798], [136.64878721958647, 35.068246790669754], [136.64891103786664, 35.068203662097616], [136.649085736582, 35.068058143035934], [136.64959382411993, 35.06755779646873], [136.64968265448042, 35.06734259335739], [136.6497699703893, 35.06726564291085], [136.64994231475023, 35.06714767217633], [136.65049873462337, 35.0668725646131], [136.6512504364067, 35.06643477955475], [136.6513375107829, 35.06632804045163], [136.65185366882608, 35.06554269952132], [136.6519534555941, 35.06540821336197], [136.65097659861274, 35.06549853507719], [136.65094656535558, 35.065626236788894], [136.65035977521208, 35.06565699196298], [136.65051484932758, 35.06532234406433], [136.65061215239447, 35.065198506535395], [136.65060060699216, 35.06504976002301], [136.6505689240289, 35.06496478560732], [136.6506173775173, 35.06455204370415], [136.6506215368145, 35.064428706392], [136.65058365961093, 35.064216294542575], [136.65054053109444, 35.06399539045693], [136.6505551572634, 35.06388481442523], [136.65065733456433, 35.06372256938253], [136.65040645188313, 35.06372180180654], [136.65039785732193, 35.06329232341721], [136.65038392072975, 35.06283737851419], [136.64954802578566, 35.06308848886692], [136.64925809388308, 35.06305602525535], [136.64931711795907, 35.06266872108853], [136.64890355555872, 35.062696499510764], [136.64866089201087, 35.062748855557736], [136.64854965988175, 35.06241767631829], [136.64862132443812, 35.0623279929621], [136.64865078762733, 35.06212796774363], [136.64810898770585, 35.062288195356224], [136.64792609232, 35.062376429250286], [136.64775620492452, 35.06247938386534], [136.64750143263961, 35.06257652303594], [136.6474622775376, 35.06259145100813], [136.64730265102165, 35.062681602101776], [136.64695136401642, 35.06304588781506], [136.64686148138594, 35.063139048317716], [136.6467591709381, 35.063279953236616], [136.64667776946973, 35.06345469140813], [136.64658571150738, 35.06358701984967], [136.6464000930014, 35.063656042455506], [136.64630174281817, 35.06364811666476], [136.64627510668757, 35.06355043845881], [136.646185509149, 35.06333823139266], [136.64574971594377, 35.06345239379278], [136.6459378830003, 35.06407535863699], [136.64607708309558, 35.064674147628445], [136.64613718663986, 35.06507785768548], [136.6461859433808, 35.065687905013945], [136.64620073997813, 35.0662491169075], [136.64619582594784, 35.066608524200646], [136.64615239529354, 35.06700426525694], [136.64610371559067, 35.067391512769596], [136.64604959246793, 35.06762061373799], [136.64609006008172, 35.06762546847868], [136.64602534004294, 35.06794477048491], [136.64575838528717, 35.06885630106335], [136.64601207174138, 35.06888466786705], [136.64634836871824, 35.06889562139143], [136.64671043005197, 35.06889368887907], [136.64684463886505, 35.06885895621245], [136.64691655399434, 35.06879476667932], [136.64693690513377, 35.068752191978255]]]}}, {"type": "Feature", "properties": {"rowId": 158, "city_name": "桑名市", "town_name": "蓮花寺（北部）", "households": 830, "population": 1750, "e_stat_code": "24205112001"}, "geometry": {"type": "Polygon", "coordinates": [[[136.64574971594377, 35.06345239379278], [136.6453898502593, 35.06350135714477], [136.6453126650357, 35.06357585684731], [136.64519451455268, 35.06364712294674], [136.64472965073367, 35.0638717220318], [136.64353666218122, 35.063906734569485], [136.64342807959406, 35.06389886085562], [136.64296422220914, 35.06477643041639], [136.64299833474965, 35.06573389188302], [136.64342572524666, 35.06672285689713], [136.64313226459487, 35.06688590105488], [136.64268036166737, 35.067160916431135], [136.64262704996767, 35.06719493358996], [136.6424420522536, 35.06735570943643], [136.64230795394874, 35.0674810034916], [136.6422193945135, 35.067673310824084], [136.6421835396297, 35.06779808310094], [136.64205377266794, 35.06795687619596], [136.64202557095433, 35.068014280812214], [136.6419613792752, 35.06817955681151], [136.64185979030086, 35.06827777547629], [136.6416116727656, 35.06848430897833], [136.64153427082675, 35.069314396813425], [136.64167430518876, 35.0694214061154], [136.64186737228047, 35.06950792118409], [136.64229444130316, 35.06967383344642], [136.6425899744823, 35.06977332579016], [136.6429377313048, 35.070005432998535], [136.6432343470705, 35.07024281070444], [136.64348215916345, 35.070520870914486], [136.643656360101, 35.07080594224138], [136.643706302226, 35.07091004628024], [136.64377221193698, 35.070963571796135], [136.6439776819333, 35.071063398947885], [136.6440007245546, 35.07112891206835], [136.64398909433513, 35.07121313237424], [136.6441036770113, 35.07135104936125], [136.64411428341649, 35.071381697747775], [136.64411443167467, 35.07140057142373], [136.64406447811393, 35.071660634986216], [136.64405848198552, 35.07168792080332], [136.64404419937014, 35.07172363179844], [136.64418742456937, 35.07167984068307], [136.64437311058788, 35.07161089311264], [136.644563844039, 35.07152480510868], [136.644655917956, 35.07139254995664], [136.64469127159842, 35.071285950123176], [136.6447841474585, 35.071255736513066], [136.6448424272468, 35.071433953889226], [136.6448690994796, 35.07153599815036], [136.64509833079086, 35.07174309576701], [136.64534432538682, 35.07177791328725], [136.6456163793015, 35.07184238181584], [136.64571293759013, 35.07129536863206], [136.6459870399258, 35.07063057409335], [136.64611419374225, 35.070357632059526], [136.64622668019715, 35.070191251411615], [136.6462888392214, 35.0702036673334], [136.6464554444138, 35.070338909649024], [136.6466787889678, 35.07045680712606], [136.64704442784125, 35.070575986121575], [136.64752187074137, 35.07077337412729], [136.647677572863, 35.07084050222022], [136.6478170587856, 35.07082278460174], [136.64793600230325, 35.07081785312092], [136.6481219170744, 35.07077861919484], [136.64823113401945, 35.070854586922046], [136.64831402191825, 35.07086682028428], [136.64902280653885, 35.07093056670297], [136.64929749930138, 35.070955152801154], [136.64939135009863, 35.07104824523065], [136.64942848350572, 35.071167135838124], [136.6494898961781, 35.071285402309194], [136.64950930829286, 35.07130811662784], [136.6495416133752, 35.071336535640576], [136.6496005459277, 35.07133629035706], [136.65003305214992, 35.07141263740124], [136.65027624784608, 35.07142415133788], [136.65052920067598, 35.071358989304], [136.65078726699696, 35.07128527729182], [136.65102426727128, 35.07116921199266], [136.65114829124988, 35.07115157355641], [136.65128961114888, 35.071359132266366], [136.65134319781393, 35.07159702295432], [136.65135942796962, 35.07190920048186], [136.65136154959305, 35.071949894839754], [136.65131654798668, 35.0721457782652], [136.6512070629019, 35.07236531761161], [136.6511260731666, 35.072586958538956], [136.6510451073886, 35.072816978760756], [136.6510833355601, 35.07306769892305], [136.6511220283542, 35.07315052188679], [136.65177857659742, 35.073752158302945], [136.6523564783756, 35.07419561745903], [136.652367421111, 35.07419837560052], [136.65265172992372, 35.074175576887065], [136.65307070131738, 35.07416909638007], [136.65314064700667, 35.07415322559264], [136.6533391979134, 35.074108070446556], [136.6534372544266, 35.07407775172125], [136.65355041123968, 35.073996435220096], [136.65376621768843, 35.073816603254336], [136.65388972890986, 35.07373938513352], [136.65401903965846, 35.07373446174201], [136.6540350215388, 35.073793955273466], [136.65404880059344, 35.07383000908943], [136.65409320134782, 35.0739461830278], [136.65441393188303, 35.07395776247748], [136.65434423059128, 35.074293996416195], [136.65431037522328, 35.07459193685293], [136.6549867044418, 35.074764983326986], [136.6550696147751, 35.074216838036094], [136.65508352971082, 35.074124999356435], [136.6551023751126, 35.073798124511846], [136.65510312765227, 35.07378502080422], [136.6551887749822, 35.07366518733345], [136.65528859849445, 35.07357739164776], [136.6554387645794, 35.07349157684206], [136.65553038220096, 35.07342220518425], [136.65561580265785, 35.073279414531825], [136.65561861327518, 35.07310608226371], [136.65558889979948, 35.07299525272317], [136.65556684238624, 35.07292029866021], [136.65548638969247, 35.072779108958215], [136.6554846950199, 35.07277615970833], [136.65533572209287, 35.07265752368163], [136.65530574989998, 35.07257845780851], [136.65527892252854, 35.07248014774174], [136.65527865833948, 35.07247916321596], [136.65521371020492, 35.0722414069688], [136.65523438198227, 35.07215903857982], [136.65526514039152, 35.07203675498753], [136.65532227831753, 35.07179580311998], [136.6553259239035, 35.071780359736884], [136.65527574712067, 35.071445406693186], [136.65527229582253, 35.07101378893197], [136.65524075047907, 35.07073261103241], [136.65518647549942, 35.07058134915595], [136.6551996659807, 35.07048486569008], [136.65523101500796, 35.07042011576326], [136.65525595799795, 35.070368640947365], [136.65521859946315, 35.07023334461964], [136.65517517043975, 35.07004068448749], [136.655176099902, 35.06980869853704], [136.655493181393, 35.06929731712373], [136.6557042978538, 35.068978134242144], [136.65577000971862, 35.068819321857035], [136.6557915368391, 35.06871589200875], [136.6559944553503, 35.06859767701717], [136.6560970052079, 35.06849838529209], [136.65625267210055, 35.06840563781991], [136.656407085051, 35.06829000925839], [136.65668993671508, 35.06807783555069], [136.656409180123, 35.06646847172045], [136.65659090703917, 35.066437883371776], [136.6564699596359, 35.065866543997714], [136.65631330138018, 35.065680271769956], [136.65617715168833, 35.06547684486204], [136.65612491551275, 35.06540902616571], [136.65605651931395, 35.065264883890926], [136.65603526545252, 35.06520992567809], [136.65600898060632, 35.06514175580557], [136.6559198333453, 35.064989203118564], [136.6557733310016, 35.0647816771407], [136.65559377059967, 35.064644332515286], [136.65544342386707, 35.064598382731084], [136.65507078002665, 35.06457060624733], [136.65492564866804, 35.064528853715274], [136.65484151503605, 35.064355004622456], [136.654787570541, 35.06407887672666], [136.65471856629446, 35.063858042511484], [136.65466309330031, 35.063711716814225], [136.65447468161858, 35.06343624298593], [136.6543332642901, 35.06321587022676], [136.6542960582589, 35.06308853051023], [136.65422143125903, 35.06281244285697], [136.65411610123383, 35.062579198544235], [136.65398208786465, 35.06230983968622], [136.65384568491325, 35.06206817128433], [136.65348073490517, 35.061704418785254], [136.6530600952623, 35.0614939981756], [136.65276949580036, 35.06137224619487], [136.65270904589212, 35.06125136796643], [136.65271242621353, 35.06102598583199], [136.65278208638313, 35.06068115683132], [136.65283574087744, 35.06060551148219], [136.65286390439442, 35.06056585135378], [136.6530393269423, 35.06051391802864], [136.6534655191985, 35.06044993027141], [136.65431221400686, 35.060258244395364], [136.65526200503157, 35.06003197986761], [136.65574462734077, 35.059908098752366], [136.6558741051027, 35.0598785952132], [136.65604919199868, 35.05983849121785], [136.65639049720187, 35.05983234982637], [136.65665420716235, 35.059826696782096], [136.65678168614215, 35.05959641880913], [136.6568737907449, 35.0594725340042], [136.65648695574768, 35.05928532255282], [136.65640391731066, 35.05924760034904], [136.65615992667406, 35.059138281272965], [136.65586479799128, 35.05909733889072], [136.65542478291152, 35.059044431832504], [136.65531195869266, 35.05851769085306], [136.65233316184944, 35.05854233056519], [136.65140490927485, 35.058557950810666], [136.65024245961266, 35.05870870024888], [136.6501727685789, 35.05872830005828], [136.64971554303546, 35.05878814636158], [136.64927870414164, 35.05913916549593], [136.64914556091736, 35.05930573285335], [136.6484844573505, 35.05941554089132], [136.6482163235349, 35.059500217836096], [136.64815479315166, 35.05958752394104], [136.64793238069316, 35.0595843453688], [136.64767932888898, 35.05963252956116], [136.6472227157842, 35.05974877558755], [136.6469693068575, 35.05980062536546], [136.64661802699231, 35.059893354311754], [136.64604166830804, 35.05999742551665], [136.64522247241916, 35.06018526019778], [136.64406178229925, 35.06042033197867], [136.64412954764964, 35.06051469481127], [136.64445292164794, 35.060965181733735], [136.6450781300743, 35.06195351960224], [136.64535960736697, 35.06251704182196], [136.64555950495642, 35.06295021825429], [136.64574971594377, 35.06345239379278]], [[136.64574971594377, 35.06345239379278], [136.646185509149, 35.06333823139266], [136.64627510668757, 35.06355043845881], [136.64630174281817, 35.06364811666476], [136.6464000930014, 35.063656042455506], [136.64658571150738, 35.06358701984967], [136.64667776946973, 35.06345469140813], [136.6467591709381, 35.063279953236616], [136.64686148138594, 35.063139048317716], [136.64695136401642, 35.06304588781506], [136.64730265102165, 35.062681602101776], [136.6474622775376, 35.06259145100813], [136.64750143263961, 35.06257652303594], [136.64775620492452, 35.06247938386534], [136.64792609232, 35.062376429250286], [136.64810898770585, 35.062288195356224], [136.64865078762733, 35.06212796774363], [136.64862132443812, 35.0623279929621], [136.64854965988175, 35.06241767631829], [136.64866089201087, 35.062748855557736], [136.64890355555872, 35.062696499510764], [136.64931711795907, 35.06266872108853], [136.64925809388308, 35.06305602525535], [136.64954802578566, 35.06308848886692], [136.65038392072975, 35.06283737851419], [136.65039785732193, 35.06329232341721], [136.65040645188313, 35.06372180180654], [136.65065733456433, 35.06372256938253], [136.6505551572634, 35.06388481442523], [136.65054053109444, 35.06399539045693], [136.65058365961093, 35.064216294542575], [136.6506215368145, 35.064428706392], [136.6506173775173, 35.06455204370415], [136.6505689240289, 35.06496478560732], [136.65060060699216, 35.06504976002301], [136.65061215239447, 35.065198506535395], [136.65051484932758, 35.06532234406433], [136.65035977521208, 35.06565699196298], [136.65094656535558, 35.065626236788894], [136.65097659861274, 35.06549853507719], [136.6519534555941, 35.06540821336197], [136.65185366882608, 35.06554269952132], [136.6513375107829, 35.06632804045163], [136.6512504364067, 35.06643477955475], [136.65049873462337, 35.0668725646131], [136.64994231475023, 35.06714767217633], [136.6497699703893, 35.06726564291085], [136.64968265448042, 35.06734259335739], [136.64959382411993, 35.06755779646873], [136.649085736582, 35.068058143035934], [136.64891103786664, 35.068203662097616], [136.64878721958647, 35.068246790669754], [136.64868379272716, 35.06824734402798], [136.6485564531633, 35.06849472558583], [136.64815385594625, 35.068607446313926], [136.64797336609564, 35.06867644199163], [136.64781345918024, 35.06873258042854], [136.64726811796575, 35.06877591759496], [136.64713892296064, 35.06878935366369], [136.64700922392615, 35.06873898826432], [136.64693690513377, 35.068752191978255], [136.64691655399434, 35.06879476667932], [136.64684463886505, 35.06885895621245], [136.64671043005197, 35.06889368887907], [136.64634836871824, 35.06889562139143], [136.64601207174138, 35.06888466786705], [136.64575838528717, 35.06885630106335], [136.64602534004294, 35.06794477048491], [136.64609006008172, 35.06762546847868], [136.64604959246793, 35.06762061373799], [136.64610371559067, 35.067391512769596], [136.64615239529354, 35.06700426525694], [136.64619582594784, 35.066608524200646], [136.64620073997813, 35.0662491169075], [136.6461859433808, 35.065687905013945], [136.64613718663986, 35.06507785768548], [136.64607708309558, 35.064674147628445], [136.6459378830003, 35.06407535863699], [136.64574971594377, 35.06345239379278]]]}}, {"type": "Feature", "properties": {"rowId": 14, "city_name": "桑名市", "town_name": "三崎通", "households": 51, "population": 90, "e_stat_code": "242050140"}, "geometry": {"type": "Polygon", "coordinates": [[[136.6939680899741, 35.06733784853878], [136.69391484272938, 35.06702835249536], [136.69478860501246, 35.066930817953924], [136.6947698973923, 35.066730002530655], [136.69476784774736, 35.06670557617304], [136.69473004419004, 35.0661623923646], [136.69467451193412, 35.066169047751636], [136.69362603590042, 35.066293566349856], [136.6936796504921, 35.066651724814726], [136.69342678929416, 35.06667619739914], [136.6934005001437, 35.0665607797918], [136.69325723396742, 35.06658011954747], [136.69326616047982, 35.06663781778536], [136.69270742072433, 35.06673812193654], [136.69273883581167, 35.06696337373297], [136.6926349888884, 35.06698481192048], [136.69264724577812, 35.06710721194428], [136.692571398811, 35.067112362458595], [136.6925664496295, 35.06719556336591], [136.69271542429354, 35.067187811462205], [136.69271389367782, 35.067335783482385], [136.69288268196337, 35.06734637029511], [136.69288374656995, 35.067138257835566], [136.6930861474858, 35.06713245534465], [136.69325482257872, 35.06712459089297], [136.6932611371826, 35.067207867272955], [136.6934242036195, 35.067199964177654], [136.69341939315694, 35.06729943253541], [136.6936836569856, 35.06729095066188], [136.69368142054913, 35.06735568416582], [136.6939680899741, 35.06733784853878]]]}}, {"type": "Feature", "properties": {"rowId": 80, "city_name": "桑名市", "town_name": "中央町一丁目", "households": 125, "population": 237, "e_stat_code": "24205072001"}, "geometry": {"type": "Polygon", "coordinates": [[[136.68904806552834, 35.064365328426], [136.68883081782073, 35.0635524451621], [136.68680034646093, 35.06394050798721], [136.68670647117057, 35.063567926434985], [136.6868750996158, 35.063509294003985], [136.68681577987644, 35.063319692593254], [136.68661810396148, 35.06336144570779], [136.686614391573, 35.063409004289724], [136.68631169516777, 35.063470083170586], [136.68626186988448, 35.06327901932023], [136.68606341492247, 35.06331478978767], [136.6860202016597, 35.063146013283394], [136.68595233605257, 35.062922585699205], [136.68576310091996, 35.062954781784846], [136.6853383324873, 35.06301866076643], [136.68475881992953, 35.06312700463914], [136.68441203760278, 35.06319100414866], [136.6840713726203, 35.06325440491587], [136.6830258444993, 35.06342170423249], [136.68282958571453, 35.06343858320642], [136.6830572548699, 35.063793514328324], [136.68319255937433, 35.06405726989505], [136.6833108789204, 35.06436394052572], [136.6834455584725, 35.06491658420722], [136.6835684269962, 35.06540872846831], [136.68453404197828, 35.06523877573186], [136.68527069342167, 35.06510405289902], [136.68755502779823, 35.06465880069257], [136.68904806552834, 35.064365328426]]]}}, {"type": "Feature", "properties": {"rowId": 82, "city_name": "桑名市", "town_name": "中央町三丁目", "households": 44, "population": 56, "e_stat_code": "24205072003"}, "geometry": {"type": "Polygon", "coordinates": [[[136.68997775090975, 35.06422884789035], [136.69003014322914, 35.06422045076727], [136.68955219842164, 35.062730784306154], [136.68902663646904, 35.061259767054466], [136.68881173011792, 35.061298309204844], [136.68866227328664, 35.06132511313524], [136.68836119721746, 35.061379108195254], [136.68819097182725, 35.06085984216149], [136.68783725924345, 35.06093360919345], [136.6878921587706, 35.06110668502516], [136.68799903331598, 35.06144602192587], [136.68761169267785, 35.0615290636314], [136.68739280264685, 35.061578896095114], [136.68748817856945, 35.06189041058505], [136.68750287073948, 35.06196209075782], [136.68767679599347, 35.062585355549], [136.6874002721317, 35.062636571347745], [136.68734392898781, 35.06246005242208], [136.6872873772003, 35.06225339208355], [136.6872022066484, 35.061989216458954], [136.68634029292554, 35.06215127958903], [136.6863780279324, 35.06228980410345], [136.68608453310011, 35.062334210588766], [136.68604697779912, 35.062211882227], [136.68558923933898, 35.06228615997209], [136.68576310091996, 35.06295478178483], [136.68595233605257, 35.062922585699205], [136.68602020165974, 35.063146013283415], [136.68606341492247, 35.06331478978767], [136.68626186988448, 35.06327901932023], [136.68631169516777, 35.063470083170586], [136.686614391573, 35.06340900428974], [136.68661810396148, 35.063361445707805], [136.68681577987653, 35.06331969259325], [136.68687509961583, 35.063509294003985], [136.6867064711706, 35.063567926434985], [136.68680034646093, 35.06394050798721], [136.68883081782073, 35.063552445162095], [136.68904806552834, 35.06436532842598], [136.6893561490238, 35.06432829646432], [136.68997775090975, 35.06422884789035]]]}}, {"type": "Feature", "properties": {"rowId": 81, "city_name": "桑名市", "town_name": "中央町二丁目", "households": 125, "population": 254, "e_stat_code": "24205072002"}, "geometry": {"type": "Polygon", "coordinates": [[[136.6840713726203, 35.06325440491587], [136.68441203760278, 35.06319100414866], [136.68475881992953, 35.06312700463914], [136.6853383324873, 35.06301866076643], [136.68576310091996, 35.062954781784846], [136.68558923933898, 35.062286159972075], [136.68540974435945, 35.061619753346605], [136.6849538133844, 35.061705075251965], [136.68486567188182, 35.061724516168006], [136.68399211583008, 35.06187719222609], [136.68275302723407, 35.06208973593148], [136.68280665757723, 35.06235845894557], [136.68234466725005, 35.06244183351524], [136.68227372090868, 35.06246441664987], [136.6822490392957, 35.06248849936044], [136.68187617760356, 35.06258848471473], [136.68116703342716, 35.06273852656546], [136.68137922734493, 35.06296403562687], [136.6812488707162, 35.063026248247304], [136.6812872804405, 35.063149065157795], [136.68156724211013, 35.06309368982763], [136.6817487094722, 35.06327521348611], [136.68212198389494, 35.06320388929465], [136.68213197284, 35.063276863634414], [136.6822906572426, 35.06325287268005], [136.6823579803399, 35.06347926430237], [136.68282958571453, 35.06343858320642], [136.6830258444993, 35.06342170423249], [136.6840713726203, 35.06325440491587]]]}}, {"type": "Feature", "properties": {"rowId": 84, "city_name": "桑名市", "town_name": "中央町五丁目", "households": 282, "population": 610, "e_stat_code": "24205072005"}, "geometry": {"type": "Polygon", "coordinates": [[[136.68761169267785, 35.061529063631426], [136.68799903331598, 35.06144602192589], [136.6878921587706, 35.06110668502515], [136.68783725924345, 35.06093360919345], [136.68819097182725, 35.06085984216149], [136.68827942121064, 35.06084666440341], [136.68808726064725, 35.0603565382127], [136.68866070661866, 35.060237578817585], [136.688005549808, 35.05934745611467], [136.68783023262077, 35.05937852015536], [136.6873026126587, 35.05947193367347], [136.68681899626435, 35.05955805298615], [136.6865602720453, 35.05960113657108], [136.68647992206178, 35.05942095071015], [136.68611446047973, 35.059492524990496], [136.68608550889633, 35.059400079973166], [136.68570882521217, 35.059476294062755], [136.6856398957025, 35.05931463541222], [136.6854037730745, 35.059366885058665], [136.68540984860545, 35.05942241679472], [136.68479629420125, 35.059574192752784], [136.68517614466444, 35.06099161123291], [136.6850369549867, 35.0610162699874], [136.68469336827656, 35.06107715390062], [136.68486567188182, 35.061724516168006], [136.6849538133844, 35.061705075251965], [136.68540974435945, 35.061619753346605], [136.68594002851933, 35.06153041818763], [136.6860254659189, 35.06182698935168], [136.6867067272042, 35.06170419097294], [136.68702777123346, 35.06164103488317], [136.6873928026469, 35.061578896095114], [136.68761169267785, 35.061529063631426]]]}}, {"type": "Feature", "properties": {"rowId": 83, "city_name": "桑名市", "town_name": "中央町四丁目", "households": 13, "population": 28, "e_stat_code": "24205072004"}, "geometry": {"type": "Polygon", "coordinates": [[[136.68702777123346, 35.06164103488317], [136.6867067272042, 35.06170419097294], [136.6860254659189, 35.06182698935168], [136.68594002851933, 35.06153041818763], [136.68540974435945, 35.061619753346605], [136.68558923933898, 35.06228615997209], [136.68604697779912, 35.062211882227], [136.68608453310011, 35.062334210588766], [136.6863780279324, 35.06228980410345], [136.68634029292554, 35.06215127958903], [136.6872022066484, 35.061989216458954], [136.6872873772003, 35.06225339208355], [136.68734392898781, 35.06246005242208], [136.6874002721317, 35.062636571347745], [136.68767679599347, 35.062585355549], [136.68750287073948, 35.06196209075782], [136.68748817856945, 35.06189041058505], [136.68739280264685, 35.061578896095114], [136.68702777123346, 35.06164103488317]]]}}, {"type": "Feature", "properties": {"rowId": 35, "city_name": "桑名市", "town_name": "伝馬町", "households": 88, "population": 182, "e_stat_code": "242050350"}, "geometry": {"type": "Polygon", "coordinates": [[[136.6904125686858, 35.05826213637935], [136.6906152320035, 35.058193868340524], [136.6906535064818, 35.05826365389066], [136.69113325830773, 35.05811669387758], [136.69104962690966, 35.0579547686975], [136.69096107963873, 35.057737940860925], [136.6907486765345, 35.057275750658846], [136.6906977601755, 35.05717413495221], [136.69060298807065, 35.05698072285149], [136.69052547112904, 35.057005108741684], [136.69042635979815, 35.05677939544338], [136.69050479977656, 35.056757610650905], [136.69041687032228, 35.05660873865351], [136.69041612637952, 35.05652050007856], [136.69043115291183, 35.05634723902765], [136.69060825602864, 35.05629531518508], [136.6905704008991, 35.056214047902486], [136.6903435017627, 35.05574341840257], [136.6902130797446, 35.05545548665069], [136.69001517892283, 35.055493936569], [136.68951674272552, 35.05563261770783], [136.68934999069106, 35.05593230869752], [136.68930819008233, 35.056363829492724], [136.68834994084312, 35.05655103250017], [136.6882838099647, 35.05656485851643], [136.68826705183625, 35.05702666067372], [136.68828738746095, 35.05730106291508], [136.68869296377267, 35.05823788387169], [136.68889597959935, 35.05816053240628], [136.68922555959955, 35.058070419702666], [136.68924657052182, 35.05811438719198], [136.68979442426456, 35.05795852396191], [136.68993286944294, 35.0582225363265], [136.69001282081712, 35.05839525823244], [136.69023506285836, 35.058312512851295], [136.6904125686858, 35.05826213637935]]]}}, {"type": "Feature", "properties": {"rowId": 52, "city_name": "桑名市", "town_name": "住吉町", "households": 0, "population": 0, "e_stat_code": "242050520"}, "geometry": {"type": "Polygon", "coordinates": [[[136.6992046540416, 35.07174634667414], [136.70005574928362, 35.07101677127874], [136.69556775379925, 35.06905988766558], [136.69550103483672, 35.0690308326447], [136.69465088884039, 35.06909231995534], [136.6946352790454, 35.06895374213969], [136.69301827007786, 35.069075027289465], [136.693064624959, 35.06956724580197], [136.69342703934086, 35.06952587964793], [136.69394149272344, 35.06950441965484], [136.69397706116524, 35.06972394283173], [136.69413963019062, 35.069823580224565], [136.69393349198793, 35.07005589316771], [136.69909006618545, 35.07184454536971], [136.6992046540416, 35.07174634667414]]]}}, {"type": "Feature", "properties": {"rowId": 28, "city_name": "桑名市", "town_name": "元赤須賀", "households": 167, "population": 367, "e_stat_code": "242050280"}, "geometry": {"type": "Polygon", "coordinates": [[[136.7011984344033, 35.06196357922497], [136.70118507287023, 35.06171850628196], [136.70121641940273, 35.0614385260845], [136.70127268251304, 35.06111227418278], [136.70129612967725, 35.06089480623124], [136.7012927685091, 35.060832358536636], [136.70127753281156, 35.06069370897883], [136.70126122562777, 35.06026956203673], [136.7006380164658, 35.06022576362158], [136.70037662348045, 35.060236566999706], [136.69956165886637, 35.0602943655136], [136.69849405059733, 35.060399880208394], [136.69855149889418, 35.06070364619887], [136.69861263704837, 35.06095295171432], [136.69865187134548, 35.061264920197], [136.69867640504197, 35.061505211092694], [136.69869629883823, 35.061693553892525], [136.69924452368113, 35.06168110282715], [136.6992625805804, 35.06181973595193], [136.69958864507998, 35.061803984189105], [136.69962240888103, 35.06213683043733], [136.6998107089583, 35.06212644932414], [136.70118369523172, 35.06205261134685], [136.7011984344033, 35.06196357922497]]]}}, {"type": "Feature", "properties": {"rowId": 32, "city_name": "桑名市", "town_name": "八幡町", "households": 63, "population": 147, "e_stat_code": "242050320"}, "geometry": {"type": "Polygon", "coordinates": [[[136.69304463660959, 35.05983755669], [136.6929642277733, 35.05965730503402], [136.6932283635161, 35.059591006459634], [136.69311966979078, 35.05938788620835], [136.69332187877268, 35.05932651847145], [136.6937303921448, 35.05921206876322], [136.69383815862963, 35.05943709600571], [136.69413622267362, 35.059337219521055], [136.69439420742887, 35.059257924897935], [136.69443446824826, 35.05935959995001], [136.6949508240335, 35.05917614713113], [136.69491173134605, 35.0590760149175], [136.69548530893712, 35.058903921865195], [136.69575900436965, 35.05881939387236], [136.69563015983732, 35.0585787842246], [136.69561433625267, 35.05854605671382], [136.69556542942692, 35.058444854109034], [136.69544965550202, 35.058205226874236], [136.69468077750858, 35.05851992018677], [136.69413251965508, 35.05874869787035], [136.69390419148095, 35.05883563969947], [136.69394890666132, 35.0589323591548], [136.69371352622056, 35.05900574940537], [136.69366337861052, 35.058934694563966], [136.69339972896276, 35.05900754141237], [136.69345177071733, 35.05909464139073], [136.69335060762478, 35.05913867132005], [136.69325536441357, 35.05902188720226], [136.69315903317042, 35.05886285354875], [136.69305418368756, 35.058673373763355], [136.69293215506534, 35.05840244006542], [136.69275504969278, 35.058454367845044], [136.69229391264312, 35.05860975015686], [136.6923907691176, 35.05883667084944], [136.69208187319728, 35.05892667427591], [136.69228389903867, 35.05938054058146], [136.6922531107859, 35.059390927730085], [136.69238285556142, 35.05962773173611], [136.69242833604432, 35.05960747223842], [136.69250934328406, 35.05980814469272], [136.692750953539, 35.05974190517496], [136.6928716567291, 35.06002833954917], [136.69300645205402, 35.059985949174674], [136.69295473154423, 35.059865817772526], [136.69304463660959, 35.05983755669]]]}}, {"type": "Feature", "properties": {"rowId": 89, "city_name": "桑名市", "town_name": "八間通", "households": 39, "population": 78, "e_stat_code": "242050770"}, "geometry": {"type": "Polygon", "coordinates": [[[136.6910329703299, 35.06625989670155], [136.6910562691783, 35.06602158666463], [136.6904277972281, 35.066191645918785], [136.69001222501646, 35.06626570068776], [136.68954881693568, 35.06633530716953], [136.68950671507596, 35.066340194279974], [136.6895140986263, 35.06655058285423], [136.6895922085959, 35.066976704749656], [136.68962269985036, 35.067260909076005], [136.69095109096799, 35.067052153542456], [136.69093569677267, 35.066791033561486], [136.69100205600805, 35.066762838595274], [136.69101873241522, 35.066572031743064], [136.6910329703299, 35.06625989670155]]]}}, {"type": "Feature", "properties": {"rowId": 38, "city_name": "桑名市", "town_name": "千代田町", "households": 48, "population": 109, "e_stat_code": "242050380"}, "geometry": {"type": "Polygon", "coordinates": [[[136.6845998094459, 35.05882062413694], [136.68455382448082, 35.05865749689248], [136.68451763436508, 35.05852903404778], [136.68444084424155, 35.058256569748465], [136.68385310943663, 35.05838671647332], [136.68388234519605, 35.058528739781295], [136.68373772597235, 35.05856420382913], [136.68377130867762, 35.05866775107725], [136.6832712799918, 35.058767822031434], [136.68324796538127, 35.058678372339216], [136.68301471436789, 35.0587258129001], [136.6831219427644, 35.05912578835941], [136.68317644947368, 35.059345560500226], [136.68333303874323, 35.05990758809449], [136.6836592905906, 35.05980201557436], [136.68389715683477, 35.05974299858274], [136.6838769034739, 35.059558668513475], [136.68418493186368, 35.059507002610474], [136.6847498796697, 35.05940092679204], [136.68469739359915, 35.05919804603342], [136.6845998094459, 35.05882062413694]]]}}, {"type": "Feature", "properties": {"rowId": 23, "city_name": "桑名市", "town_name": "吉津屋町", "households": 41, "population": 113, "e_stat_code": "242050230"}, "geometry": {"type": "Polygon", "coordinates": [[[136.69340667200515, 35.063472952409036], [136.6933512100491, 35.06323509043589], [136.69328994300912, 35.063287484436586], [136.69241689183053, 35.06224460827729], [136.69212938243356, 35.06189757233723], [136.6918071374894, 35.06203124441611], [136.69169615988042, 35.061877011426894], [136.69121409563212, 35.0620669457519], [136.69170241393664, 35.06278440441041], [136.69206722528767, 35.06319734193238], [136.69222882604697, 35.06335128654857], [136.69232797954396, 35.06343861201869], [136.69246352721055, 35.063504953907874], [136.69283609791452, 35.063836856339925], [136.69310891631667, 35.06366156007727], [136.69322758811262, 35.063575738658216], [136.69340667200515, 35.063472952409036]]]}}, {"type": "Feature", "properties": {"rowId": 47, "city_name": "桑名市", "town_name": "堤原", "households": 61, "population": 152, "e_stat_code": "242050470"}, "geometry": {"type": "Polygon", "coordinates": [[[136.69025223849806, 35.06754635745103], [136.69045605590648, 35.0674853373987], [136.69047285327204, 35.06757242772009], [136.69070547162255, 35.0675341322262], [136.69068852750902, 35.06742936550173], [136.69097897799753, 35.06735721706593], [136.69095109096799, 35.067052153542456], [136.68962269985036, 35.067260909076005], [136.68961179095055, 35.067297943697845], [136.68852255823563, 35.06752378029423], [136.68846507542005, 35.06771136732094], [136.68830711120427, 35.06774543300862], [136.68822534679683, 35.067765122488034], [136.68816759931985, 35.06794672363], [136.68804998739967, 35.06800225182098], [136.6879685027473, 35.068080814451136], [136.6880668595231, 35.06817526078851], [136.68803159514732, 35.06825983051242], [136.68806078505128, 35.06836945799394], [136.6881863549709, 35.06849649719735], [136.68842049014455, 35.06855636962714], [136.6890448510176, 35.06846522023322], [136.6893525474108, 35.06842128929134], [136.68954291027828, 35.06830302104499], [136.68972787813595, 35.068225558770486], [136.68991763742352, 35.06816814071999], [136.6898371631345, 35.06801570536894], [136.69011470140515, 35.067910109954745], [136.69000587937367, 35.06767719896674], [136.69014008379457, 35.06758854573256], [136.69025223849806, 35.06754635745103]]]}}, {"type": "Feature", "properties": {"rowId": 33, "city_name": "桑名市", "town_name": "外堀", "households": 165, "population": 391, "e_stat_code": "242050330"}, "geometry": {"type": "Polygon", "coordinates": [[[136.69642087500446, 35.060636090891094], [136.696387540428, 35.060351905157674], [136.6962978804212, 35.0600564221908], [136.69618233994976, 35.05969876121002], [136.69579164440825, 35.05971254991968], [136.69558404280795, 35.059769304594596], [136.6954849383897, 35.05952591930919], [136.69570942895538, 35.059471463061456], [136.6955872523013, 35.05915384100796], [136.69548530893712, 35.058903921865195], [136.69491173134605, 35.0590760149175], [136.6949508240335, 35.05917614713113], [136.69443446824826, 35.05935959995001], [136.69439420742887, 35.059257924897935], [136.69413622267362, 35.059337219521055], [136.69383815862963, 35.05943709600571], [136.6937303921448, 35.05921206876322], [136.69332187877268, 35.05932651847145], [136.69311966979078, 35.05938788620835], [136.6932283635161, 35.059591006459634], [136.6929642277733, 35.05965730503402], [136.69304463660959, 35.05983755669], [136.69295473154423, 35.059865817772526], [136.69300645205402, 35.059985949174674], [136.6928716567291, 35.06002833954917], [136.692750953539, 35.05974190517496], [136.69250934328406, 35.05980814469272], [136.6926421279252, 35.060115427231665], [136.69239993059787, 35.06018850111759], [136.69249665875535, 35.06030844710138], [136.69223590067116, 35.06049078551658], [136.69223923610184, 35.06049527371666], [136.69232469482372, 35.06061964987595], [136.6926069384185, 35.0605169105995], [136.6927848426958, 35.060771397896666], [136.69300684051797, 35.06108450932051], [136.69304610295882, 35.06124034745629], [136.69503612522197, 35.06081050925453], [136.69596710980338, 35.06067679264925], [136.69642087500446, 35.060636090891094]]]}}, {"type": "Feature", "properties": {"rowId": 297, "city_name": "桑名市", "town_name": "多度町上之郷", "households": 47, "population": 153, "e_stat_code": "242051800"}, "geometry": {"type": "Polygon", "coordinates": [[[136.66627505538813, 35.14339617182229], [136.66672349375406, 35.14282790812359], [136.66731443059675, 35.14207180951984], [136.66738681841125, 35.14195950483206], [136.66743804248745, 35.14181724639651], [136.6674653931564, 35.14163856960722], [136.66756580680868, 35.14110455033993], [136.66777663706884, 35.13965996773607], [136.6678216055766, 35.139397248191784], [136.66784614586714, 35.139194924232534], [136.66785973744294, 35.13893237751718], [136.66788484204457, 35.13847835318811], [136.66793834720335, 35.13797473508357], [136.66796274823977, 35.13775515734182], [136.6681490499119, 35.13716256296422], [136.6683077979979, 35.13671857584258], [136.66886840425323, 35.13514297449647], [136.66909355235887, 35.13449636159138], [136.66915518905566, 35.134349750176206], [136.6693102364863, 35.134099379477725], [136.66784786566524, 35.13362343850146], [136.66611033458923, 35.133121105835194], [136.66572729477608, 35.13302856442268], [136.66524739895738, 35.13294296310026], [136.6647021822428, 35.132872860585714], [136.66403652615776, 35.13280334583562], [136.66359640890786, 35.13277561900809], [136.6628495602548, 35.13270443084042], [136.66166436164028, 35.132500138455185], [136.66095641273364, 35.13238351278893], [136.66017792207242, 35.132235857340554], [136.66004118976429, 35.13221427884065], [136.6598788787582, 35.132215164339485], [136.65951531315997, 35.132266655516204], [136.65921700914294, 35.13228976068762], [136.6590811228626, 35.13232493865305], [136.65875154247678, 35.13236546710361], [136.6583747794206, 35.132401885079425], [136.65786666655285, 35.13238746579271], [136.65744751050832, 35.1323596017841], [136.65671618791134, 35.132266809830085], [136.65650659469424, 35.13225076362643], [136.65616575291668, 35.132196625430936], [136.65575629927733, 35.13207412249628], [136.6555096038918, 35.13200658387051], [136.6553000628476, 35.13185264416373], [136.6554365591483, 35.1325779130338], [136.65546939661687, 35.132792460190075], [136.655476471849, 35.13289981959326], [136.65544682966453, 35.133084071004426], [136.65537768984723, 35.133388609992345], [136.6550199230854, 35.134561428531036], [136.65734530094733, 35.13504988821414], [136.65668694913776, 35.137157403064926], [136.65437746782027, 35.13672250831694], [136.65381872064248, 35.13845375550643], [136.6532756580743, 35.140150056210494], [136.65563187616326, 35.14064500012308], [136.6553501333692, 35.141605219466726], [136.6554436145247, 35.14162006607114], [136.66093952892695, 35.14275842358416], [136.66123429177205, 35.14226595080758], [136.66627505538813, 35.14339617182229]]]}}, {"type": "Feature", "properties": {"rowId": 284, "city_name": "桑名市", "town_name": "多度町下野代", "households": 203, "population": 525, "e_stat_code": "242051670"}, "geometry": {"type": "Polygon", "coordinates": [[[136.65420660021232, 35.125377158918525], [136.65446756554599, 35.124322892844205], [136.6558214257746, 35.12432633888639], [136.65583448596124, 35.12486952849289], [136.65690396279484, 35.12486372838809], [136.65693992260097, 35.12326466922805], [136.65668373407638, 35.123276834475725], [136.65668621168246, 35.122769266828286], [136.6547179375669, 35.1227610546205], [136.65465917088602, 35.121716684050405], [136.65464464790276, 35.12065826952227], [136.65431355010313, 35.1206700604771], [136.65410082643197, 35.12066620929557], [136.65400043046375, 35.120646821889004], [136.6537172524527, 35.12056841861059], [136.65375986595743, 35.120007813440054], [136.6535744046416, 35.11999381421146], [136.65350440907096, 35.11998172678021], [136.65347382711963, 35.1199568908554], [136.65465158698893, 35.116978573930105], [136.6550130375467, 35.116055389832226], [136.65501231560472, 35.11605102684448], [136.6549682859855, 35.11550821870304], [136.65493932018077, 35.1151017420725], [136.65491396841912, 35.115018284806396], [136.6548984378316, 35.114973508121324], [136.65482623806662, 35.11476558217147], [136.65478861923623, 35.114691416836315], [136.6547215826868, 35.11453973182395], [136.6546875371379, 35.11439800910375], [136.65469920232832, 35.11431350660495], [136.6547437223448, 35.11422199532264], [136.6547515443798, 35.114171317543416], [136.65470733876327, 35.114039791463284], [136.65473145260344, 35.11396867283982], [136.65478333435794, 35.113769019536306], [136.65481949194057, 35.11366072243133], [136.65485142751587, 35.113538926007514], [136.65488195618624, 35.11324142649536], [136.65491389154877, 35.11300180919183], [136.65490477171173, 35.11293319420306], [136.6548634994139, 35.11286299237558], [136.6547665905236, 35.112812458059786], [136.65424061631535, 35.11272029664961], [136.65415258904002, 35.112703165704495], [136.6540794628141, 35.11267362933779], [136.65394394719635, 35.11261802086362], [136.65383971855303, 35.112589568281074], [136.6537796292978, 35.11258277960705], [136.6536468488389, 35.11260110278654], [136.6534249773346, 35.112603214499025], [136.65336260483127, 35.112578902111764], [136.653001858841, 35.112506900619636], [136.65255202413195, 35.11241868712676], [136.6522986286415, 35.11236899396303], [136.65194001414997, 35.11229521656925], [136.65160710824063, 35.11222130038272], [136.65122834344393, 35.11217319403074], [136.65113384760866, 35.11215609614975], [136.6510757898738, 35.11212999872238], [136.6509891906096, 35.1120283476516], [136.65093761721522, 35.11200925727169], [136.65064781741225, 35.11196151673443], [136.65043088989137, 35.11191697547392], [136.65036014494703, 35.111912072767204], [136.65029598146248, 35.11193171361058], [136.65022334569977, 35.11196907658752], [136.65020843225352, 35.11197972093104], [136.65017205050881, 35.111985197484344], [136.64995985275414, 35.11195865882376], [136.64965911977887, 35.111921115750356], [136.6494893868314, 35.11187272750148], [136.64929373153282, 35.111803350915785], [136.6488303224612, 35.111623643795184], [136.64847441657577, 35.111490896313086], [136.64840578726506, 35.111460840007155], [136.6481558959522, 35.11144154183458], [136.64789832344323, 35.11145348354482], [136.64773530630364, 35.11147907417676], [136.64752506682154, 35.11150484596566], [136.64738319565882, 35.11148447650829], [136.64719791424085, 35.11140433669392], [136.64709431326807, 35.111341366671596], [136.6469561715234, 35.11125041190496], [136.6468827914164, 35.11120495757077], [136.64680106772605, 35.11118771831892], [136.64656255791135, 35.11116610431316], [136.64602563071512, 35.11115481664502], [136.6456518881655, 35.111139205706955], [136.64535096511946, 35.11109848551146], [136.64501960021664, 35.11101207952567], [136.64466651783033, 35.11089402708962], [136.64399437321183, 35.110618934100096], [136.64378570976726, 35.1105724363447], [136.64360085046067, 35.110545179099795], [136.64342060954345, 35.11056022256702], [136.64319327291628, 35.11059671463594], [136.6414997752404, 35.11095846422458], [136.64141486174606, 35.11096595633437], [136.6410285262222, 35.110956383896415], [136.6409510300743, 35.11094820195215], [136.6411941139465, 35.11190730491903], [136.64159303765814, 35.11351314130101], [136.6416145430047, 35.11359958052003], [136.64168746905406, 35.11389314846136], [136.6417853529158, 35.1144558204387], [136.6418193151475, 35.11458430729491], [136.64183919178953, 35.11465948648989], [136.64204226488735, 35.115427383251046], [136.64201247744063, 35.1156067731564], [136.64258760233648, 35.11549103901603], [136.64306505990672, 35.11592499820527], [136.64328319273105, 35.11612201459462], [136.6434641091795, 35.11626204428255], [136.64360130128114, 35.11637307875028], [136.6438285956645, 35.11635109375705], [136.64406216793512, 35.1163264697308], [136.64416634296094, 35.11632077397966], [136.64428011216194, 35.11632530912465], [136.64437817182463, 35.11634295596619], [136.64446696506124, 35.11638656913312], [136.64452743185316, 35.1164407560997], [136.6445659285024, 35.116513229814515], [136.64458540203987, 35.11658059396845], [136.64460526161005, 35.1166971830203], [136.64460913169134, 35.116785405451374], [136.64456286301285, 35.11692833535556], [136.6440786163947, 35.116809007056595], [136.64414923552312, 35.117118011858096], [136.6438545343928, 35.11705915548433], [136.64377584783531, 35.11744910036177], [136.64425030247776, 35.11750030859297], [136.6443569043695, 35.11754671480018], [136.64431388045577, 35.1176226523377], [136.64428437862168, 35.11767471334418], [136.64410980095815, 35.118077845216604], [136.64411685423318, 35.11818943263866], [136.644067728102, 35.11822011821612], [136.64401911805572, 35.118321790290736], [136.64397071272444, 35.11844381377974], [136.64394110116893, 35.11860123237398], [136.64404784949534, 35.118828914174195], [136.64396149374278, 35.118839515314924], [136.643852859269, 35.119154615532395], [136.64439706810583, 35.11927341303948], [136.6445600781412, 35.11881097346771], [136.64526844032437, 35.11900248770027], [136.64489843069225, 35.11988091003637], [136.64490751693396, 35.11999502133557], [136.6449735486087, 35.12007523593965], [136.64499885709785, 35.120175879806624], [136.6443200216525, 35.121885202303936], [136.64520192666376, 35.12234749236092], [136.6456562754126, 35.122573105593], [136.6460637191952, 35.12276868476425], [136.64632706994422, 35.12290890351582], [136.64673623129093, 35.1230941187824], [136.64690204557527, 35.12316999591024], [136.64706432728602, 35.12324885013506], [136.64719046324132, 35.123298318655955], [136.64755377324605, 35.123364265072084], [136.64777381113092, 35.123484078589996], [136.64803010809285, 35.12364207942897], [136.6481889087184, 35.12373567016242], [136.6483369590174, 35.12383523344945], [136.64845269026105, 35.12392905341667], [136.64859895165372, 35.124030104880234], [136.6488194816047, 35.12420597239369], [136.64909400215015, 35.12440225500001], [136.6493576230777, 35.12457493248609], [136.64971971346444, 35.1247132061634], [136.6500404560601, 35.124841348829584], [136.65022044197994, 35.124887637406985], [136.65046489172795, 35.12491287419929], [136.65138358523407, 35.12502448686735], [136.65268500082155, 35.12516205695534], [136.65372189772884, 35.125680350378076], [136.65420660021232, 35.125377158918525]]]}}, {"type": "Feature", "properties": {"rowId": 285, "city_name": "桑名市", "town_name": "多度町中須", "households": 46, "population": 151, "e_stat_code": "242051680"}, "geometry": {"type": "Polygon", "coordinates": [[[136.66017792207242, 35.132235857340554], [136.66020178004285, 35.131915013729206], [136.6601912647565, 35.13184443461474], [136.66002221802438, 35.13180183455853], [136.65996242300028, 35.13176955413894], [136.65999740201596, 35.12851736166075], [136.66210807771358, 35.12852210218751], [136.66212234568107, 35.12643485173733], [136.65998842002438, 35.12643185579808], [136.65794204603384, 35.126427222710426], [136.6579345135208, 35.12587985326633], [136.65548051567984, 35.12588992946017], [136.65548276278457, 35.12537877519249], [136.65420660021232, 35.125377158918546], [136.65372189772884, 35.125680350378076], [136.6542234150058, 35.126048426603006], [136.6542814619285, 35.126104030038725], [136.65431866355127, 35.12616833796945], [136.65435689036056, 35.12636609522447], [136.65438572782682, 35.12669721725214], [136.6543693630271, 35.12694463740519], [136.65433499313917, 35.127228775765445], [136.6542409608185, 35.1279090940687], [136.65418845291813, 35.12854608824809], [136.65415185278334, 35.128884044027636], [136.65418904670562, 35.12895264798105], [136.65420061289953, 35.12908596947165], [136.6542291737684, 35.129382655577594], [136.65429957130615, 35.12967482007772], [136.65433226152877, 35.129833873206415], [136.65442857238008, 35.1300914591954], [136.65454875770527, 35.130381241466665], [136.6547505663794, 35.13073720322415], [136.65485153234948, 35.13091736624521], [136.6549470881588, 35.13108037591307], [136.65500873411395, 35.13125856844656], [136.6550574996879, 35.13146049394492], [136.65517446329955, 35.131679304763416], [136.6553000628476, 35.13185264416373], [136.6555096038918, 35.13200658387051], [136.65575629927733, 35.13207412249628], [136.65616575291668, 35.132196625430936], [136.65650659469424, 35.13225076362643], [136.65671618791134, 35.132266809830085], [136.65744751050832, 35.1323596017841], [136.65786666655285, 35.13238746579271], [136.6583747794206, 35.132401885079425], [136.65875154247678, 35.13236546710361], [136.6590811228626, 35.13232493865305], [136.65921700914294, 35.13228976068762], [136.65951531315997, 35.132266655516204], [136.6598788787582, 35.132215164339485], [136.66004118976429, 35.13221427884065], [136.66017792207242, 35.132235857340554]]]}}, {"type": "Feature", "properties": {"rowId": 290, "city_name": "桑名市", "town_name": "多度町力尾", "households": 87, "population": 259, "e_stat_code": "242051730"}, "geometry": {"type": "Polygon", "coordinates": [[[136.62395936100683, 35.11858646648489], [136.62400040198557, 35.11857357691243], [136.62405178182001, 35.11857331107832], [136.62699440799872, 35.11858129048411], [136.6273661254144, 35.117791641830074], [136.62653906580974, 35.11751515207033], [136.6263403350434, 35.117228423204025], [136.62615564640268, 35.117134941292704], [136.6259681068537, 35.11704386728003], [136.62557852818597, 35.11684285060954], [136.6252640817405, 35.11669341712572], [136.6250144960559, 35.11656371861972], [136.62489584045454, 35.11645806200949], [136.6247699051786, 35.11634187807464], [136.624620206056, 35.11612194006935], [136.62455359479964, 35.115979673510545], [136.62446822743277, 35.11579454450644], [136.62440946331438, 35.11562491216291], [136.62439977516817, 35.11549037930702], [136.62440743807326, 35.11536054555372], [136.62444611805674, 35.11515730931001], [136.62451083843996, 35.114979924107715], [136.62457577322752, 35.11484768101643], [136.62465688620614, 35.11490832037332], [136.62478073827737, 35.11494310288318], [136.624867061831, 35.11495681121194], [136.624993514104, 35.114956156035056], [136.6250536897487, 35.114929857216865], [136.62511357055797, 35.11487053036341], [136.62517871176547, 35.11474272268107], [136.62521475485752, 35.11457020478652], [136.62522278939278, 35.11449466705832], [136.62520897105372, 35.11438022635595], [136.62526064192798, 35.11436812703274], [136.6252890441447, 35.11432790771292], [136.62527511779138, 35.114227412914836], [136.62531605990608, 35.114201917374345], [136.6252999215007, 35.114109039443925], [136.6251591334675, 35.113843702426486], [136.62542470277063, 35.11362273853908], [136.62560838730016, 35.113452835266855], [136.62572528103652, 35.11327905324774], [136.62586777613254, 35.113096756539775], [136.6259413350153, 35.11297172175275], [136.6259711800589, 35.112840646475675], [136.6259844676171, 35.11256183296079], [136.62601869758865, 35.1123378437084], [136.62595629343633, 35.112241050302636], [136.62584243630363, 35.112140228445], [136.6256641483667, 35.11200811967467], [136.62550954652434, 35.11195828561491], [136.62532921367924, 35.111900063279], [136.62524156223662, 35.11185826238694], [136.62521025926824, 35.11179933822287], [136.62536620069636, 35.11135928356049], [136.62539035381243, 35.11115647183541], [136.62536583750753, 35.11097708320118], [136.62531913886312, 35.11092239234311], [136.62522625229514, 35.1108680124086], [136.62512821107018, 35.11081781370642], [136.62506066530196, 35.11072104549609], [136.62501150479417, 35.11034536527118], [136.6249695393856, 35.11023156325624], [136.62490233973477, 35.11018549998785], [136.62477869903074, 35.11014388471609], [136.62468599576317, 35.11011901139291], [136.62464457918185, 35.11007697014565], [136.6246183869431, 35.11001379261804], [136.62455953832654, 35.109709996971084], [136.62423295155259, 35.10901270770436], [136.6240809529009, 35.10862495203792], [136.62395110504713, 35.10844399494428], [136.62390890434693, 35.10830483910779], [136.623979486295, 35.108127140806864], [136.62419237119806, 35.10773742817652], [136.62433126898966, 35.10742211496213], [136.6248234311767, 35.10659600351873], [136.62483555521243, 35.10650086532261], [136.62483009148255, 35.10645870775021], [136.6248142442602, 35.106403857344844], [136.62472122109597, 35.106336729793796], [136.62464378651816, 35.10629071977021], [136.62450491943105, 35.10627453624341], [136.62442221342485, 35.10621158117666], [136.6243494335708, 35.10610216323896], [136.62431783892634, 35.106005208350375], [136.62431680329706, 35.10587006572191], [136.62433539513904, 35.105612350279515], [136.6244252121384, 35.105261303642145], [136.62446691541766, 35.10500558137438], [136.62444039841483, 35.10490014961437], [136.62440868640914, 35.104782067995004], [136.62437214588323, 35.104710422804345], [136.6243255932725, 35.10466847830431], [136.62420715599046, 35.104639511361555], [136.62404242476063, 35.10460233363437], [136.62386711881558, 35.104527249474025], [136.62377940232693, 35.10448122152953], [136.6237790788108, 35.10443896742746], [136.62382457626111, 35.10433738938014], [136.62388956014448, 35.10410056198498], [136.62391377985668, 35.10390613009404], [136.62390003779902, 35.103790068724585], [136.6238940226642, 35.10367607909658], [136.62387297186277, 35.103612804243745], [136.62383136534487, 35.10354548048057], [136.6237384108317, 35.103486802799075], [136.6235373380571, 35.1034034006002], [136.62340329663184, 35.10334493490007], [136.62335654010477, 35.10328186368095], [136.62333532857787, 35.10319746179086], [136.62335473253324, 35.103045311276325], [136.62334354736234, 35.102927123765674], [136.6233168499943, 35.10279211410583], [136.6232072481558, 35.102573091652104], [136.62316521471644, 35.10245506388342], [136.6231852959011, 35.10239157624323], [136.62324154987465, 35.102357481348434], [136.6233487648111, 35.10226403588298], [136.62352212652115, 35.102085737536115], [136.62357747682262, 35.10193340192839], [136.62362278098627, 35.101806472111384], [136.6236181290465, 35.10153408780991], [136.6236328424188, 35.10144111992199], [136.62368379239757, 35.10138592504576], [136.62391437416676, 35.10130029313473], [136.62412437015522, 35.101206315564106], [136.62426209697927, 35.101074682371355], [136.6243574774526, 35.10077854116111], [136.62438664565587, 35.10055873128933], [136.6243436106206, 35.100309787289454], [136.6242337289754, 35.10004858135822], [136.62406505692903, 35.09964605286764], [136.6240178463395, 35.099641015344716], [136.62349892555164, 35.098712098494566], [136.62296391810375, 35.09773417509698], [136.62288710083484, 35.0975435044257], [136.62282925238316, 35.09736837107045], [136.6228376339933, 35.0972314899263], [136.6228368858161, 35.09713346061804], [136.62281059700726, 35.0969787994446], [136.62275924066347, 35.096834479731534], [136.62270143406496, 35.09666448710822], [136.6226317782526, 35.09659251767614], [136.6224990827168, 35.09648488558532], [136.6224453293905, 35.09643607586341], [136.62236981260895, 35.09641582922116], [136.6221483035655, 35.096189915270834], [136.62197043357725, 35.09592229573403], [136.62173501502966, 35.095563557632396], [136.62145915633087, 35.09528369201316], [136.62094086600612, 35.09462822182655], [136.6206446279464, 35.09436543447424], [136.620602882848, 35.09433515430643], [136.6195509960256, 35.094690348763656], [136.6190792929981, 35.0948600245644], [136.61863304505323, 35.09500196283885], [136.61797324910498, 35.09522612332229], [136.61701167166314, 35.09563788931269], [136.61542680563187, 35.09647482486068], [136.61528338941838, 35.09656309565692], [136.61520556218306, 35.096627862470235], [136.61505041842014, 35.09681922932534], [136.6150199567423, 35.09693263176147], [136.6150153345513, 35.09715400893928], [136.61501689394828, 35.097360000905795], [136.6149672788161, 35.09742201890059], [136.61489259812635, 35.09748937553866], [136.614655072117, 35.0975575606985], [136.61453601379682, 35.09755816631821], [136.61430054374418, 35.09748463948032], [136.6135158395489, 35.09726720153191], [136.6134155885736, 35.09726771047355], [136.6133034509813, 35.0973506802157], [136.61310415846336, 35.09750621029729], [136.6129729042187, 35.09754286490189], [136.61289810590065, 35.097594798126885], [136.6128863736597, 35.09769782322886], [136.61290618892116, 35.09783667638544], [136.61284425258475, 35.0979296742785], [136.61274552140574, 35.098125893770344], [136.6126299641989, 35.09858468409898], [136.61247722009372, 35.09910042816091], [136.61242344398738, 35.09944565769988], [136.6123517550447, 35.099489756640935], [136.61214526602166, 35.09952686320576], [136.61198890731006, 35.09955857403235], [136.61183211800812, 35.09953873351736], [136.61170634077084, 35.099472464904544], [136.61155883906042, 35.09943454676562], [136.61143337281493, 35.09940947612679], [136.6113391821603, 35.099384177064124], [136.61125727179788, 35.09932282582721], [136.61123796204984, 35.099250805146326], [136.6111989105585, 35.099060565041505], [136.6111233753834, 35.099009394533894], [136.6110106108805, 35.09900996529439], [136.6108541722284, 35.09903653313272], [136.61075365347892, 35.09899584115708], [136.6107034878785, 35.09899095366481], [136.61063397552175, 35.09890890470852], [136.6105708703727, 35.09885259894324], [136.61049487014975, 35.09873966407155], [136.61042496538687, 35.09861127503357], [136.61037464977997, 35.0985806812083], [136.61034336635035, 35.09859112187296], [136.6102999654641, 35.0986479661916], [136.61020647226815, 35.09871541608805], [136.6099821924971, 35.09887614012734], [136.6097635425164, 35.09895964535624], [136.60959467160038, 35.09899655753805], [136.6093943714835, 35.09901813813824], [136.60928786781815, 35.09901867784704], [136.6091874317443, 35.0989883390346], [136.6090993474502, 35.09893730146378], [136.60903671515052, 35.09893761871045], [136.60903099802914, 35.09901483732149], [136.6090006474987, 35.09914366449135], [136.6089701834132, 35.09925713771286], [136.6089993975356, 35.09939340978339], [136.60905694088217, 35.09954763847141], [136.60913290140337, 35.099650220152235], [136.60912765297732, 35.09978413187926], [136.6090475268498, 35.09995955206666], [136.60898112360834, 35.10005672761184], [136.6089491044561, 35.100083370903796], [136.60890077154565, 35.10008805268517], [136.60885691561128, 35.1000846130477], [136.6085336788809, 35.09996116843784], [136.6084674443701, 35.09996150365152], [136.60836930312956, 35.100003200967045], [136.6081297214105, 35.1000485711421], [136.60802802759952, 35.10009620270723], [136.60797916161283, 35.10014419981949], [136.60792422263086, 35.10022244256458], [136.60786686737092, 35.100332318817834], [136.60771877673596, 35.10064344605015], [136.60763236607607, 35.100878128143], [136.6075710822996, 35.101058665058765], [136.60750273068194, 35.101136270038225], [136.60732115511075, 35.101147470029716], [136.60717700068562, 35.101137915618885], [136.60707647739292, 35.10110236386342], [136.60697565306833, 35.1010204720992], [136.60691550869265, 35.10093583835242], [136.60685816368476, 35.100807384421664], [136.6068025159892, 35.10063659486748], [136.60673151364097, 35.10050947750161], [136.6066561922067, 35.10047492502716], [136.60657872664794, 35.100485598468836], [136.60647889414506, 35.10051899172012], [136.60636780083013, 35.100553428239074], [136.60616206982505, 35.10063982571066], [136.60555901120577, 35.10096761061426], [136.60509347818132, 35.10127829120363], [136.60485811806387, 35.101425052179906], [136.60438477506906, 35.10179816928967], [136.60419859018018, 35.102035956229535], [136.60416827134694, 35.102169994013465], [136.6041628986368, 35.10228841100598], [136.60418846135642, 35.10235526069916], [136.60421448498855, 35.102483802449264], [136.60420243089797, 35.10255084067133], [136.60415906376213, 35.10261282512019], [136.60404027607223, 35.10264434030966], [136.6040183760818, 35.102649238962115], [136.60394643016613, 35.10266537650371], [136.60388567673198, 35.10291802756922], [136.60390317911384, 35.103162467853615], [136.60388567685587, 35.10333764137505], [136.6038612653806, 35.10342530582477], [136.60375541403843, 35.10350823874324], [136.60361190496488, 35.10358614907288], [136.6034740769926, 35.1035868413003], [136.6033360581661, 35.103561828530516], [136.60319174607838, 35.10353163492624], [136.6029784570788, 35.1034966459713], [136.60288434859433, 35.10347655247752], [136.6026778973463, 35.1035136473831], [136.60254667020547, 35.103560647921164], [136.60247854260416, 35.10366395540629], [136.60241662855182, 35.10376723228175], [136.602373873559, 35.10391161377714], [136.60235598287568, 35.104035305499195], [136.60237006920661, 35.104241168364794], [136.60246621003944, 35.104534161747594], [136.6024801208192, 35.104624380735224], [136.602503516772, 35.104768500894465], [136.60251230540402, 35.104832617693816], [136.60259213529469, 35.10504075529472], [136.6026252168879, 35.10527744016742], [136.60260195888935, 35.105514408319074], [136.6025030832806, 35.10570027225424], [136.60241695008963, 35.10591177808425], [136.60234905296804, 35.10604600334823], [136.60236835628854, 35.10611802524359], [136.6024130338097, 35.10622590927767], [136.60247655314157, 35.106344050573334], [136.6024650384276, 35.10647792300086], [136.60240323873393, 35.10659669390919], [136.6022032264519, 35.106659463016534], [136.60203027428815, 35.10671378607541], [136.60195324546794, 35.10673797790259], [136.60173450082857, 35.10681112290566], [136.60160031172333, 35.106881309336096], [136.60155221262931, 35.1071544607617], [136.60155938625434, 35.107278027528785], [136.60163542286838, 35.107390895386445], [136.60183731040206, 35.10758039191612], [136.60232076941725, 35.108561427782824], [136.60234045960817, 35.10867978952755], [136.60231662280816, 35.10884464199451], [136.60229949758846, 35.10907129583335], [136.6023162345584, 35.109212843355486], [136.60234797570212, 35.10926930887256], [136.60242358792644, 35.109330694051934], [136.60252407703572, 35.10936110700841], [136.60265565321342, 35.109365586765186], [136.6027497728705, 35.10938053784374], [136.60280635017523, 35.109406030088024], [136.6029614863647, 35.10943870264385], [136.60306483656314, 35.10947910206878], [136.60314494173795, 35.1095224344029], [136.60322514649386, 35.109584782909096], [136.60329215081762, 35.109652690648005], [136.60335587597112, 35.109728854396984], [136.6034096188763, 35.10980499847636], [136.60344331201307, 35.109870397528745], [136.6034679637563, 35.109912459912856], [136.60355581558173, 35.1100006167331], [136.6036130865293, 35.11009618107272], [136.60362429796277, 35.11017458109358], [136.60368560209312, 35.11033407441404], [136.6037322714903, 35.110432649477055], [136.60382133537925, 35.11052227882471], [136.60400588319055, 35.110620088228565], [136.60425776712273, 35.11073798286995], [136.60444561114244, 35.11080091287869], [136.60457659522086, 35.11082349310263], [136.6047286592221, 35.11082857157095], [136.6049160051102, 35.11082473749711], [136.60501840802624, 35.11081260023733], [136.6050431733488, 35.1108124751469], [136.60507156111998, 35.110826839919994], [136.60515177910005, 35.110879466950124], [136.60519533803057, 35.110922982096085], [136.60522891154272, 35.11097190075016], [136.6052443261512, 35.111027813640874], [136.6052630169672, 35.11108645555876], [136.6053050079096, 35.11114357225199], [136.60534513101823, 35.11117470934754], [136.60541198089643, 35.11121571318868], [136.60548108435785, 35.11122571619972], [136.6056791666956, 35.11123633575011], [136.60604881804812, 35.1112649604387], [136.60632833307145, 35.11129552041264], [136.60653704129996, 35.111311859236885], [136.606707106835, 35.11136332505925], [136.60689859668554, 35.11143785329293], [136.60708638089872, 35.111497962823336], [136.60746901421834, 35.11160645165902], [136.60767466166354, 35.11168379138671], [136.60810387670958, 35.111879227404664], [136.60833994222077, 35.11200725895952], [136.60858805668872, 35.11209607281356], [136.6088360842454, 35.11216749152328], [136.60902735987673, 35.112218775460185], [136.60937072411957, 35.11227808757317], [136.6095903007113, 35.11232633948304], [136.60975334455853, 35.112383613935556], [136.60998730449035, 35.11246376833109], [136.61031537926297, 35.11260880070178], [136.61054229187735, 35.112691947649495], [136.61070188911125, 35.11275790120352], [136.61092197321406, 35.11287883026362], [136.61104279504752, 35.11295667103108], [136.61117821402286, 35.113101270323284], [136.61131372144115, 35.113257419909274], [136.61139223299557, 35.11335582733679], [136.6114459344521, 35.1134427412027], [136.61151028401906, 35.113538263238624], [136.61159597300932, 35.113651142246646], [136.61187846899867, 35.113837108068985], [136.61226857002774, 35.114000692769885], [136.6125735869394, 35.11412696158564], [136.6126766071108, 35.11419038255987], [136.61273737853475, 35.114283034674656], [136.61276670861437, 35.11442232846475], [136.61280710008737, 35.114619736318986], [136.61286209214794, 35.11487798842511], [136.6129197460929, 35.11502298254167], [136.61306272256817, 35.115231417583175], [136.61319839156664, 35.11540798691054], [136.6134052642887, 35.11564511147381], [136.61358317942185, 35.1157982237727], [136.61367574746833, 35.11588486828421], [136.6137477862852, 35.11606176117184], [136.61385384518948, 35.11629510305552], [136.61397928125723, 35.116518134110095], [136.61411807263704, 35.11663658524625], [136.61434175172604, 35.116760378821944], [136.61459006903146, 35.116872354998705], [136.61481337892548, 35.11694678050161], [136.6150809844826, 35.11703111977944], [136.61529349193333, 35.117082359536354], [136.61541388591544, 35.11710787084651], [136.61552705488162, 35.117107291444825], [136.61571062114072, 35.117071490412144], [136.61597863579377, 35.1169829302837], [136.61624293963374, 35.11686825936554], [136.61639459998733, 35.11681811361076], [136.6165129616801, 35.116807365296545], [136.6167959730494, 35.116826196346764], [136.61710390662597, 35.116871096805404], [136.61727746052554, 35.1169109126918], [136.61745132348054, 35.116991361557105], [136.61764663984283, 35.11710367398819], [136.61771807031323, 35.1171991570282], [136.6177969465661, 35.117344040944005], [136.61787195785087, 35.11744246337865], [136.6179890392662, 35.11749996371329], [136.61817309002024, 35.11752225806772], [136.61836043302887, 35.117515448643566], [136.61857258786137, 35.117520203109336], [136.618967823513, 35.11765035814373], [136.61923733919778, 35.117759327954616], [136.6194896881374, 35.11793240353501], [136.61960674843695, 35.11798116842614], [136.61980129446664, 35.11799178586231], [136.6200770843422, 35.117990363639485], [136.62047305239506, 35.11799120804322], [136.62066430719742, 35.118030927068816], [136.62096913667628, 35.11813393567149], [136.6214601607442, 35.118304294420135], [136.62168341152665, 35.1183699040571], [136.6219208943186, 35.11844713092971], [136.62205189792286, 35.1184755385543], [136.62219004165974, 35.11850679902184], [136.62244825219526, 35.11851997502953], [136.62267090781617, 35.118507204870966], [136.62284762982102, 35.11850044756133], [136.62302804019436, 35.118511135511795], [136.62339430132315, 35.11862734753115], [136.62354365018334, 35.118661013859096], [136.62365167553986, 35.118676723754795], [136.6238159483472, 35.11865052082753], [136.6238620577583, 35.11863338007186], [136.62395936100683, 35.11858646648489]]]}}, {"type": "Feature", "properties": {"rowId": 288, "city_name": "桑名市", "town_name": "多度町北猪飼", "households": 66, "population": 186, "e_stat_code": "242051710"}, "geometry": {"type": "Polygon", "coordinates": [[[136.62629089797218, 35.127721033117474], [136.62632036654844, 35.127551369367744], [136.62631084302177, 35.12723183262082], [136.62629473593634, 35.126976205452216], [136.62620031262216, 35.126651335035284], [136.62595154536297, 35.125799927839154], [136.62591739205146, 35.12526988011879], [136.62572939545674, 35.124730486942276], [136.6256092203862, 35.12427792620541], [136.6256141066971, 35.12399317227527], [136.62561165370303, 35.12367359659069], [136.62565207218563, 35.12340605442908], [136.62563336858375, 35.12327544271377], [136.62557696434828, 35.12306798104765], [136.62552221544829, 35.12284748270713], [136.6254221069652, 35.12270271506472], [136.62525569590457, 35.12267456315869], [136.62492320381457, 35.12265593320485], [136.62464549168118, 35.12263849707888], [136.62440450198395, 35.12257002400104], [136.62418463531736, 35.122483976330216], [136.62408166035837, 35.12242929596413], [136.6238826305466, 35.122293841420536], [136.62365565136815, 35.12220782960872], [136.62358500822873, 35.122216926950365], [136.6234226876729, 35.12225840111185], [136.62322317888461, 35.12229577181577], [136.6230816940811, 35.12228776945872], [136.62291875202195, 35.122247975814076], [136.62279463426563, 35.1222020658252], [136.6227279634249, 35.122142126312326], [136.62268847475625, 35.12212296331477], [136.62258408931834, 35.12211864279238], [136.622475823076, 35.12212821590905], [136.62222509465292, 35.12217021560506], [136.62210495300914, 35.12217949696727], [136.6219209783755, 35.122163053466984], [136.62176522210473, 35.12214350640749], [136.6215634397212, 35.122112577039736], [136.62131918789345, 35.122076092015185], [136.6210678182597, 35.12203379800899], [136.6207846763392, 35.12199455553683], [136.62052082678917, 35.12193929569319], [136.62022756163256, 35.12189890695352], [136.61982683115025, 35.12186618349621], [136.6196022682683, 35.12184311506267], [136.61937381682816, 35.12182168602166], [136.6192694503322, 35.121814125429594], [136.61922281542806, 35.12163816263237], [136.61909248895685, 35.12149636384746], [136.61871478329778, 35.12110899982636], [136.61852958046694, 35.12093565192743], [136.61810300376425, 35.120635652474675], [136.61736753783123, 35.120165895735965], [136.61674202212257, 35.11973908902839], [136.6162299471709, 35.119352399389925], [136.6158389575538, 35.11908129095004], [136.61540523814318, 35.11876976346948], [136.61485861388644, 35.118487826979326], [136.6144895026432, 35.118303789181745], [136.6142409392483, 35.11815977078364], [136.61399193839918, 35.117963496702004], [136.6137179305366, 35.117729531396144], [136.61356857480675, 35.117614090493085], [136.61341271983764, 35.117574250503694], [136.6132714863782, 35.11760398620429], [136.61310148937568, 35.117564217409296], [136.61300219756743, 35.11752401740193], [136.612888241311, 35.11741424048163], [136.61283835317028, 35.11736216809711], [136.61276734450658, 35.117327669074974], [136.61254052294896, 35.117253257682], [136.6123703521668, 35.11719024853475], [136.61226377311334, 35.117126843759955], [136.61214261536745, 35.11699963704291], [136.6120573774398, 35.1169477448688], [136.61192234027766, 35.116855469627744], [136.61181576326558, 35.116792134906795], [136.61170237625794, 35.11675785092631], [136.6114688353654, 35.11672995358423], [136.6113194875533, 35.1166203556425], [136.61073610491525, 35.11614682053936], [136.610380198236, 35.115834881943385], [136.61015229628208, 35.115615184048444], [136.60986674747312, 35.11525640632506], [136.6096816186337, 35.11508304128217], [136.60949317265158, 35.11494159797943], [136.60936521468642, 35.114849286745134], [136.60925165947063, 35.11479753778395], [136.60904675634126, 35.11481604476424], [136.60883456515924, 35.11480550208672], [136.60867863206298, 35.11475981377434], [136.60847351259855, 35.11474923456881], [136.60826843559371, 35.114744430801935], [136.60807706727243, 35.11468730083686], [136.60785720145418, 35.114601299276174], [136.60760922891873, 35.11453283551994], [136.60744605448565, 35.11445809618079], [136.60729663270027, 35.114336806144024], [136.6071969181243, 35.11423857493266], [136.60699869601945, 35.114204718584205], [136.60680789160472, 35.11422308003694], [136.60663144316143, 35.11426467931844], [136.60644852706776, 35.11438758196847], [136.6062587551348, 35.1145454499574], [136.6061388654717, 35.114586762831046], [136.6060398413536, 35.1145814177925], [136.60590490496898, 35.11450075882694], [136.60583347204167, 35.11440815852252], [136.60577544780628, 35.1142109087738], [136.60565418089007, 35.114066234303124], [136.60536323446556, 35.11392826245176], [136.60510444662805, 35.113833650968516], [136.60491355561257, 35.113834614879835], [136.60477909806227, 35.11381789860825], [136.60460903000012, 35.11377227572201], [136.6043892163055, 35.11368619888971], [136.60418319827355, 35.113559416236775], [136.60384893896952, 35.11329383734384], [136.6035639978046, 35.1130105443632], [136.60334380133241, 35.112872211864804], [136.6030883437801, 35.11275145214119], [136.60301717531684, 35.11268786389723], [136.60298829545198, 35.112606668279845], [136.60292325515883, 35.112415299092895], [136.60272380229063, 35.11221868961601], [136.60256771147334, 35.11214397937829], [136.60231864759976, 35.11207044086345], [136.60223879481052, 35.11212528157765], [136.60203705220556, 35.11211819650038], [136.6015490201539, 35.11220818773782], [136.60135547345124, 35.11230183848736], [136.60129335875538, 35.11237426553772], [136.60126912290443, 35.11248763056551], [136.60130764461704, 35.11261617456469], [136.6013041850221, 35.11299719045838], [136.60138681109206, 35.11315642905963], [136.60143185208543, 35.113320927488424], [136.60154493031362, 35.11336155777556], [136.60167636711844, 35.11334026316842], [136.6019083276223, 35.11335973242311], [136.60218776545776, 35.11344326120494], [136.60242048378515, 35.11356568659533], [136.60263416945187, 35.11365215025724], [136.6027915391268, 35.113754320039476], [136.6028799310954, 35.1138465552527], [136.60292433855744, 35.11391837666321], [136.60297499756936, 35.113995378060956], [136.60303802853588, 35.114041400007906], [136.60309487177764, 35.11410287727394], [136.6031579729166, 35.114164392344975], [136.60319608017048, 35.11423624540814], [136.60330996079855, 35.114384973339085], [136.60345516186277, 35.11453361390609], [136.6034999880679, 35.1146620554402], [136.60348155752598, 35.114713628480615], [136.60350749777976, 35.114831952929286], [136.60359566515825, 35.114893271747235], [136.6037215279514, 35.11496989416264], [136.60388508543582, 35.11505660861666], [136.60396857107813, 35.11513928963189], [136.60405031833037, 35.115230430388586], [136.604162778073, 35.11536634811945], [136.6042180743642, 35.11544431176732], [136.60431221341688, 35.11556539052058], [136.6043860360847, 35.11567988182117], [136.60441905839744, 35.11576457823947], [136.60444188620502, 35.115832704609915], [136.60446672480623, 35.115905821579794], [136.60447740686632, 35.115936614507284], [136.60457161187261, 35.115961914518294], [136.60467832533607, 35.115987081493245], [136.6047537137933, 35.11601761787798], [136.6048168562598, 35.11608420385218], [136.6048738186418, 35.116161172945546], [136.6049120894676, 35.11624851787181], [136.60499407904055, 35.116320149220996], [136.60508869782083, 35.11640721030322], [136.60517679512375, 35.11645824706359], [136.60527122406643, 35.11651960377117], [136.60545974366352, 35.1165906964291], [136.60559175057685, 35.11665179273208], [136.60563790808737, 35.11668127968314], [136.60570847546526, 35.11672043144183], [136.605783434256, 35.1167564633562], [136.60589358925301, 35.116794429060114], [136.60599404721023, 35.11682483881623], [136.6060822584919, 35.11689136780292], [136.60623984027433, 35.11701409734956], [136.6063093939832, 35.117101284864226], [136.6063791448564, 35.11720903567664], [136.60640800916659, 35.11729903465783], [136.6064273520516, 35.11737612345091], [136.6064776398945, 35.117396504460544], [136.60658416859073, 35.11739596573278], [136.60672839309427, 35.11741065891697], [136.60682259498066, 35.11744109925887], [136.60689184966182, 35.11748194793893], [136.606948663082, 35.11753828334859], [136.60703080763338, 35.11763568854964], [136.60708834857124, 35.11778984115664], [136.60715817885514, 35.11790794452366], [136.60721495403178, 35.11795913789206], [136.60732163689102, 35.11797916275592], [136.60746601408636, 35.11801448981242], [136.607591621229, 35.11805505287052], [136.60765457534757, 35.11809593317065], [136.6076736579436, 35.118131894576656], [136.60767454010897, 35.118250275492926], [136.60767538449966, 35.11836358648435], [136.60773239050573, 35.118445625640675], [136.60779199095398, 35.118548004735125], [136.60785923456982, 35.11867520600686], [136.6079103612249, 35.11878459963195], [136.60794252995592, 35.1188976815658], [136.60797439144204, 35.11896963631598], [136.60813205992085, 35.11910264680654], [136.60822089215546, 35.11925157014728], [136.60822196785577, 35.11939572664472], [136.60818495879352, 35.11947824210782], [136.6081043058231, 35.119581683867665], [136.60804875299593, 35.11970035126284], [136.60804652968386, 35.119816213734964], [136.60807270876757, 35.119970523821706], [136.6081237657723, 35.120093859883916], [136.60815031976264, 35.12018379847553], [136.60818492789144, 35.12035961430379], [136.6082113007052, 35.120488498621526], [136.60823266868047, 35.12059001366169], [136.6082459763131, 35.12067332900264], [136.6082497683132, 35.1207567624175], [136.6082552435194, 35.120922162660285], [136.60826269324897, 35.12107656610866], [136.60828894933508, 35.12123601474495], [136.6083592030161, 35.12141587602469], [136.60846711737923, 35.12160068693277], [136.6085122632036, 35.12177553381622], [136.60859906494937, 35.122071158582], [136.60868777380117, 35.1224502983624], [136.6087130382692, 35.12266010559857], [136.6087174991628, 35.12278698871884], [136.60866789587664, 35.122899707633856], [136.6086120361106, 35.12297210545874], [136.60853709861493, 35.12300340149401], [136.6084368175541, 35.1230039094394], [136.60834909439035, 35.12300435370817], [136.6082805264523, 35.12305104030501], [136.608193761429, 35.123180145877214], [136.60814615016355, 35.12324975457056], [136.6081473573492, 35.12329658080698], [136.60816995590562, 35.12335020036483], [136.60822696727934, 35.1234323090599], [136.60825354239782, 35.12351893760697], [136.60825301328018, 35.12356872991808], [136.60819890287354, 35.123611540852345], [136.60811041142404, 35.12364156656055], [136.60805603912115, 35.12365479987641], [136.60800171407882, 35.12366880759763], [136.60794637204614, 35.12367267985205], [136.6079103525146, 35.12366997470356], [136.6078628468883, 35.123661552294394], [136.60812638534563, 35.125101949833564], [136.6080228699686, 35.12527275978124], [136.6079818669786, 35.12533212351965], [136.60791930032644, 35.1254310338529], [136.6077978595673, 35.12553735421221], [136.6077175552617, 35.125602339824866], [136.60766115801167, 35.12564924579209], [136.6075146755347, 35.12576555240047], [136.60746266503733, 35.125814267121925], [136.60735433578654, 35.12592052073396], [136.6073111977131, 35.12599243106197], [136.60728783362146, 35.12607832572881], [136.60725857103057, 35.12610833342992], [136.6071783065019, 35.126173246936084], [136.60711532522728, 35.126216594816114], [136.60707198744885, 35.1262616733632], [136.6070438144762, 35.12628864726721], [136.60701784333324, 35.12631751149444], [136.60698965724316, 35.126342724847966], [136.6069592723381, 35.126366189246525], [136.60684587548326, 35.126476975107444], [136.6068337210385, 35.12653112220914], [136.60683563997029, 35.12657618395978], [136.6068737419883, 35.126645500723434], [136.60697446841675, 35.12670421818409], [136.60706105128307, 35.12676850118816], [136.6071248484084, 35.126840786193355], [136.60716351684897, 35.12689974711138], [136.60716716620098, 35.12695261719323], [136.60715221483377, 35.12699389084048], [136.60713399059145, 35.12703884252339], [136.60712124783302, 35.12708904887196], [136.60716841794428, 35.12712113579966], [136.60720491263206, 35.127147078222215], [136.60724263625238, 35.12715977523956], [136.60732418217364, 35.12717478607497], [136.60740571327506, 35.127182120701114], [136.6075217967549, 35.12720209835962], [136.60765995811994, 35.127240062183986], [136.6078701050606, 35.12726984525893], [136.60795796874817, 35.12728742941053], [136.6080240474796, 35.1273205465974], [136.6080777237665, 35.12737436077097], [136.6081095695864, 35.127443708815136], [136.60811137070291, 35.12747848867407], [136.60807733481002, 35.12753528188449], [136.6080559657906, 35.12761257484633], [136.60805045442288, 35.12771302754028], [136.60806637193392, 35.127743863203136], [136.60814553483107, 35.1278593109144], [136.60823100018987, 35.127974725581325], [136.6083488597554, 35.128089202664526], [136.60839565438542, 35.12820298191959], [136.60847261698794, 35.128304705762346], [136.60870374461422, 35.128510085763786], [136.60891257517275, 35.128661704306225], [136.60908841744393, 35.128786517188836], [136.60918778064132, 35.12892073211701], [136.60937313326733, 35.12933239869297], [136.60949766543783, 35.129663316888866], [136.60969219876938, 35.130145501320186], [136.60973365558556, 35.130250643630966], [136.60975620872756, 35.13033792389561], [136.60956575135668, 35.13049494490068], [136.60944669011485, 35.13065723923233], [136.60940464481004, 35.130881959271655], [136.60949421981167, 35.131168899554716], [136.60964124923922, 35.13149878842163], [136.60982986903826, 35.13182551036451], [136.60987144781717, 35.1319409331906], [136.6098628474622, 35.13204632896784], [136.60983543618744, 35.13214674956605], [136.60978012855975, 35.13228836777479], [136.60976248723327, 35.13244007695276], [136.60976813946135, 35.13272117535181], [136.6097439174538, 35.13288735500671], [136.60981417423352, 35.13302629466956], [136.61001235074235, 35.13321395333334], [136.61082543956962, 35.13390877891145], [136.61090400999697, 35.13384640843697], [136.6111362783261, 35.13368001792572], [136.61136132323753, 35.133510636578016], [136.6115651625012, 35.13338269953696], [136.61172594847875, 35.13326969974575], [136.61186400269852, 35.133235054829726], [136.61192852550255, 35.13321409321258], [136.6120254285788, 35.1332017698782], [136.61215120270805, 35.133204089064], [136.61226975495833, 35.133209401482], [136.61241364059322, 35.13323226164155], [136.61261880319915, 35.13328734492983], [136.61278080154912, 35.13333074459271], [136.6129501336549, 35.13339776979162], [136.61316961001592, 35.133440946424834], [136.61330828297042, 35.13348890203898], [136.61341265091775, 35.13351196141914], [136.61350253112394, 35.13352333401425], [136.61361737106623, 35.13350795886247], [136.61374654735536, 35.13348962366269], [136.61387916639913, 35.13345056701161], [136.61402232390552, 35.133376103083506], [136.61409000054593, 35.13330195449925], [136.6141182288102, 35.133230965043964], [136.61412105394479, 35.13312764093582], [136.6141455680328, 35.13304195151921], [136.61419186694226, 35.132991574061876], [136.6142778130608, 35.13295867021459], [136.61432801977665, 35.13294362498555], [136.6143639576375, 35.13294639917037], [136.61440734181457, 35.13298160021769], [136.61447232618258, 35.13302260696207], [136.6145371795187, 35.13305178221173], [136.61460198886365, 35.1330691271715], [136.6146810671546, 35.13307463911394], [136.61474565433622, 35.13306839294072], [136.61479228291623, 35.13305639398875], [136.61484240159123, 35.13303543402843], [136.6148960519618, 35.132999737069746], [136.6149673976964, 35.13293444244198], [136.61504945344132, 35.13285733183342], [136.61513862220184, 35.132774199939576], [136.61523883678458, 35.13272354626752], [136.61533014903873, 35.13268617699869], [136.61534426265112, 35.13265364040611], [136.61544456539906, 35.13213664596395], [136.6154661032738, 35.13213357797979], [136.6156208550567, 35.13217116635564], [136.61565306068957, 35.13215628311092], [136.61587080826675, 35.13173164502382], [136.61610759165586, 35.13121690787205], [136.61622071555905, 35.13097435568402], [136.61659325233526, 35.13059321856335], [136.61699602386318, 35.13017502279137], [136.61724568913905, 35.12993761320311], [136.6176423002421, 35.12965818091578], [136.61818026220817, 35.129305695505764], [136.6191258404577, 35.12941005594713], [136.61934170737067, 35.12945908534121], [136.61957910939643, 35.12949919995649], [136.61973895764666, 35.12949689722686], [136.62017690765956, 35.129459216726595], [136.62060418792694, 35.12943334980647], [136.62095606365264, 35.129410898474376], [136.62125775813874, 35.12940638272183], [136.62145338283747, 35.129380300551766], [136.62175460568315, 35.12931381307562], [136.62189765848382, 35.129233425183735], [136.62205857532396, 35.12913519749621], [136.62230860518426, 35.12894792083549], [136.62262348620095, 35.128784041999516], [136.62285389153004, 35.128850670345294], [136.62300515547867, 35.12890305929687], [136.62314570759037, 35.12896134851422], [136.62325000897135, 35.128981444617125], [136.62332901454252, 35.12897807835226], [136.6234511367604, 35.12897456033048], [136.62396992629962, 35.128937935744396], [136.6242034359023, 35.12893961585048], [136.62433980233962, 35.1289212348958], [136.6244472753468, 35.12887933987853], [136.6245366335997, 35.12882282052838], [136.62461872150388, 35.12875154979358], [136.62472902733055, 35.128615272929075], [136.6248232096211, 35.128483445639056], [136.6249084022249, 35.12835314422371], [136.62498342398973, 35.1282937403175], [136.62510151395247, 35.12823404340237], [136.62523031786304, 35.12816851545991], [136.62531983215314, 35.12813262825088], [136.62541620610398, 35.12805240908823], [136.62546239987225, 35.1279842801075], [136.62550103247776, 35.12786900711148], [136.62556446082527, 35.12771226539653], [136.62577554942789, 35.127596027785685], [136.6259259982752, 35.127542147604075], [136.62629089797218, 35.127721033117474]]]}}, {"type": "Feature", "properties": {"rowId": 286, "city_name": "桑名市", "town_name": "多度町南之郷", "households": 45, "population": 167, "e_stat_code": "242051690"}, "geometry": {"type": "Polygon", "coordinates": [[[136.6693102364863, 35.134099379477725], [136.66934392496321, 35.1340365150074], [136.66982596343408, 35.133135869022205], [136.67022497172275, 35.13242948841144], [136.67059966401814, 35.1316645080056], [136.67068477956744, 35.13139670590433], [136.67067450230002, 35.131109925675766], [136.67069664098375, 35.13042190068514], [136.67080865399558, 35.129560556815264], [136.6708662529373, 35.128843038771016], [136.67087304041254, 35.128238129274045], [136.67077806595728, 35.12740145216769], [136.67070187585978, 35.12671242081803], [136.67061936713657, 35.126131102460455], [136.6705634227918, 35.125736895535006], [136.67050014103123, 35.124897154540086], [136.67053038040004, 35.124282883037], [136.67064348543377, 35.12389118785088], [136.67064894002826, 35.12369410855548], [136.6706331779373, 35.123491442901425], [136.67056006891158, 35.12317317560352], [136.67045055729068, 35.12272186604673], [136.67019212260342, 35.12216130709875], [136.66996244638963, 35.12185151143529], [136.6699424689671, 35.12182457881206], [136.6698819720721, 35.12174293839347], [136.66934128820432, 35.121160768229515], [136.66422092650342, 35.12120487326044], [136.66421367184347, 35.123836202538804], [136.66211917651736, 35.12383591263583], [136.66212234568107, 35.12643485173733], [136.66210807771358, 35.12852210218751], [136.65999740201596, 35.12851736166075], [136.65996242300028, 35.13176955413894], [136.66002221802438, 35.13180183455853], [136.6601912647565, 35.13184443461474], [136.66020178004285, 35.131915013729206], [136.66017792207242, 35.132235857340554], [136.66095641273364, 35.13238351278893], [136.66166436164028, 35.132500138455185], [136.6628495602548, 35.13270443084042], [136.66359640890786, 35.13277561900809], [136.66403652615776, 35.13280334583562], [136.6647021822428, 35.132872860585714], [136.66524739895738, 35.13294296310026], [136.66572729477608, 35.13302856442268], [136.66611033458923, 35.133121105835194], [136.66784786566524, 35.13362343850146], [136.6693102364863, 35.134099379477725]]]}}, {"type": "Feature", "properties": {"rowId": 292, "city_name": "桑名市", "town_name": "多度町古野", "households": 174, "population": 470, "e_stat_code": "242051750"}, "geometry": {"type": "Polygon", "coordinates": [[[136.59338415300314, 35.180941615228484], [136.59432880786886, 35.18086767844196], [136.5944265619145, 35.18088176804403], [136.59449311710821, 35.18088143578316], [136.59457713579746, 35.180840945594674], [136.59462562156028, 35.180796970228585], [136.59466945054243, 35.1807202719227], [136.5946621325318, 35.18062742048925], [136.59466126185427, 35.18050714284198], [136.59470531203863, 35.180466852071476], [136.5947539983397, 35.18044477713013], [136.59501076402614, 35.18036335298006], [136.59555547470464, 35.180207598489346], [136.5960382169354, 35.180081307119984], [136.59636554178644, 35.17993755265583], [136.59657790906417, 35.17984902263023], [136.59666610550323, 35.179775691431935], [136.59671867894542, 35.17968070802353], [136.59682435534975, 35.17956362682663], [136.5969233811202, 35.179452001436246], [136.59704241125124, 35.179349360122224], [136.59707736301036, 35.17927270455509], [136.59707675442806, 35.17918890337702], [136.5970449940777, 35.17909068145111], [136.59698216826072, 35.17899627699896], [136.59695510295927, 35.17893077745546], [136.5969678685997, 35.17885789527557], [136.5970203445677, 35.17875558839913], [136.59709515693956, 35.17866415486091], [136.59722245551853, 35.1784776712303], [136.59727510758347, 35.17839360468519], [136.59727465746622, 35.17833163405411], [136.59724463643317, 35.17816600544088], [136.5971542817347, 35.177947859357666], [136.5971088924542, 35.177809632237135], [136.59702339658367, 35.17764611279661], [136.59692017338665, 35.177486344783745], [136.59687076416245, 35.17740278786442], [136.59690986819697, 35.177289631390174], [136.59703300207622, 35.17713231892276], [136.59711648952634, 35.177018939632106], [136.59748346299898, 35.17683858097774], [136.597814983795, 35.176665722422996], [136.59794762787658, 35.17659576160426], [136.59806068295927, 35.176586111483736], [136.59827829628338, 35.17660692494405], [136.59846497919523, 35.17664965453393], [136.59865607956598, 35.176692431065185], [136.5988161868114, 35.1767426872104], [136.59896741642754, 35.17679291720296], [136.59914105359616, 35.1768758525962], [136.59934594134245, 35.17698046332577], [136.5994573803489, 35.177049132138904], [136.59951117042462, 35.17712175138101], [136.59956980326197, 35.17725265896627], [136.59962848582634, 35.177390748494716], [136.59972692547407, 35.17749962485709], [136.59982928746794, 35.17754643689181], [136.5999540895648, 35.177618699875374], [136.60004534860298, 35.177660144728165], [136.60020130450098, 35.17774683013563], [136.60037911290652, 35.17778960047482], [136.6004901660198, 35.17781094506036], [136.60058780960185, 35.177810454818264], [136.6006766125593, 35.1778209247144], [136.6008054873994, 35.1778457717314], [136.60089893516965, 35.17788178174418], [136.60102810494735, 35.17794669869945], [136.60111725294445, 35.17800456182062], [136.60115796286414, 35.17810633218053], [136.60118553266963, 35.178241057218564], [136.60124075807846, 35.17851036152918], [136.60127703564595, 35.17861581548626], [136.60133473998667, 35.17861918693219], [136.60137013839582, 35.17860443126115], [136.60139207120082, 35.17857157392512], [136.60144903139172, 35.17847290547668], [136.60153694623963, 35.178355841575495], [136.60167810604537, 35.17824217185276], [136.60181086770828, 35.17819417886934], [136.6019525320909, 35.178149732333445], [136.60209411670255, 35.17809437017897], [136.602160314068, 35.178039387350914], [136.60223494753185, 35.17792971237676], [136.60229859230944, 35.177836431216555], [136.60242197121633, 35.177719256870915], [136.6025234712456, 35.177642194417636], [136.60264248521773, 35.17753229552681], [136.60270845367134, 35.177451819128066], [136.60279172124365, 35.1773092821909], [136.602861350864, 35.17711948896577], [136.6029174840058, 35.17690786102666], [136.60293003114958, 35.17680582258415], [136.60288984294186, 35.176769544572906], [136.60280070430323, 35.176719006340534], [136.602618080179, 35.176621543832454], [136.60259553926008, 35.17657066929789], [136.6026352747497, 35.17654497526624], [136.60279940036253, 35.17654048648576], [136.60294158314616, 35.176561600819554], [136.60303014820207, 35.17653932307462], [136.6030786536252, 35.17649900615794], [136.60315363127907, 35.17643665410789], [136.6032062493508, 35.17634892098787], [136.60321010800126, 35.17627242010052], [136.60320079662532, 35.1762069015077], [136.60301632077466, 35.17586169430992], [136.6030559757077, 35.17582501366533], [136.6032246671296, 35.175835148958356], [136.60342996005298, 35.17569016450132], [136.60356624795455, 35.17551461202222], [136.60343247775484, 35.17542415745909], [136.60337422661232, 35.17535156114209], [136.60331799557588, 35.17524437708424], [136.60330832043078, 35.17513512646235], [136.60339486776948, 35.17513652013463], [136.6034793582238, 35.17516158745194], [136.6036884246077, 35.17523342220804], [136.60383531655262, 35.17529458330769], [136.6038979941936, 35.17537441085015], [136.6040139218792, 35.1754467144752], [136.6042029390869, 35.17550956437877], [136.60425614433376, 35.17550197127935], [136.60457877490268, 35.17532913698814], [136.60475568940416, 35.17524443694483], [136.604888232996, 35.17516721435512], [136.60491901395525, 35.17513064830553], [136.60491869385294, 35.17508691652393], [136.60490936380418, 35.17502498969842], [136.60486434129945, 35.17493781949889], [136.6047562405165, 35.17471610506555], [136.60469456285634, 35.1744740851533], [136.60463491381236, 35.174204799389976], [136.60463818471302, 35.174048087170455], [136.6046641214185, 35.17395323429102], [136.6047567402918, 35.173876213638785], [136.60491585853063, 35.17379160253186], [136.60515912262252, 35.173684733335215], [136.60524756389117, 35.173640551470804], [136.6052247118963, 35.173553199262024], [136.60516607850852, 35.173422364717425], [136.60513263178362, 35.17309463495808], [136.60517052725012, 35.172817532172715], [136.60530603339157, 35.17253627217842], [136.60546938036552, 35.172426144700665], [136.60563084571243, 35.172357928895764], [136.60582562651703, 35.17229496719374], [136.60593148470255, 35.17221062440218], [136.60601888667665, 35.17202440004065], [136.60604626187305, 35.17182200009012], [136.60598523681313, 35.17076205879649], [136.60581603176828, 35.17007789115592], [136.60569863034735, 35.16979791113628], [136.60539279181742, 35.16941592017387], [136.60525882826175, 35.16931004463523], [136.60495818792378, 35.1690522604396], [136.60473106963948, 35.1688094559024], [136.6046516954313, 35.16869210592087], [136.60465444680418, 35.168605186128914], [136.60470843938074, 35.168512371770554], [136.60476923083428, 35.16842234043037], [136.60486110037036, 35.16826679630105], [136.60487379567715, 35.16810313120723], [136.60484485173575, 35.16795101667044], [136.60482529801212, 35.167810333963686], [136.60483558827875, 35.16769302207321], [136.60477851652163, 35.167593800246344], [136.604565447011, 35.16740705518788], [136.60439357428606, 35.16724806072157], [136.60419455402825, 35.16711174100088], [136.6040009540134, 35.16701877499259], [136.60376081827957, 35.166860197456465], [136.60364067985262, 35.16677390167029], [136.60349901773333, 35.166547497551115], [136.6033572581684, 35.16606735058722], [136.6033267053227, 35.16562452851627], [136.60335229619108, 35.1653888952481], [136.60339891531058, 35.165231609228435], [136.6034933263053, 35.16506576997838], [136.60367094793162, 35.16484471612707], [136.60388783898813, 35.16462212365338], [136.60401292922913, 35.164453310556524], [136.6040600406125, 35.16435771346991], [136.6040900020174, 35.16425664054269], [136.6041398679056, 35.164068490676], [136.6041769788719, 35.1637781465792], [136.6042050969104, 35.163419112396724], [136.60418700656157, 35.163279056335455], [136.60413511072386, 35.16318396469693], [136.60404401379057, 35.163098931495554], [136.60371658300153, 35.16268283452377], [136.60345807561347, 35.1623449115012], [136.60339537877243, 35.162174167663665], [136.60332814308467, 35.162086196108426], [136.6031389632032, 35.161899335973466], [136.60286755857203, 35.16166796248917], [136.60265769330104, 35.161450368732694], [136.60246391185592, 35.16110094390103], [136.60233042909812, 35.16082261766563], [136.60220861238702, 35.160509233180825], [136.60210766280437, 35.16024623255397], [136.60196644984413, 35.16007596948636], [136.60174086907045, 35.1598149400545], [136.60152385491358, 35.1595525282229], [136.60141320187867, 35.159362461142834], [136.60133055148415, 35.159033452350684], [136.6011795500016, 35.15846507750264], [136.60107495245734, 35.158165686072984], [136.60107138985563, 35.15791472374083], [136.60108353806623, 35.15771283662759], [136.60118111369633, 35.15751889566244], [136.6015860658346, 35.15664355596971], [136.60175054990202, 35.156267028202684], [136.60177656001557, 35.1560902814077], [136.60177047396604, 35.15595714732668], [136.6017009144321, 35.15578644729982], [136.60168663970612, 35.155699621018655], [136.60172390972568, 35.15566020740828], [136.6017954707427, 35.15564301444911], [136.60193510225227, 35.15560026661211], [136.6020199688509, 35.15553251403315], [136.60206396961422, 35.155481870523396], [136.60211125875378, 35.15541149149445], [136.6021244998716, 35.15535818701005], [136.60212410701288, 35.15530495050112], [136.60211681271304, 35.15524048276235], [136.6020971352563, 35.155118613453446], [136.6020654848309, 35.15498983366845], [136.60197599038673, 35.15489493735903], [136.60192145162327, 35.15490648079198], [136.60184301084487, 35.15491525850952], [136.60175407819693, 35.15489049752465], [136.60163089015813, 35.15485464304121], [136.60151768144115, 35.15477669672667], [136.6014692790721, 35.154695676582016], [136.6014448606976, 35.15462291405314], [136.60142321000052, 35.154465985784014], [136.60132156580877, 35.1540777769199], [136.6012640146877, 35.153907296759826], [136.60124322433646, 35.153744659831574], [136.601239314507, 35.153545811150856], [136.6012587988502, 35.15336789956902], [136.60122587800058, 35.15321736519565], [136.6012274041992, 35.15309285244503], [136.60132053619037, 35.15294266674175], [136.60148634603863, 35.152525990984884], [136.60156794667608, 35.15230656834533], [136.6015475123982, 35.1521921664229], [136.6014596529872, 35.15205697858509], [136.60144403016182, 35.15193248204856], [136.60148997062683, 35.151853941487765], [136.6015410196834, 35.151811501289714], [136.60167784252525, 35.15177862768741], [136.60183913252484, 35.15174365798677], [136.60198658309616, 35.151657562844505], [136.60207893401306, 35.15157068864279], [136.60209023498012, 35.151446056259374], [136.6020866185789, 35.15128734493618], [136.60218658937632, 35.15107085762259], [136.6023261355338, 35.15074473563647], [136.60241324293594, 35.15060964990203], [136.60251322963794, 35.15055266662242], [136.6027217073283, 35.15052196517368], [136.60286615834096, 35.150517995765085], [136.6030103844099, 35.15047768890262], [136.6031263474062, 35.150424357259084], [136.60321019230173, 35.15036463836111], [136.60329372324762, 35.150262104420044], [136.60334122822692, 35.1501696128606], [136.60339643892735, 35.15004081432263], [136.60343942628552, 35.149882501903896], [136.6034942962017, 35.149707579845646], [136.60362603579125, 35.1496080412082], [136.60371002638902, 35.14956810975483], [136.60381826345653, 35.14955439349891], [136.60388394657386, 35.149537511365985], [136.6039312488339, 35.149470019707756], [136.60396854696398, 35.14938314251124], [136.6040163623726, 35.14933839423696], [136.60409060123052, 35.14933639849715], [136.60416100525535, 35.14936075959464], [136.60424349442846, 35.14938998942607], [136.60432797205266, 35.14941589877757], [136.60441615672894, 35.149403902244664], [136.60447814276588, 35.14937394082486], [136.60456387815591, 35.14929773326708], [136.60461148048307, 35.14921840977698], [136.60460675512678, 35.149124562080296], [136.60460291578715, 35.14901169733645], [136.60460784578856, 35.14886674550993], [136.60491233679178, 35.148504788076224], [136.60503152158353, 35.14836052507095], [136.60514349845528, 35.14830228190016], [136.60522337329465, 35.14825082216427], [136.60527705830845, 35.148183016232814], [136.60533666062497, 35.14810363070486], [136.6054545718445, 35.14804204800992], [136.60563497399414, 35.14801317541876], [136.60579934853618, 35.14799093308506], [136.60586145397983, 35.14797737865963], [136.605901489029, 35.14795907779452], [136.60590138459781, 35.14792788138265], [136.60588769834507, 35.147862812230734], [136.6058709793665, 35.147770645379], [136.60587642971376, 35.14769646465132], [136.6059170273231, 35.14762126043258], [136.60597270914164, 35.14755675399802], [136.60605063383505, 35.147508613607634], [136.60614632501995, 35.14742242508669], [136.6061819064002, 35.14735309178773], [136.60619617654908, 35.147248373584404], [136.60620089993535, 35.147070466875476], [136.60623325424612, 35.14683805506429], [136.6063070440526, 35.14663747482919], [136.606552577409, 35.14626468771557], [136.6066494114139, 35.14613088951305], [136.60672122720712, 35.14607446983698], [136.6066947468185, 35.14601862049888], [136.60664619575672, 35.14596943183057], [136.60650099541775, 35.145871368534365], [136.60637983637557, 35.145766493530154], [136.60633612317977, 35.1456934074941], [136.60626287512906, 35.14555709269094], [136.60615930047442, 35.145389594460724], [136.60608769281185, 35.145341367481244], [136.6059209171614, 35.14531087627688], [136.60573995487255, 35.14525742970367], [136.60566951011222, 35.14523306862172], [136.60561891383307, 35.14517403134743], [136.60561451224996, 35.14511806855445], [136.60565424508252, 35.145065122489044], [136.60572614687504, 35.14502032243473], [136.60581218390283, 35.144985238619384], [136.605864145093, 35.144957018631956], [136.60589138412894, 35.14492448638987], [136.60588878019158, 35.14489161362555], [136.60586203390704, 35.14481125679978], [136.60579928498674, 35.14473742099615], [136.6057142362007, 35.14463405068007], [136.60567142661438, 35.1445437054524], [136.60566474138957, 35.14445141656447], [136.60565790353456, 35.144344410322496], [136.60566381851302, 35.14424607172807], [136.6056419259259, 35.1441494937563], [136.60558654183524, 35.14405731078104], [136.60553252483143, 35.14400504991856], [136.60545671943018, 35.1439455056753], [136.60538578912386, 35.14390720292321], [136.60528886427377, 35.143855511352555], [136.60518629059743, 35.14379328503245], [136.60508523798418, 35.143693305409535], [136.60501630983725, 35.14360140186061], [136.60496752296814, 35.14351432583621], [136.60492552294983, 35.14340003263731], [136.60492475499453, 35.1432963047415], [136.60493416519586, 35.14321224397938], [136.6049449051166, 35.1430359240014], [136.6049243668437, 35.142971732866705], [136.60489013483436, 35.142957117499684], [136.60485807191563, 35.14295727971674], [136.60480403507682, 35.14297727118229], [136.604738049316, 35.14301056291256], [136.60458990104894, 35.14305743792414], [136.60443545769752, 35.1430648385217], [136.60429779019387, 35.14303342212482], [136.60424127401896, 35.1429908913101], [136.6042127334651, 35.142928430542064], [136.60422997705012, 35.14281961207905], [136.6042888457864, 35.14250213462444], [136.60434377067634, 35.142335521229874], [136.60441334939486, 35.14211031269102], [136.60443826188114, 35.141948708994015], [136.60444155277048, 35.141854820073384], [136.60444476664966, 35.14174445338506], [136.60447314238485, 35.14165121167203], [136.60451878444488, 35.14158013669561], [136.60463023250588, 35.14145767183959], [136.60474594052695, 35.14136645345899], [136.60482170043778, 35.14129853549643], [136.60487946444405, 35.141243877463744], [136.60490723193766, 35.14119599078121], [136.6049217818333, 35.141129157472776], [136.60493490891986, 35.14100887977475], [136.60497570320373, 35.14082747764153], [136.6050607230279, 35.140655710497235], [136.6051303987712, 35.140582893189844], [136.60522237059882, 35.140539541545586], [136.60530463543404, 35.14053419540308], [136.60539100260206, 35.14055023734507], [136.60549769350237, 35.140595824119146], [136.60560033063035, 35.1406381214466], [136.60565468244087, 35.14066094484888], [136.6057029362566, 35.14067056027825], [136.60575101360516, 35.14066207699973], [136.60578506129087, 35.14065204611437], [136.60583297775725, 35.140622155308755], [136.60587285716306, 35.14058899589205], [136.60591057233833, 35.14053605937477], [136.60592829393838, 35.14048653281476], [136.60594584034723, 35.14041890922317], [136.60594619632755, 35.14033411980578], [136.6059421059744, 35.14025083120856], [136.60593151927816, 35.140112575305174], [136.60593411818596, 35.13991981694279], [136.60598122986394, 35.13978119968761], [136.60596069111054, 35.13971707871], [136.60590363173696, 35.139670043828446], [136.60577370656367, 35.1396126734004], [136.6055847844275, 35.13954208012303], [136.60548307935002, 35.139480763775545], [136.60546809668497, 35.13939682588837], [136.60550047504648, 35.13934673231923], [136.60555872887596, 35.13931186104408], [136.60568895376693, 35.13920169554092], [136.6057606536018, 35.1390898547106], [136.60583981015384, 35.13902994822378], [136.60596321818733, 35.138948620259505], [136.6060259722981, 35.1388906265588], [136.60608173994976, 35.13883851377361], [136.60608827183918, 35.138777002270764], [136.60600649637541, 35.13863424790538], [136.60597512000348, 35.1385076468706], [136.60598158103008, 35.13843071328135], [136.6060162163868, 35.138367158238445], [136.60613992276637, 35.13832618066934], [136.60629424814698, 35.138310047897306], [136.60641830962317, 35.13831132149588], [136.60653314403623, 35.1383396138402], [136.60662480092185, 35.13839288125304], [136.60667948003638, 35.138505983748374], [136.60669175284235, 35.13858275249577], [136.60671304198576, 35.1386153204691], [136.606764750648, 35.13864583243277], [136.60682095989412, 35.13865322373042], [136.60686072328764, 35.13865105050459], [136.6069684278767, 35.13866015323649], [136.60701524913185, 35.1386618168558], [136.60705255476884, 35.138640501269876], [136.6070662149648, 35.13859240433551], [136.60703751060754, 35.13850804352058], [136.60698800173304, 35.13845639341453], [136.60694992506996, 35.13837398141731], [136.60693391510304, 35.138267443754266], [136.60696137701652, 35.13818470032073], [136.60698911132127, 35.13813265835762], [136.60701904350432, 35.13807102843611], [136.6070420324227, 35.13801520828028], [136.60704384902107, 35.13794217213431], [136.60705027869543, 35.137861436087825], [136.60707650388582, 35.13777390915366], [136.6071274973843, 35.13770829937101], [136.60719483646955, 35.137638804556715], [136.60729732374136, 35.13757490515972], [136.60742088519828, 35.13751470225801], [136.60755862049356, 35.13746984981054], [136.60768019490462, 35.137453811791], [136.6077386754436, 35.137449712015325], [136.60778533874563, 35.137430250861335], [136.60783567470145, 35.13739724954867], [136.60788330757907, 35.137346726367674], [136.60791307000224, 35.13730812519394], [136.60791754639993, 35.13726472271171], [136.60791651362078, 35.13722388389576], [136.60790620540038, 35.13718090793318], [136.60787220358316, 35.13713910951548], [136.60782211303268, 35.137112744029224], [136.60776836805996, 35.13709660764319], [136.60770599390762, 35.13709586800951], [136.60763371300524, 35.137111656144725], [136.60756525306707, 35.137128340915034], [136.60750045549227, 35.13714197950925], [136.60743001534905, 35.137145927347824], [136.60737380344924, 35.13713804317683], [136.6073139039637, 35.13713017765535], [136.60723752842566, 35.13709676198842], [136.60713080686617, 35.137006106085735], [136.60705023932135, 35.136905106463246], [136.60702020177712, 35.13685448432771], [136.60702219581157, 35.13679405279206], [136.60702128227743, 35.13667117119457], [136.60704491297992, 35.13654612289468], [136.6070552647536, 35.136456421919895], [136.60707931879566, 35.13639383490326], [136.60711826785996, 35.136351313494025], [136.60719655425768, 35.13632471928234], [136.60732387857703, 35.13629787784819], [136.6074047291549, 35.13628739796252], [136.6074783242658, 35.13628702526389], [136.6075568222638, 35.13628866940425], [136.60767705726184, 35.136300173094334], [136.607831622232, 35.13630537645083], [136.60792471757588, 35.13629286178438], [136.60796141568554, 35.13627654947923], [136.60796616834494, 35.1362583557172], [136.60796577887749, 35.136205963010106], [136.6079507456187, 35.13616174371052], [136.60795275633546, 35.13610328191178], [136.6079695852543, 35.13605488647069], [136.60797159328123, 35.135996425236954], [136.60796871628827, 35.135937989309944], [136.60798538108003, 35.13587346729597], [136.608047056662, 35.13575730951081], [136.6080384078006, 35.13571249337212], [136.60802199271416, 35.13567806986371], [136.60797483742473, 35.135637181816584], [136.6078903435076, 35.1355726089878], [136.60785125146464, 35.13552639829618], [136.60786202431072, 35.1354533860613], [136.607877976086, 35.135425487620914], [136.60790998517226, 35.13538948071077], [136.60794851051708, 35.13535351010415], [136.60800133661854, 35.1352922567096], [136.60810901132228, 35.135217414325375], [136.60825203261385, 35.13511718186175], [136.60832450042716, 35.13508632140427], [136.6083922530802, 35.135072738980256], [136.60845220965035, 35.13506588512504], [136.60850606634332, 35.13505680918922], [136.60855985696116, 35.13504470538207], [136.6086101344905, 35.135044450414455], [136.60866765557444, 35.13505007420938], [136.6087432248583, 35.13506736704575], [136.60883324182421, 35.13509057247548], [136.60893408147828, 35.13512837086465], [136.60903856438375, 35.135166221087694], [136.60914667372907, 35.13521292607087], [136.60930167781947, 35.13528291404864], [136.60971807960044, 35.13499312469543], [136.6099750964788, 35.134776330246105], [136.61000670804012, 35.13467581773346], [136.61001609760032, 35.13459562854206], [136.61002673938648, 35.13450536310433], [136.61003691081635, 35.13439235404964], [136.61031695920732, 35.13436734315783], [136.61063636899627, 35.134327344403104], [136.61110450687372, 35.13423496936185], [136.61082570408524, 35.133944199655254], [136.61082543956962, 35.13390877891145], [136.61001235074235, 35.13321395333334], [136.60981417423352, 35.13302629466956], [136.6097439174538, 35.13288735500671], [136.60976813946135, 35.13272117535181], [136.60976248723327, 35.13244007695276], [136.60978012855975, 35.13228836777479], [136.60983543618744, 35.13214674956608], [136.6098628474622, 35.13204632896784], [136.60987144781717, 35.1319409331906], [136.60982986903826, 35.13182551036451], [136.60964124923916, 35.13149878842164], [136.60949421981167, 35.131168899554716], [136.60940464481004, 35.13088195927166], [136.60944669011485, 35.13065723923233], [136.60956575135668, 35.13049494490068], [136.60975620872756, 35.13033792389559], [136.60973365558556, 35.130250643630966], [136.60969219876938, 35.130145501320186], [136.60949766543783, 35.129663316888866], [136.60937313326733, 35.12933239869297], [136.60918778064132, 35.128920732116995], [136.60908841744393, 35.128786517188814], [136.60891257517275, 35.128661704306225], [136.60870374461422, 35.128510085763786], [136.60847261698794, 35.128304705762346], [136.60839565438542, 35.12820298191959], [136.6083488597554, 35.128089202664526], [136.60823100018985, 35.127974725581325], [136.60814553483107, 35.1278593109144], [136.60806637193392, 35.127743863203136], [136.60805045442288, 35.12771302754027], [136.6080559657906, 35.12761257484633], [136.60807733481002, 35.12753528188449], [136.60811137070291, 35.127478488674086], [136.6081095695864, 35.127443708815136], [136.6080777237665, 35.12737436077097], [136.6080240474796, 35.1273205465974], [136.60795796874817, 35.12728742941053], [136.6078701050606, 35.12726984525893], [136.60765995811994, 35.127240062183986], [136.6075217967549, 35.12720209835962], [136.60740571327509, 35.127182120701114], [136.60732418217364, 35.12717478607497], [136.60724263625238, 35.12715977523956], [136.60720491263206, 35.127147078222215], [136.60716841794428, 35.12712113579966], [136.60712124783302, 35.12708904887196], [136.60713399059142, 35.12703884252339], [136.60715221483377, 35.12699389084048], [136.60716716620098, 35.12695261719323], [136.60716351684897, 35.12689974711138], [136.6071248484084, 35.126840786193355], [136.60706105128307, 35.12676850118816], [136.60697446841678, 35.126704218184045], [136.6068737419883, 35.126645500723434], [136.60683563997029, 35.12657618395978], [136.6068337210385, 35.12653112220912], [136.60684587548323, 35.12647697510747], [136.6069592723381, 35.126366189246525], [136.60698965724316, 35.126342724847966], [136.60701784333324, 35.12631751149444], [136.6070438144762, 35.12628864726721], [136.60707198744885, 35.1262616733632], [136.60711532522728, 35.12621659481613], [136.60717830650188, 35.12617324693607], [136.60725857103057, 35.12610833342993], [136.60728783362146, 35.12607832572881], [136.6073111977131, 35.12599243106197], [136.60735433578654, 35.12592052073397], [136.60746266503736, 35.125814267121925], [136.6075146755347, 35.125765552400466], [136.60766115801167, 35.12564924579209], [136.60771755526167, 35.12560233982488], [136.6077978595673, 35.12553735421221], [136.60791930032644, 35.125431033852884], [136.6079818669786, 35.12533212351965], [136.6080228699686, 35.125272759781254], [136.60812638534563, 35.125101949833564], [136.6078628468883, 35.123661552294394], [136.6079103525146, 35.12366997470356], [136.60794637204611, 35.12367267985206], [136.60800171407882, 35.12366880759763], [136.60805603912115, 35.12365479987641], [136.60811041142398, 35.123641566560565], [136.60819890287354, 35.123611540852345], [136.60825301328018, 35.12356872991808], [136.60825354239782, 35.12351893760698], [136.60822696727934, 35.1234323090599], [136.60816995590562, 35.12335020036482], [136.6081473573492, 35.12329658080698], [136.60814615016355, 35.123249754570566], [136.60819376142902, 35.12318014587723], [136.6082805264523, 35.12305104030497], [136.60834909439035, 35.12300435370817], [136.6084368175541, 35.1230039094394], [136.60853709861493, 35.12300340149401], [136.6086120361106, 35.12297210545874], [136.60866789587664, 35.122899707633856], [136.6087174991628, 35.12278698871884], [136.6087130382692, 35.12266010559857], [136.60868777380117, 35.122450298362416], [136.6085990649494, 35.122071158582], [136.6085122632036, 35.12177553381622], [136.60846711737923, 35.12160068693277], [136.6083592030161, 35.1214158760247], [136.60828894933508, 35.12123601474495], [136.60826269324895, 35.12107656610866], [136.60825524351944, 35.120922162660285], [136.6082497683132, 35.120756762417486], [136.6082459763131, 35.120673329002635], [136.60823266868047, 35.12059001366169], [136.60821130070522, 35.120488498621526], [136.60818492789144, 35.12035961430379], [136.60815031976264, 35.12018379847553], [136.60812376577223, 35.120093859883916], [136.60807270876757, 35.1199705238217], [136.60804652968386, 35.119816213734964], [136.60804875299593, 35.11970035126284], [136.60810430582308, 35.119581683867665], [136.60818495879352, 35.11947824210782], [136.60822196785577, 35.11939572664472], [136.60822089215546, 35.11925157014728], [136.60813205992085, 35.11910264680651], [136.60797439144204, 35.118969636316], [136.60794252995592, 35.1188976815658], [136.6079103612249, 35.11878459963195], [136.60785923456982, 35.118675206006884], [136.60779199095398, 35.11854800473513], [136.60773239050573, 35.1184456256407], [136.60767538449966, 35.118363586484364], [136.60767454010897, 35.118250275492926], [136.6076736579436, 35.118131894576656], [136.6076545753476, 35.118095933170636], [136.607591621229, 35.1180550528705], [136.6074660140863, 35.11801448981242], [136.60732163689102, 35.11797916275592], [136.60721495403178, 35.11795913789206], [136.6071581788552, 35.11790794452365], [136.60708834857124, 35.11778984115664], [136.60703080763338, 35.11763568854964], [136.606948663082, 35.11753828334859], [136.60689184966182, 35.11748194793893], [136.60682259498068, 35.117441099258876], [136.60672839309424, 35.11741065891697], [136.60658416859073, 35.11739596573276], [136.6064776398945, 35.117396504460544], [136.6064273520516, 35.11737612345091], [136.60640800916659, 35.117299034657826], [136.60637914485636, 35.11720903567667], [136.6063093939832, 35.117101284864226], [136.60623984027433, 35.11701409734956], [136.6060822584919, 35.11689136780292], [136.60599404721023, 35.11682483881623], [136.60589358925301, 35.1167944290601], [136.60578343425604, 35.1167564633562], [136.60570847546526, 35.11672043144183], [136.60563790808737, 35.11668127968313], [136.6055917505769, 35.116651792732064], [136.60545974366352, 35.116590696429135], [136.60527122406643, 35.11651960377117], [136.60517679512375, 35.1164582470636], [136.60508869782083, 35.11640721030322], [136.60499407904055, 35.116320149221025], [136.6049120894676, 35.11624851787181], [136.60487381864183, 35.116161172945546], [136.6048168562598, 35.11608420385218], [136.6047537137933, 35.11601761787798], [136.60467832533604, 35.11598708149326], [136.6045716118726, 35.115961914518294], [136.60447740686627, 35.115936614507284], [136.60446672480623, 35.115905821579794], [136.60444188620502, 35.115832704609915], [136.60441905839744, 35.11576457823947], [136.6043860360847, 35.11567988182117], [136.60431221341688, 35.11556539052058], [136.6042180743642, 35.11544431176732], [136.604162778073, 35.11536634811945], [136.60405031833037, 35.115230430388586], [136.60396857107818, 35.11513928963189], [136.60388508543582, 35.11505660861665], [136.6037215279514, 35.11496989416265], [136.60359566515825, 35.114893271747235], [136.60350749777976, 35.114831952929286], [136.60348155752598, 35.114713628480615], [136.6034999880679, 35.11466205544023], [136.60345516186277, 35.11453361390609], [136.60330996079855, 35.114384973339085], [136.60319608017048, 35.11423624540814], [136.6031579729166, 35.11416439234495], [136.60309487177764, 35.11410287727393], [136.60303802853588, 35.114041400007906], [136.60297499756936, 35.113995378060956], [136.60292433855744, 35.11391837666321], [136.6028799310954, 35.1138465552527], [136.6027915391268, 35.11375432003951], [136.60263416945187, 35.11365215025724], [136.60242048378515, 35.11356568659533], [136.60218776545776, 35.11344326120496], [136.6019083276223, 35.11335973242311], [136.60167636711844, 35.11334026316842], [136.60154493031362, 35.11336155777554], [136.60143185208543, 35.113320927488424], [136.60133908606338, 35.11321047332658], [136.601221608138, 35.11311908856691], [136.6010009553487, 35.112900187796505], [136.60080021083357, 35.112737175239474], [136.60047479632374, 35.11250084195144], [136.60036283614048, 35.11250140324042], [136.6002754473786, 35.11253381361949], [136.60010033007532, 35.112546734394485], [136.59994942059754, 35.11254749044806], [136.59987627477176, 35.11252384141695], [136.5998028826155, 35.11247216559367], [136.59970977529767, 35.11238467124602], [136.5996947846132, 35.11233270181123], [136.5996553102938, 35.11226092584808], [136.5995719866936, 35.112181340445815], [136.59951314737782, 35.112121632526645], [136.59946931386006, 35.11212185196176], [136.5994257278979, 35.11215009976679], [136.59933863188598, 35.11222250984524], [136.59921732440674, 35.11227516026476], [136.59912025247795, 35.112307619341216], [136.59895493655142, 35.11233640435476], [136.59883833729432, 35.112365016512264], [136.5987122473273, 35.11242564938135], [136.59865448582244, 35.11251396905863], [136.598592367488, 35.11267428454658], [136.59850660757388, 35.11293063603601], [136.59845705154436, 35.11314490436677], [136.5983797780567, 35.11322529289038], [136.59823459693212, 35.11334200808342], [136.5980846304719, 35.11346677426366], [136.5979977342115, 35.11356721112078], [136.5979013722833, 35.11370368268756], [136.59789709832637, 35.11378772008634], [136.59791232199558, 35.11387159029956], [136.59795691262153, 35.113975385520156], [136.59800114080554, 35.11403516602768], [136.59799686697664, 35.114119203983684], [136.59794372774815, 35.11417144260235], [136.5978465498646, 35.114195942361576], [136.5976765613989, 35.11424876385444], [136.59754066659264, 35.11430550023432], [136.5974777702014, 35.1143537725126], [136.59741023603638, 35.114442140026945], [136.59735785206658, 35.1145983916983], [136.59729324025702, 35.114752661961866], [136.59727000615905, 35.11490482446669], [136.59734875015891, 35.11502042126807], [136.5975151660742, 35.11514755311872], [136.5976330209301, 35.11529098432969], [136.59771255210512, 35.115514607873145], [136.5977524920663, 35.11565039917899], [136.59779248810614, 35.1157941470848], [136.59777340123304, 35.11585030083009], [136.59769554058818, 35.1158506891178], [136.597520111033, 35.11582754845463], [136.59734475030217, 35.115808422506326], [136.59712070032478, 35.115793551990414], [136.59696037775106, 35.115834347087024], [136.59684408099704, 35.11590689565365], [136.59672866964334, 35.1161074717305], [136.59657821442062, 35.11616821726516], [136.59640078917502, 35.11620310802706], [136.59627914030676, 35.11621166662727], [136.59605501060886, 35.11618875806338], [136.59583083634834, 35.116153877620775], [136.5955388003682, 35.1161633462928], [136.59532958589497, 35.116176349329145], [136.59511098111489, 35.116241443373774], [136.59492665885506, 35.11633031214494], [136.5947990518862, 35.1164212953377], [136.59475714020007, 35.11645115119783], [136.59482169717302, 35.116630838816825], [136.59485664956475, 35.11674665648929], [136.59488223601096, 35.1169185790564], [136.59486646988438, 35.1170966199438], [136.5948282395445, 35.11719681224246], [136.59475051824958, 35.11721719528992], [136.5946045264926, 35.11722594342927], [136.59436640297474, 35.117283103906516], [136.5941627843177, 35.11740009627516], [136.59403215797983, 35.11751271498783], [136.59395974314447, 35.11759708843587], [136.5939313966883, 35.11771321799953], [136.593946575977, 35.117797160396776], [136.59399080786503, 35.11785694430464], [136.59406438356166, 35.11793257077536], [136.59425488191383, 35.11801564991986], [136.59443080917504, 35.118110773262906], [136.59451914509518, 35.118206327308876], [136.59452921815492, 35.11825423652443], [136.59452462470875, 35.11829426053234], [136.59448102814235, 35.11832250501866], [136.59437910843374, 35.11836300851211], [136.59422826115858, 35.11837572321507], [136.59386395863993, 35.1184855494338], [136.59362599249138, 35.118570737662594], [136.5935049324519, 35.11865528001424], [136.59339118959235, 35.11874985709436], [136.59322521912102, 35.118686656349325], [136.59306900666664, 35.11862742269394], [136.5929227264104, 35.11859616866707], [136.592630422937, 35.11856957509195], [136.59259119163636, 35.11852582242836], [136.59237574648637, 35.11835884622226], [136.59230270611724, 35.11835124674022], [136.59210834777204, 35.118404174053765], [136.59187065330403, 35.11852133148728], [136.59170554996427, 35.11857812900542], [136.59158415810927, 35.11862274077539], [136.59157620571156, 35.118874761988465], [136.59161280066039, 35.11921861017996], [136.59167813317111, 35.11950625975124], [136.59171074220728, 35.11963610449808], [136.59169664947962, 35.11970814896894], [136.59156610296168, 35.119832808144615], [136.59138725154637, 35.12000967807739], [136.59137517335824, 35.120361719414376], [136.59135215986106, 35.12054585259386], [136.591283262935, 35.120780211303504], [136.59127046540027, 35.121032254213866], [136.59128666537939, 35.121252181491506], [136.59136101821883, 35.121435765950764], [136.59144487211785, 35.12158740075593], [136.5916503777072, 35.12173034046667], [136.5918409537556, 35.12182940699845], [136.59205108832793, 35.12193640602229], [136.59215862110062, 35.121995879894], [136.59230030891857, 35.12206715682806], [136.5921063475197, 35.12217614150736], [136.59182925546898, 35.122233491093205], [136.5916886905095, 35.12231812768342], [136.59160191234537, 35.12243855744636], [136.59143833284836, 35.1227073963583], [136.59112715690733, 35.123102880074626], [136.5909820068055, 35.1232235960706], [136.59081693956503, 35.123292435658314], [136.59058806677078, 35.12328553033771], [136.59039745832246, 35.123182446945314], [136.59029942439616, 35.12309095270246], [136.5902304169271, 35.12297128704769], [136.59018049479573, 35.12279955486292], [136.5901111137415, 35.122627917402326], [136.59007189654784, 35.12259205200777], [136.58923240084238, 35.122976173522844], [136.5891114920474, 35.12308874112211], [136.5889774747022, 35.123405463632395], [136.58891314377914, 35.12370966125863], [136.58894485556624, 35.12400134704708], [136.58899941991783, 35.124384051372886], [136.58905385823672, 35.12475464201842], [136.58908417027067, 35.12485175101927], [136.5892703275959, 35.125014999696525], [136.58929344413121, 35.12514256736675], [136.5892944052889, 35.125276298937436], [136.58917690503716, 35.125398497951835], [136.58879234099047, 35.12543686059791], [136.5885626552504, 35.125395376426766], [136.5883694341411, 35.12528082423857], [136.58834636188976, 35.12515938407266], [136.58835272924122, 35.12501343240119], [136.58836642405169, 35.12486138836533], [136.58834352576585, 35.12476417296718], [136.5878536764753, 35.124559868112975], [136.5874538054376, 35.12451928390083], [136.58720955530828, 35.12450829200957], [136.58700294909684, 35.12459444304677], [136.58690036062623, 35.12473473714821], [136.5868695618914, 35.1250844782481], [136.5868269021497, 35.125327863704925], [136.5868282951131, 35.125522442119106], [136.5867923525749, 35.125668467842644], [136.58665303889498, 35.12585154767596], [136.5865650173342, 35.12595536146276], [136.58656597432412, 35.126089093626014], [136.5866481037679, 35.12619207789055], [136.58676769770756, 35.12636171226713], [136.58689448890468, 35.1265008876961], [136.58709503870526, 35.12660329322768], [136.5873770198061, 35.12671135734763], [136.5875107069035, 35.12677753735194], [136.58753347398002, 35.126862570588344], [136.5875264077335, 35.126905141827486], [136.5874676106466, 35.1269601487006], [136.58731983804014, 35.12699129392317], [136.58685378739668, 35.12701786522208], [136.58646171228924, 35.127031961538556], [136.5864166582734, 35.12694098060513], [136.5863564684747, 35.126801409624804], [136.58615544112445, 35.126632171632664], [136.58594023703847, 35.126548075912574], [136.5857330564378, 35.12654908481144], [136.58557795462653, 35.126592446606345], [136.5848625363521, 35.12692417991809], [136.584162585412, 35.127353156652994], [136.58390484086502, 35.12753075055869], [136.583796746724, 35.127681702783356], [136.583746097198, 35.12784005368665], [136.58370232265563, 35.127928437745915], [136.5836510463968, 35.128004675072894], [136.58365525063275, 35.12807148899221], [136.58368931248148, 35.12818379289649], [136.5837793744416, 35.128359700418045], [136.58393309430988, 35.12863276658771], [136.5840677693134, 35.12886162834035], [136.58421555137323, 35.129065002595816], [136.58434542282933, 35.12923923675363], [136.58439500262477, 35.12935195796845], [136.5843977642625, 35.12942659408549], [136.5844169393748, 35.12962692947346], [136.58439651800288, 35.129871120067136], [136.58441486074435, 35.12995483638249], [136.5844820145747, 35.13004930226175], [136.58463840027633, 35.13020882988732], [136.58470118205057, 35.13030324547804], [136.58461774980208, 35.13042027448311], [136.58444180093235, 35.130625147688946], [136.5843097192162, 35.13076058061646], [136.5842062715736, 35.13087221251926], [136.58413163170422, 35.13097828094408], [136.58412812469092, 35.13110576693964], [136.5841374991321, 35.13118227245771], [136.5842010091959, 35.13137873144958], [136.58426534969757, 35.13169173846836], [136.58427941477103, 35.131800969204164], [136.58425719550894, 35.13210531095085], [136.5841922069305, 35.132320631493485], [136.58410096057946, 35.13258699670796], [136.5840313058081, 35.13277318453448], [136.58401491058913, 35.13296270651353], [136.58401652048818, 35.133188620619066], [136.58403566833104, 35.1333852944655], [136.58417927774047, 35.13362143797207], [136.5842892149195, 35.13379393989981], [136.58434894390868, 35.13408514080834], [136.58461916406333, 35.134241370753145], [136.58476827069393, 35.134370509231424], [136.58483307280085, 35.1344473091777], [136.5849637823878, 35.13476724785032], [136.58514045085846, 35.135297955621226], [136.585180985317, 35.13543980562321], [136.58523641073015, 35.1355896824602], [136.58528170198173, 35.13570714211836], [136.58540603316695, 35.13582421636312], [136.58553992153153, 35.1358925795224], [136.5857330163153, 35.135956569566844], [136.58591146852174, 35.13604091375056], [136.58611469809762, 35.136137319144716], [136.58626369445457, 35.136250187371765], [136.58635838024384, 35.13636332123174], [136.58643780057182, 35.13641568116867], [136.58652212164216, 35.136464003975355], [136.58670043048383, 35.13652806410446], [136.58687367933356, 35.13657996622797], [136.58704197241306, 35.136627806525105], [136.58723762997778, 35.136701922636405], [136.5873616185871, 35.13677033308585], [136.58744112558, 35.13683487532134], [136.5875011361421, 35.136935993591216], [136.58754164916118, 35.13707382808852], [136.58758676989203, 35.137166920679675], [136.58768653314067, 35.137300309171806], [136.5878806389536, 35.13749823785249], [136.58797027003644, 35.137599210299754], [136.58834193151503, 35.13827409975007], [136.588977131634, 35.13919108063687], [136.58983809604916, 35.14040624773823], [136.5910685445684, 35.14216339342725], [136.59129003581933, 35.14238751358315], [136.59150931039144, 35.14265425141258], [136.59177231993465, 35.14281527737988], [136.59192616031677, 35.142907827102086], [136.5920509522008, 35.14308573321602], [136.59224501106047, 35.14327956407887], [136.59248309729338, 35.14340824663815], [136.5927011717291, 35.14350864658099], [136.59299346945792, 35.143616705869526], [136.5931865888274, 35.143680678749966], [136.5933155644134, 35.14374905451237], [136.59335096867926, 35.1438665561667], [136.59336952612605, 35.14404294422025], [136.59336113655036, 35.14424594562745], [136.59346112569406, 35.14440770465618], [136.59360058060756, 35.14456123939752], [136.5937698366866, 35.144738922462075], [136.59382994764178, 35.14485228696525], [136.5938751685258, 35.14495755603408], [136.5938758461676, 35.14505086245032], [136.59385203789066, 35.14517274244463], [136.59376438158404, 35.14535169937175], [136.5936459686542, 35.145711444494694], [136.59362221859453, 35.145841422378055], [136.59355876528178, 35.14594723171901], [136.5934603353093, 35.146000466895366], [136.59340615294568, 35.1460251029075], [136.59331231160988, 35.14602556893807], [136.59320856875664, 35.14602608405691], [136.59311984813766, 35.14605891857273], [136.5930312327408, 35.14609999257149], [136.59297285543477, 35.14622605797177], [136.5929442479436, 35.14637225802474], [136.59292598557155, 35.146579321622504], [136.59288614904162, 35.14687374713042], [136.5928430456976, 35.14706058294432], [136.59275984480644, 35.14717465843088], [136.59269583031863, 35.14720335733217], [136.59258724403014, 35.147216079039055], [136.59240949161125, 35.147233158581884], [136.59217792358186, 35.14731951965848], [136.591892465351, 35.14747107853424], [136.59174470463535, 35.14753272685234], [136.59163140591735, 35.147581951098765], [136.59156290110587, 35.147671588110434], [136.5914897770513, 35.14780991005934], [136.59139688669882, 35.147948330002926], [136.59133812659687, 35.148021649815], [136.59119003897493, 35.148038651515385], [136.59119033214486, 35.1480792139975], [136.59118111741893, 35.148168486232116], [136.59117200555218, 35.148278110351995], [136.5910887267823, 35.14837591931112], [136.59095645452115, 35.14853481641839], [136.5908905669855, 35.1486426796457], [136.59089611269357, 35.14872786467702], [136.59095640123024, 35.14886559607971], [136.5909825018288, 35.14906018725263], [136.59096893380695, 35.149573642636305], [136.5910618074863, 35.15012093561162], [136.59127189496144, 35.150815817864135], [136.5912778224285, 35.15095381841606], [136.5912789368522, 35.151107970383784], [136.59126014094818, 35.15124200915211], [136.59121641519968, 35.15134363610945], [136.59109882739693, 35.15148217914144], [136.59101566054574, 35.15159625568033], [136.5910909591966, 35.15175820790111], [136.59116146254382, 35.151944480460685], [136.59122776875026, 35.1522322528435], [136.59127305050444, 35.15234569179062], [136.59134262776197, 35.15239809253807], [136.59149626997092, 35.1524662737044], [136.5917637166462, 35.15255423970505], [136.5921668210402, 35.15260702278258], [136.59240920829728, 35.152650464606225], [136.59271618336956, 35.152738160732994], [136.59287955574774, 35.15278199464464], [136.59301781904978, 35.15276912266755], [136.59327434716215, 35.15271108182441], [136.59345222854793, 35.15271019438991], [136.59349701177425, 35.152754548628735], [136.5935283754919, 35.15299382996319], [136.59354500758477, 35.15324128308117], [136.59361678696703, 35.1536020459606], [136.59362807516044, 35.153792761331815], [136.59369814545857, 35.15391818429276], [136.59376272427514, 35.15396652370207], [136.59390187438646, 35.154075404255174], [136.59408985694688, 35.15410693036943], [136.59429505656828, 35.15412414394571], [136.5944485842264, 35.15417612310431], [136.59454805993306, 35.154264919979774], [136.59463374623923, 35.15449174276836], [136.59470933916964, 35.15469833350064], [136.5947701409425, 35.15490492831096], [136.5947416076138, 35.155055210367685], [136.59465896238478, 35.15524632453359], [136.59465562480253, 35.1554654932296], [136.59479508464466, 35.15595781813658], [136.59474147121193, 35.15605547906859], [136.5946186861609, 35.15615749946392], [136.59439751800744, 35.156320925504055], [136.59419573085034, 35.15643150854772], [136.5938660668688, 35.15662793947928], [136.5935019452121, 35.15683263884907], [136.59331497709167, 35.15694715957644], [136.59323180945083, 35.157061233927614], [136.59316368328572, 35.15720361307194], [136.5931496159581, 35.157309174837415], [136.5932130637616, 35.15753807981064], [136.59323383148939, 35.157675931813486], [136.59320005584902, 35.15778976003223], [136.59316120161182, 35.157883262289914], [136.5930729868465, 35.157981094098275], [136.5930649680679, 35.158240847814895], [136.59304670493296, 35.15844783652355], [136.59303881817826, 35.15871977191351], [136.5929891337195, 35.15902233775648], [136.59284260647962, 35.15926249887234], [136.59275521219547, 35.15947391605267], [136.59269768083198, 35.15971764829721], [136.59260993530523, 35.15988040532058], [136.59242382675077, 35.16010857863735], [136.5922836688331, 35.16020462500295], [136.5920623116976, 35.16034367900294], [136.59196436451393, 35.16046592324576], [136.5918469140295, 35.16062474224235], [136.59181840435699, 35.16077910587175], [136.59176506506347, 35.16092133935335], [136.59171690629, 35.16109199774604], [136.5916242124485, 35.1612588617818], [136.59151648851773, 35.16139326675133], [136.59139845032848, 35.16147096222804], [136.59129495090602, 35.16150802357119], [136.59117638285443, 35.16151262495878], [136.5910528521517, 35.16151323681083], [136.59096879629166, 35.16150555466162], [136.59087002421325, 35.16151414213245], [136.59078159557325, 35.16158359327333], [136.59069233705148, 35.16188227764004], [136.5905951780838, 35.162114029068256], [136.59051250056208, 35.16229704518889], [136.59020631590454, 35.162322926365796], [136.58994908915443, 35.16228771903724], [136.5898699927807, 35.16228402549043], [136.589790925245, 35.16228441629957], [136.5897466977347, 35.16231710056487], [136.58970264417349, 35.16237414986079], [136.58968372751988, 35.16249192064445], [136.58964072803414, 35.16269502259598], [136.58957295843655, 35.162894162367486], [136.58946593505883, 35.16312603102716], [136.5893899840143, 35.16321359022155], [136.58924709503705, 35.16327112806054], [136.58905940920997, 35.163288322529255], [136.58892607377626, 35.16329707881854], [136.5887782247013, 35.163350556046055], [136.58866995531488, 35.163416019967066], [136.5885918237386, 35.16354626596016], [136.58864789222392, 35.163781344006686], [136.58862530220625, 35.16407364222695], [136.58856763974106, 35.16430111165665], [136.5884898906165, 35.16448410274601], [136.58839452302095, 35.16462056101312], [136.58830129286108, 35.16471433105878], [136.58818368514136, 35.16485287013414], [136.58806097179482, 35.16496706836028], [136.58797717716197, 35.16499593181244], [136.58785367233352, 35.16500055454517], [136.5877596354277, 35.164976721817155], [136.5877408915579, 35.16511878752177], [136.58770226639086, 35.165244824776664], [136.5876535567249, 35.16534647426049], [136.58749660242674, 35.16550548786586], [136.5872110991954, 35.16566520460497], [136.5869991315958, 35.16573519242505], [136.58687119160322, 35.16580885015674], [136.58679769753516, 35.16589850840419], [136.58678865235314, 35.166012216746246], [136.58692680060116, 35.1663259775636], [136.58695748227242, 35.16647195451693], [136.58698838252866, 35.1666422275218], [136.58705862578745, 35.16679202381294], [136.58715346733658, 35.166921347746545], [136.58712513866638, 35.16710817875098], [136.5870427758137, 35.167335840015994], [136.5869085700473, 35.16756981270113], [136.58683040437873, 35.167695973778756], [136.58680153471684, 35.16780160932406], [136.58679758458487, 35.167943672519726], [136.58681350183298, 35.16809373720941], [136.58686400960406, 35.16824771517188], [136.5868701215936, 35.16840592620752], [136.58681712427597, 35.16859689371564], [136.586764241885, 35.168804127311816], [136.58672286111275, 35.168887501296595], [136.58672872711986, 35.16901733240959], [136.58678383023351, 35.16911854128839], [136.58688385296355, 35.169288474061574], [136.58696414974932, 35.16945850270735], [136.58700977082484, 35.16961243471935], [136.58702511915845, 35.1696894732029], [136.58702573279209, 35.16977468177497], [136.58696842403032, 35.17005800157609], [136.58691177701343, 35.17031441999273], [136.5869139260424, 35.1706131568083], [136.58691484757287, 35.17074125784045], [136.58687686711318, 35.170880183617676], [136.5868391544119, 35.171056434456695], [136.58678243187552, 35.171302148584886], [136.58669355401338, 35.171590699252846], [136.58661636335194, 35.17169777533177], [136.58660417627684, 35.171809883257474], [136.5865985400099, 35.17193259272911], [136.5867165548597, 35.17207610346406], [136.5869515035217, 35.172224319938735], [136.58728403844938, 35.17238275952324], [136.5878282797964, 35.172617481515346], [136.58832984158167, 35.17279106921786], [136.58872082603364, 35.17294921500359], [136.58896892811077, 35.173113418317946], [136.5891256146376, 35.17321933820966], [136.58920411435656, 35.17328831966546], [136.58923071640598, 35.173373543388585], [136.58921837729716, 35.17346431270077], [136.58919296729186, 35.17354444199636], [136.58914835708362, 35.173667414687465], [136.58912379328905, 35.173864939401724], [136.58913744024213, 35.17395558013082], [136.58915745203782, 35.17402485037302], [136.58918405152346, 35.17411007462306], [136.58924955583856, 35.17418440156726], [136.58937744124484, 35.17435187493758], [136.58952160062205, 35.17451659018547], [136.58962646966233, 35.1746441049408], [136.58966617796193, 35.17474525060002], [136.58968642121656, 35.17484656311292], [136.58966101191803, 35.17492669247962], [136.58951877578323, 35.175028739132784], [136.58916853258037, 35.17511590025084], [136.58896095007387, 35.17515960651448], [136.5887991277116, 35.1752457628836], [136.58872170293128, 35.17532614966567], [136.5886574291979, 35.17542252896764], [136.58865160836814, 35.175513266113526], [136.58865233866365, 35.17561460512563], [136.5887057727109, 35.175817096328295], [136.5887979949555, 35.17599270352884], [136.58879861064938, 35.17607812740642], [136.58874081565315, 35.17616905142707], [136.58866990763767, 35.176249476500615], [136.5885125294851, 35.17641695321799], [136.58862833052012, 35.17647828366974], [136.5887489044225, 35.17658339623146], [136.58884248062137, 35.17663758315759], [136.5889536806449, 35.1766734424367], [136.58907812056475, 35.176701981602676], [136.58917177665958, 35.176767084333974], [136.58928819715192, 35.17690862621726], [136.58933314106355, 35.17699220989057], [136.58936975115506, 35.177145062659484], [136.58939298907694, 35.177287066831845], [136.58942853185087, 35.17729780654492], [136.5895441118393, 35.1773227268267], [136.58974847745898, 35.17736178511514], [136.5899839613503, 35.17740435123434], [136.59018400669524, 35.177450753852526], [136.59031748169048, 35.17750107955793], [136.59055135157342, 35.17762928864293], [136.59078758748797, 35.17777016248789], [136.59101898038278, 35.177863734537986], [136.5911701824111, 35.17791037866775], [136.59125478126919, 35.177950029758165], [136.5913083563055, 35.17799349672087], [136.5913489629172, 35.17808801717992], [136.59139466239915, 35.17826997779722], [136.59141003073051, 35.17855771673652], [136.591402887021, 35.17879824399356], [136.59134852828538, 35.17894971077946], [136.59137557942816, 35.17900788577195], [136.59145586218324, 35.17906213403164], [136.5915492147998, 35.179090823861124], [136.59163814061577, 35.17911221285439], [136.59176255643231, 35.17913708603631], [136.5919535447296, 35.179158036735295], [136.59214440963473, 35.17916800243948], [136.59235284485948, 35.179152386866285], [136.59247278925116, 35.179170028717806], [136.59254417217392, 35.17922065890741], [136.5926021404199, 35.17926044044426], [136.59260250843684, 35.17931142394293], [136.5925897223279, 35.1793880374472], [136.5925378199725, 35.17957047842284], [136.59249951092153, 35.17980017658904], [136.59253564855112, 35.17988746131217], [136.5926569894541, 35.18009819431368], [136.5927791479426, 35.18042181172143], [136.59294242184316, 35.18060135068386], [136.59304995307696, 35.18074658981967], [136.59310389945392, 35.18084103950423], [136.59319309882827, 35.18090615862299], [136.5932775937802, 35.18093123011753], [136.59338415300314, 35.180941615228484]]]}}, {"type": "Feature", "properties": {"rowId": 282, "city_name": "桑名市", "town_name": "多度町多度", "households": 232, "population": 632, "e_stat_code": "24205166000"}, "geometry": {"type": "Polygon", "coordinates": [[[136.61354524898857, 35.15487133100766], [136.61358663232573, 35.15483309515036], [136.61362348651778, 35.154802416605435], [136.6136090797681, 35.15473404055424], [136.61353918682295, 35.154681086914216], [136.61341327729158, 35.15457898084817], [136.6133711194958, 35.15451447819692], [136.61336588978483, 35.15443464881772], [136.61337446371087, 35.15434326996318], [136.61342892159453, 35.15419074583204], [136.613427977534, 35.154065191500464], [136.6133476360722, 35.15386011316082], [136.61324657639022, 35.15366464610108], [136.613193943663, 35.15344421579451], [136.6132014308764, 35.153208270466614], [136.61328394065308, 35.153086094368554], [136.61346339215663, 35.1529253287274], [136.61371240533862, 35.152768082799895], [136.61389226904035, 35.15265674963804], [136.61415532850907, 35.1525146425901], [136.61433963618398, 35.152384342060174], [136.6145765130937, 35.152152931244224], [136.61461267785236, 35.15203091866261], [136.61457913731147, 35.15188651443484], [136.61456004299527, 35.15181048618791], [136.6146104129116, 35.15173030196394], [136.61470710918675, 35.15165375523349], [136.61489160116687, 35.15154246707129], [136.614997483703, 35.151450591268755], [136.61508017728303, 35.15135883390869], [136.615144550028, 35.15129378899112], [136.61519977823554, 35.151244072560914], [136.61520866327442, 35.151194521104735], [136.61515701773183, 35.151099644279086], [136.6151101038128, 35.15102382810049], [136.61510492940025, 35.1509515322808], [136.61512287408024, 35.15087531488433], [136.61518235724597, 35.15077607051047], [136.6152834687487, 35.150665204653286], [136.61536411607136, 35.15060965384016], [136.6154425495982, 35.150567354003655], [136.61552574297974, 35.15053650798086], [136.61552072539584, 35.15049090046495], [136.61541764921054, 35.150335371915475], [136.61532862248436, 35.15020646093346], [136.615323333242, 35.15011895464285], [136.61534557740526, 35.14999327992551], [136.61540511979672, 35.14990163989067], [136.61547895026257, 35.149863164986414], [136.61559935325636, 35.14985494612567], [136.6156825878007, 35.14983550787451], [136.6157334152873, 35.149816234300204], [136.61574241722764, 35.14978196355195], [136.61568650104172, 35.14974034797731], [136.6156302119326, 35.14964929898654], [136.61555977347604, 35.149524096240796], [136.61552294402952, 35.14942682080527], [136.61552772454183, 35.149344403903534], [136.6155576384464, 35.14927509693438], [136.61563804166926, 35.14924384220708], [136.6157938081986, 35.14922980879796], [136.61590312205615, 35.14922925095503], [136.61597480770038, 35.14923036338193], [136.61607876544764, 35.14923032566965], [136.6161899935324, 35.149233560560155], [136.61629173442233, 35.14920642222239], [136.61635639250827, 35.149179472087624], [136.61640273202622, 35.14917923540048], [136.61643519625835, 35.14918667510845], [136.6164538729551, 35.149201790775706], [136.61647268048418, 35.149239722381694], [136.61649180187476, 35.14931955325739], [136.6165248012948, 35.14939170826015], [136.6165996087897, 35.14948266298864], [136.61673001900292, 35.149573333077036], [136.61688791871194, 35.14962576501805], [136.61702719721697, 35.14965934853813], [136.6171107789789, 35.1496855412489], [136.6171620641462, 35.1497271095894], [136.6172271542391, 35.149757268880755], [136.61729667228593, 35.149760716745696], [136.61740778545203, 35.149748669208655], [136.61754650639622, 35.14971373517533], [136.6176827801673, 35.14966169985868], [136.6178119523263, 35.14958871551499], [136.61790894633646, 35.14954631853443], [136.61797843477703, 35.14954596278773], [136.61802027512903, 35.149568635151006], [136.618067222036, 35.149648323697676], [136.6181189395555, 35.14974693188074], [136.61819852457722, 35.149856946028095], [136.61826856115968, 35.14992883979617], [136.6187183233359, 35.14997604298803], [136.61879216780085, 35.149933762833555], [136.61893037788676, 35.149842702769874], [136.61902442415774, 35.14966609474925], [136.61903980906723, 35.149597635928416], [136.61906683731797, 35.14949855415838], [136.61913088863074, 35.14939167685421], [136.6191765643825, 35.14930390774431], [136.619217454095, 35.14920095250218], [136.61923983682212, 35.14909428829062], [136.61926369710855, 35.14888297015302], [136.61929985546635, 35.14876102397913], [136.61933634452254, 35.148688513031345], [136.61937287759665, 35.1486160728023], [136.61943730164165, 35.14855862901873], [136.6196865828994, 35.1484393913653], [136.61997771587704, 35.1483389519503], [136.62018574523933, 35.1482807699242], [136.6203198317851, 35.14824585508517], [136.62038937965596, 35.14825310355315], [136.62052258353555, 35.14828284084895], [136.62068451630583, 35.148329824554864], [136.6208225554041, 35.14836390234502], [136.6209817973577, 35.14840660435553], [136.62108268921608, 35.14843214073341], [136.62122028322125, 35.1484581223909], [136.62133749378208, 35.14849829398864], [136.6214962816479, 35.14847571484855], [136.6216551077748, 35.14846398148273], [136.62183440821096, 35.148494958299146], [136.62206632493232, 35.14852798807353], [136.62222770183652, 35.14853019103045], [136.622311650613, 35.14853743797415], [136.62240947380062, 35.14852545945251], [136.6225256371242, 35.14847887874495], [136.62258596025364, 35.148440330598255], [136.6226087104719, 35.148371270776735], [136.62259406547653, 35.1482833170776], [136.6225512935171, 35.14817247841724], [136.62252712739274, 35.14806154514003], [136.62252184401697, 35.14798114978351], [136.62253042942484, 35.147881597783574], [136.62255791324324, 35.14782018928003], [136.62265958919136, 35.14770100706203], [136.62281712139898, 35.147581467871156], [136.62295156455016, 35.14748127152684], [136.62307204859883, 35.14738875269466], [136.62318104654224, 35.14731347573605], [136.62326866146137, 35.147194364795766], [136.6233331003805, 35.147082977627015], [136.62335568974487, 35.14698715704185], [136.62335002385163, 35.14685697395262], [136.62333529016342, 35.14675754120239], [136.62332965387233, 35.146631231777555], [136.62336633353814, 35.146550620204465], [136.62342183523413, 35.14649287059652], [136.62353339677176, 35.14645018581501], [136.6236635609115, 35.14640740608572], [136.62377532637677, 35.14639155063412], [136.623877889951, 35.14639482747183], [136.62399924938924, 35.14641716288032], [136.623843215809, 35.14557577377206], [136.6238342347101, 35.14554476327196], [136.62376718143673, 35.145521234377995], [136.62368555938883, 35.145492990858585], [136.62358643179294, 35.14546244268249], [136.62346692829044, 35.145424815762034], [136.62333273214117, 35.14536578504006], [136.62325086646064, 35.14531127418958], [136.6231540756796, 35.14519951602662], [136.62304921991253, 35.144991037975636], [136.62298974468183, 35.14481458262899], [136.622968837974, 35.14474307102344], [136.62289859729773, 35.144683713467614], [136.62289236712803, 35.144631141038], [136.62294980757756, 35.14453535449073], [136.6230651902649, 35.14441532808271], [136.62315956130652, 35.14420463575195], [136.62324513645345, 35.143986875751885], [136.62327528259956, 35.14393770766434], [136.6233418611887, 35.143899198150415], [136.62351892678134, 35.14385765579843], [136.6238149158549, 35.143772545903474], [136.6239020361195, 35.14375773307609], [136.62403550353406, 35.14372127280834], [136.6241683732094, 35.143601154847104], [136.62425166650377, 35.143466925908754], [136.62425113757948, 35.14339770394485], [136.62420644150504, 35.14325934343953], [136.62416076169143, 35.14317718408314], [136.6241544562253, 35.143115104426414], [136.62416510582943, 35.14298850220064], [136.6242108171146, 35.1428783381982], [136.6243401450488, 35.14268183065681], [136.62455568436792, 35.14234635832635], [136.62471108964482, 35.14213534916194], [136.62487839006351, 35.1419553344577], [136.62502988831417, 35.1418052596616], [136.62517986993137, 35.14164209382885], [136.62527209876788, 35.14153887338073], [136.62529214810843, 35.14149820695007], [136.62529136185756, 35.14139546465372], [136.62514373788323, 35.141104818979585], [136.62506241713817, 35.14092495764349], [136.6250034102454, 35.140815333490615], [136.6249622221423, 35.140748714685415], [136.6248598741108, 35.140677552429665], [136.62476901757222, 35.140584852780485], [136.624741939996, 35.14046316172057], [136.6247293508855, 35.14034146700006], [136.62477750041134, 35.14016924845983], [136.62479560771692, 35.14006521230941], [136.6248595878449, 35.139928334330385], [136.6248728309538, 35.139900026849105], [136.62489792312132, 35.139756589278306], [136.62499004164084, 35.139639072954274], [136.6251172392383, 35.139540459375084], [136.62525053883238, 35.13947766004403], [136.6253372713922, 35.13941270535836], [136.62537130414364, 35.13930027690317], [136.62537632187252, 35.13919996992195], [136.62540495107518, 35.13913771040698], [136.6254644302693, 35.13912423391048], [136.6256359359843, 35.13911384150335], [136.6263853834901, 35.13901919515476], [136.62647253577512, 35.13900916712408], [136.62652480378915, 35.13899460112029], [136.62658851555645, 35.13896321593443], [136.62678046913473, 35.13877947636755], [136.62734899567417, 35.13821758998004], [136.62741237679373, 35.138143247544335], [136.62747019290194, 35.1380975254415], [136.6275889514129, 35.138039586603064], [136.62800085408927, 35.13790850724327], [136.62867228119725, 35.13768643065019], [136.62886941404608, 35.137608997500365], [136.6291068203829, 35.137478749296264], [136.62934839071355, 35.13751094455292], [136.629517293062, 35.137541123441565], [136.62964821781188, 35.13755480829889], [136.62971803865165, 35.1375544451331], [136.6297876710676, 35.137534927838594], [136.62983679697842, 35.13749643254019], [136.62985662237114, 35.13742710352088], [136.6298269476809, 35.13735317341587], [136.6297275940209, 35.13728685831811], [136.62956603968874, 35.13724213502156], [136.62945155125632, 35.137275548120186], [136.62936296685285, 35.1371382608896], [136.6293053390497, 35.13706877139432], [136.629106311222, 35.136844593644604], [136.6289097423402, 35.13661631851493], [136.62879203775762, 35.13643777286806], [136.62865436535157, 35.13630475352802], [136.62820288592255, 35.13601448861127], [136.6278409498558, 35.13583002594358], [136.62766016275341, 35.1357640616525], [136.62787242218724, 35.13500576430089], [136.6277412936552, 35.13497067034472], [136.6277798461513, 35.13487849630463], [136.6278654149923, 35.134663048992714], [136.62793887577124, 35.13438322617142], [136.62831183970187, 35.134452839186146], [136.62962597059808, 35.13466706341864], [136.63049357458803, 35.13481543384293], [136.63100747756891, 35.13490226177765], [136.6312899445853, 35.134958112762995], [136.63147334659774, 35.134990607234656], [136.63162153333533, 35.13497553671152], [136.6319611838528, 35.13490446487901], [136.63214485632747, 35.13488878623991], [136.63222929053737, 35.13521518357014], [136.63255612314344, 35.13532671676564], [136.63256522568335, 35.135422798792675], [136.63266785523334, 35.13545831921108], [136.63283971802906, 35.135522632980596], [136.6329991572509, 35.13560419508322], [136.63313559271685, 35.13568763748416], [136.63335802876304, 35.13580661687607], [136.63352574590883, 35.1358778531253], [136.63369746021797, 35.13592843445371], [136.6339152202791, 35.135985674771185], [136.63414545663838, 35.13603249804778], [136.63445931008218, 35.13608923370282], [136.6347312854629, 35.13612900599704], [136.63520212735204, 35.13622097595027], [136.63556219153557, 35.13630486343984], [136.6358302633051, 35.13638240182876], [136.63626989449028, 35.13648995457313], [136.6367053696735, 35.13659752745879], [136.63702348580586, 35.136661137504895], [136.63756769648154, 35.13677841754411], [136.6378688327506, 35.136006106111026], [136.63792303057224, 35.13599208722865], [136.63802354114063, 35.13601902318977], [136.63815751158936, 35.136049163644955], [136.63827858933178, 35.1360314116997], [136.63835775524328, 35.13600352930494], [136.63866761296848, 35.13581132578527], [136.63878202758693, 35.13574719977672], [136.63806857112078, 35.13536306286895], [136.6376294482449, 35.135051212457746], [136.63701164298485, 35.134608184432835], [136.6366840690367, 35.13439701427378], [136.63648697152507, 35.1343122031922], [136.63624092893744, 35.134112716779356], [136.63594504554922, 35.13384215115151], [136.63579501803196, 35.13373054112713], [136.63562235363477, 35.13356320425358], [136.6354620063118, 35.13336488503409], [136.635285507299, 35.13323883660169], [136.6349148348777, 35.13305655086627], [136.63457601088894, 35.13291832311621], [136.63424719470413, 35.13279884863654], [136.63406964043213, 35.13274055336456], [136.63382118952276, 35.132665446160026], [136.63354604847427, 35.13259688705074], [136.63327088870403, 35.132520580793624], [136.633090296988, 35.132457582286904], [136.63298811599446, 35.13238543966707], [136.6329351327845, 35.1323237437937], [136.63286237586908, 35.132243347629775], [136.6327895446143, 35.13211492355055], [136.6327743669136, 35.13198668994732], [136.63276991488766, 35.13190452754477], [136.63276918271765, 35.131809951531565], [136.63078424807674, 35.13155307222235], [136.6276327015697, 35.13111708442375], [136.62765440655906, 35.13100218036806], [136.62768529663828, 35.1309168780698], [136.62776932286414, 35.13074101520818], [136.62787255477537, 35.13058258846374], [136.62798022542202, 35.13045498466944], [136.62807961670583, 35.13033770457096], [136.62812135104426, 35.130330656395756], [136.62826342559916, 35.13032991734035], [136.6284140176317, 35.13034969810974], [136.62848301615566, 35.13035447943476], [136.6285471831215, 35.1300039980199], [136.6287145390269, 35.13003059207755], [136.62873204098912, 35.1298986674314], [136.62873823844416, 35.129851944122244], [136.62883865778292, 35.12986860516493], [136.62899311871072, 35.129288563892764], [136.62914543303356, 35.1293151645829], [136.62924946090266, 35.12876503441672], [136.62932561359952, 35.128368924571866], [136.6291029134607, 35.128323746636575], [136.6289825971254, 35.12824979533363], [136.62867541145266, 35.12803089675277], [136.62831402248017, 35.1277410815595], [136.627977679426, 35.12752529133682], [136.62799784731925, 35.12770688072064], [136.62802723083857, 35.127871450417686], [136.6280491538369, 35.12803577723466], [136.6273564668943, 35.12834783825543], [136.627280969994, 35.128339356727984], [136.62721229104284, 35.12828654429147], [136.6265995252438, 35.127894365093574], [136.62629089797218, 35.127721033117474], [136.6259259982752, 35.127542147604075], [136.6257755494279, 35.127596027785685], [136.62556446082527, 35.12771226539653], [136.62550103247776, 35.12786900711148], [136.62546239987225, 35.127984280107505], [136.62541620610398, 35.128052409088234], [136.62531983215314, 35.12813262825088], [136.62523031786304, 35.12816851545992], [136.62510151395247, 35.12823404340237], [136.62498342398973, 35.1282937403175], [136.6249084022249, 35.12835314422373], [136.6248232096211, 35.12848344563905], [136.6247290273306, 35.12861527292909], [136.62461872150388, 35.12875154979356], [136.62453663359966, 35.12882282052837], [136.6244472753468, 35.12887933987853], [136.62433980233962, 35.12892123489578], [136.6242034359023, 35.12893961585048], [136.62396992629962, 35.128937935744396], [136.6234511367604, 35.128974560330505], [136.62332901454252, 35.12897807835226], [136.62325000897135, 35.12898144461714], [136.62314570759037, 35.12896134851422], [136.62300515547867, 35.12890305929684], [136.62285389153004, 35.12885067034533], [136.62262348620095, 35.128784041999495], [136.62230860518426, 35.12894792083548], [136.62205857532396, 35.12913519749621], [136.62189765848385, 35.12923342518372], [136.62175460568315, 35.12931381307562], [136.6214533828375, 35.129380300551766], [136.62125775813874, 35.12940638272183], [136.62095606365264, 35.12941089847435], [136.62060418792694, 35.12943334980647], [136.62017690765956, 35.129459216726595], [136.61973895764666, 35.12949689722686], [136.61957910939643, 35.12949919995652], [136.61934170737067, 35.12945908534121], [136.6191258404577, 35.12941005594713], [136.61818026220817, 35.129305695505764], [136.6176423002421, 35.129658180915776], [136.61724568913905, 35.12993761320311], [136.61699602386318, 35.13017502279137], [136.61659325233526, 35.130593218563334], [136.61622071555905, 35.13097435568402], [136.61610759165586, 35.13121690787205], [136.61587080826675, 35.13173164502382], [136.61565306068957, 35.13215628311092], [136.6156208550567, 35.13217116635564], [136.6154661032738, 35.13213357797979], [136.61544456539906, 35.13213664596395], [136.61534426265112, 35.13265364040608], [136.61533014903875, 35.13268617699869], [136.6152388367846, 35.13272354626752], [136.61513862220184, 35.132774199939576], [136.61504945344137, 35.132857331833414], [136.6149673976964, 35.132934442441986], [136.6148960519618, 35.132999737069746], [136.61484240159123, 35.133035434028436], [136.61479228291623, 35.13305639398875], [136.61474565433616, 35.13306839294072], [136.6146810671546, 35.13307463911394], [136.6146019888637, 35.13306912717149], [136.61453717951872, 35.13305178221173], [136.61447232618258, 35.13302260696208], [136.61440734181457, 35.13298160021769], [136.6143639576375, 35.13294639917037], [136.61432801977665, 35.13294362498555], [136.6142778130608, 35.13295867021458], [136.61419186694224, 35.13299157406187], [136.6141455680328, 35.13304195151921], [136.61412105394479, 35.13312764093582], [136.61411822881024, 35.133230965043964], [136.61409000054593, 35.13330195449929], [136.61402232390552, 35.133376103083506], [136.61387916639913, 35.13345056701161], [136.61374654735536, 35.13348962366269], [136.61361737106623, 35.13350795886249], [136.61350253112394, 35.13352333401425], [136.61341265091775, 35.13351196141914], [136.61330828297042, 35.13348890203898], [136.61316961001592, 35.13344094642485], [136.6129501336549, 35.13339776979162], [136.61278080154912, 35.13333074459269], [136.61261880319915, 35.13328734492983], [136.61241364059322, 35.13323226164155], [136.61226975495833, 35.133209401482], [136.61215120270805, 35.133204089064], [136.6120254285788, 35.1332017698782], [136.61192852550255, 35.133214093212594], [136.61186400269852, 35.13323505482971], [136.61172594847875, 35.13326969974575], [136.6115651625012, 35.13338269953696], [136.61136132323753, 35.133510636578], [136.6111362783261, 35.13368001792572], [136.61090400999694, 35.13384640843697], [136.61082543956962, 35.13390877891145], [136.61082570408524, 35.133944199655254], [136.61110450687372, 35.13423496936185], [136.61063636899627, 35.134327344403104], [136.61031695920732, 35.13436734315783], [136.61003691081635, 35.13439235404964], [136.61002673938648, 35.13450536310433], [136.61001609760032, 35.13459562854206], [136.61000670804012, 35.13467581773346], [136.6099750964788, 35.134776330246105], [136.60971807960044, 35.13499312469543], [136.60930167781947, 35.13528291404864], [136.60914667372907, 35.13521292607087], [136.60903856438375, 35.135166221087694], [136.60893408147828, 35.13512837086465], [136.60883324182421, 35.13509057247548], [136.6087432248583, 35.13506736704575], [136.60866765557444, 35.13505007420938], [136.6086101344905, 35.135044450414455], [136.60855985696116, 35.13504470538207], [136.60850606634332, 35.13505680918922], [136.60845220965035, 35.13506588512504], [136.6083922530802, 35.135072738980256], [136.60832450042716, 35.13508632140427], [136.60825203261385, 35.13511718186175], [136.60810901132228, 35.135217414325375], [136.60800133661854, 35.1352922567096], [136.60794851051708, 35.13535351010415], [136.60790998517226, 35.13538948071077], [136.607877976086, 35.135425487620914], [136.60786202431072, 35.1354533860613], [136.60785125146464, 35.13552639829618], [136.6078903435076, 35.1355726089878], [136.60797483742473, 35.135637181816584], [136.60802199271416, 35.13567806986371], [136.6080384078006, 35.13571249337212], [136.608047056662, 35.13575730951081], [136.60798538108003, 35.13587346729597], [136.60796871628827, 35.135937989309944], [136.60797159328123, 35.135996425236954], [136.6079695852543, 35.13605488647069], [136.60795275633546, 35.13610328191178], [136.6079507456187, 35.13616174371052], [136.60796577887749, 35.136205963010106], [136.60796616834494, 35.1362583557172], [136.60796141568554, 35.13627654947923], [136.60792471757588, 35.13629286178438], [136.607831622232, 35.13630537645083], [136.60767705726184, 35.136300173094334], [136.6075568222638, 35.13628866940425], [136.6074783242658, 35.13628702526389], [136.6074047291549, 35.13628739796252], [136.60732387857703, 35.13629787784819], [136.60719655425768, 35.13632471928234], [136.60711826785996, 35.136351313494025], [136.60707931879566, 35.13639383490326], [136.6070552647536, 35.136456421919895], [136.60704491297992, 35.13654612289468], [136.60702128227743, 35.13667117119457], [136.60702219581157, 35.13679405279206], [136.60702020177712, 35.13685448432771], [136.60705023932135, 35.136905106463246], [136.60713080686617, 35.137006106085735], [136.60723752842566, 35.13709676198842], [136.6073139039637, 35.13713017765535], [136.60737380344924, 35.13713804317683], [136.60743001534905, 35.137145927347824], [136.60750045549227, 35.13714197950925], [136.60756525306707, 35.137128340915034], [136.60763371300524, 35.137111656144725], [136.60770599390762, 35.13709586800951], [136.60776836805996, 35.13709660764319], [136.60782211303268, 35.137112744029224], [136.60787220358316, 35.13713910951548], [136.60790620540038, 35.13718090793318], [136.60791651362078, 35.13722388389576], [136.60791754639993, 35.13726472271171], [136.60791307000224, 35.13730812519394], [136.60788330757907, 35.137346726367674], [136.60783567470145, 35.13739724954867], [136.60778533874563, 35.137430250861335], [136.6077386754436, 35.137449712015325], [136.60768019490462, 35.137453811791], [136.60755862049356, 35.13746984981054], [136.60742088519828, 35.13751470225801], [136.60729732374136, 35.13757490515972], [136.60719483646955, 35.137638804556715], [136.6071274973843, 35.13770829937101], [136.60707650388582, 35.13777390915366], [136.60705027869543, 35.137861436087825], [136.60704384902107, 35.13794217213431], [136.6070420324227, 35.13801520828028], [136.60701904350432, 35.13807102843611], [136.60698911132127, 35.13813265835762], [136.60696137701652, 35.13818470032073], [136.60693391510304, 35.138267443754266], [136.60694992506996, 35.13837398141731], [136.60698800173304, 35.13845639341453], [136.60703751060754, 35.13850804352058], [136.6070662149648, 35.13859240433551], [136.60705255476884, 35.138640501269876], [136.60701524913185, 35.1386618168558], [136.6069684278767, 35.13866015323649], [136.60686072328764, 35.13865105050459], [136.60682095989412, 35.13865322373042], [136.606764750648, 35.13864583243277], [136.60671304198576, 35.1386153204691], [136.60669175284235, 35.13858275249577], [136.60667948003638, 35.138505983748374], [136.60662480092185, 35.13839288125304], [136.60653314403623, 35.1383396138402], [136.60641830962317, 35.13831132149588], [136.60629424814698, 35.138310047897306], [136.60613992276637, 35.13832618066934], [136.6060162163868, 35.138367158238445], [136.60598158103008, 35.13843071328135], [136.60597512000348, 35.1385076468706], [136.60600649637541, 35.13863424790538], [136.60608827183918, 35.138777002270764], [136.60608173994976, 35.13883851377361], [136.6060259722981, 35.1388906265588], [136.60596321818733, 35.138948620259505], [136.60583981015384, 35.13902994822378], [136.6057606536018, 35.1390898547106], [136.60568895376693, 35.13920169554092], [136.60555872887596, 35.13931186104408], [136.60550047504648, 35.13934673231923], [136.60546809668497, 35.13939682588837], [136.60548307935002, 35.139480763775545], [136.6055847844275, 35.13954208012303], [136.60577370656367, 35.1396126734004], [136.60590363173696, 35.139670043828446], [136.60596069111054, 35.13971707871], [136.60598122986394, 35.13978119968761], [136.60593411818596, 35.13991981694279], [136.60593151927816, 35.140112575305174], [136.6059421059744, 35.14025083120856], [136.60594619632755, 35.14033411980578], [136.60594584034723, 35.14041890922317], [136.60592829393838, 35.14048653281476], [136.60591057233833, 35.14053605937477], [136.60587285716306, 35.14058899589205], [136.60583297775725, 35.140622155308755], [136.60578506129087, 35.14065204611437], [136.60575101360516, 35.14066207699973], [136.6057029362566, 35.14067056027825], [136.60565468244087, 35.14066094484888], [136.60560033063035, 35.1406381214466], [136.60549769350237, 35.140595824119146], [136.60539100260206, 35.14055023734507], [136.60530463543404, 35.14053419540308], [136.60522237059882, 35.140539541545586], [136.6051303987712, 35.140582893189844], [136.6050607230279, 35.140655710497235], [136.60497570320373, 35.14082747764153], [136.60493490891986, 35.14100887977475], [136.6049217818333, 35.141129157472776], [136.60490723193766, 35.14119599078121], [136.60487946444405, 35.141243877463744], [136.60482170043778, 35.14129853549643], [136.60474594052695, 35.14136645345899], [136.60463023250588, 35.14145767183959], [136.60451878444488, 35.14158013669561], [136.60447314238485, 35.14165121167203], [136.60444476664966, 35.14174445338506], [136.60444155277048, 35.141854820073384], [136.60443826188114, 35.141948708994015], [136.60441334939486, 35.14211031269102], [136.60434377067634, 35.142335521229874], [136.6042888457864, 35.14250213462444], [136.60422997705012, 35.14281961207905], [136.6042127334651, 35.142928430542064], [136.60424127401896, 35.1429908913101], [136.60429779019387, 35.14303342212482], [136.60443545769752, 35.1430648385217], [136.60458990104894, 35.14305743792414], [136.604738049316, 35.14301056291256], [136.60480403507682, 35.14297727118229], [136.60485807191563, 35.14295727971674], [136.60489013483436, 35.142957117499684], [136.6049243668437, 35.142971732866705], [136.6049449051166, 35.1430359240014], [136.60493416519586, 35.14321224397938], [136.60492475499453, 35.1432963047415], [136.60492552294983, 35.14340003263731], [136.60496752296814, 35.14351432583621], [136.60501630983725, 35.14360140186061], [136.60508523798418, 35.143693305409535], [136.60518629059743, 35.14379328503245], [136.60528886427377, 35.143855511352555], [136.60538578912386, 35.14390720292321], [136.60545671943018, 35.1439455056753], [136.60553252483143, 35.14400504991856], [136.60558654183524, 35.14405731078104], [136.6056419259259, 35.1441494937563], [136.60566381851302, 35.14424607172807], [136.60565790353456, 35.144344410322496], [136.60566474138957, 35.14445141656447], [136.60567142661438, 35.1445437054524], [136.6057142362007, 35.14463405068007], [136.60579928498674, 35.14473742099615], [136.60586203390704, 35.14481125679978], [136.60588878019158, 35.14489161362555], [136.60589138412894, 35.14492448638987], [136.605864145093, 35.144957018631956], [136.60581218390283, 35.144985238619384], [136.60572614687504, 35.14502032243473], [136.60565424508252, 35.145065122489044], [136.60561451224996, 35.14511806855445], [136.60561891383307, 35.14517403134743], [136.60566951011222, 35.14523306862172], [136.60573995487255, 35.14525742970367], [136.6059209171614, 35.14531087627688], [136.60608769281185, 35.145341367481244], [136.60615930047442, 35.145389594460724], [136.60626287512906, 35.14555709269094], [136.60633612317977, 35.1456934074941], [136.60637983637557, 35.145766493530154], [136.60650099541775, 35.145871368534365], [136.60664619575672, 35.14596943183057], [136.6066947468185, 35.14601862049888], [136.60672122720712, 35.14607446983698], [136.6066494114139, 35.14613088951305], [136.606552577409, 35.14626468771557], [136.6063070440526, 35.14663747482919], [136.60623325424612, 35.14683805506429], [136.60620089993535, 35.147070466875476], [136.60619617654908, 35.147248373584404], [136.6061819064002, 35.14735309178773], [136.60614632501995, 35.14742242508669], [136.60605063383505, 35.147508613607634], [136.60597270914164, 35.14755675399802], [136.6059170273231, 35.14762126043258], [136.60587642971376, 35.14769646465132], [136.6058709793665, 35.147770645379], [136.60588769834507, 35.147862812230734], [136.60590138459781, 35.14792788138265], [136.605901489029, 35.14795907779452], [136.60586145397983, 35.14797737865963], [136.60579934853618, 35.14799093308506], [136.60563497399414, 35.14801317541876], [136.6054545718445, 35.14804204800992], [136.60533666062497, 35.14810363070486], [136.60527705830845, 35.148183016232814], [136.60522337329465, 35.14825082216427], [136.60514349845528, 35.14830228190016], [136.60503152158353, 35.14836052507095], [136.60491233679178, 35.148504788076224], [136.60460784578856, 35.14886674550989], [136.60460291578715, 35.14901169733643], [136.60460675512678, 35.14912456208025], [136.60461148048304, 35.14921840977695], [136.60456387815591, 35.14929773326708], [136.60447814276588, 35.14937394082486], [136.60441615672894, 35.149403902244664], [136.60432797205266, 35.14941589877755], [136.60424349442846, 35.14938998942607], [136.60416100525532, 35.14936075959464], [136.60409060123052, 35.14933639849715], [136.6040163623726, 35.14933839423696], [136.60396854696393, 35.14938314251124], [136.6039312488339, 35.149470019707756], [136.60388394657386, 35.149537511365985], [136.60381826345653, 35.14955439349891], [136.603710026389, 35.14956810975483], [136.60362603579122, 35.1496080412082], [136.6034942962017, 35.149707579845646], [136.6034394262855, 35.149882501903875], [136.60339643892732, 35.15004081432263], [136.60334122822692, 35.1501696128606], [136.60329372324762, 35.15026210442004], [136.6032101923017, 35.150364638361076], [136.60312634740615, 35.150424357259084], [136.60301038440986, 35.15047768890262], [136.6028661583409, 35.150517995765085], [136.6027217073283, 35.15052196517368], [136.60251322963794, 35.15055266662242], [136.60241324293594, 35.150609649901995], [136.6023261355338, 35.15074473563647], [136.6021865893763, 35.15107085762259], [136.6020866185789, 35.15128734493618], [136.60209023498012, 35.151446056259374], [136.602078934013, 35.15157068864279], [136.60198658309616, 35.151657562844505], [136.60183913252484, 35.15174365798677], [136.60167784252525, 35.15177862768741], [136.6015410196834, 35.151811501289714], [136.60148997062683, 35.151853941487715], [136.60144403016182, 35.15193248204856], [136.6014596529872, 35.15205697858509], [136.60154751239818, 35.15219216642287], [136.60156794667608, 35.15230656834533], [136.6014863460386, 35.15252599098485], [136.60132053619037, 35.15294266674171], [136.6012274041992, 35.15309285244503], [136.60122587800052, 35.15321736519565], [136.60125879885018, 35.153367899569], [136.601239314507, 35.153545811150835], [136.60124322433646, 35.153744659831574], [136.60126401468767, 35.15390729675981], [136.60132156580877, 35.15407777691988], [136.60142321000052, 35.154465985784014], [136.60144486069748, 35.15462291405314], [136.601469279072, 35.154695676582016], [136.60151768144115, 35.15477669672667], [136.60163089015808, 35.1548546430412], [136.60175407819693, 35.15489049752465], [136.60184301084485, 35.15491525850952], [136.60192145162327, 35.15490648079198], [136.60197599038673, 35.15489493735903], [136.60206548483083, 35.15498983366845], [136.6020971352563, 35.15511861345343], [136.60211681271304, 35.15524048276235], [136.60212410701288, 35.15530495050112], [136.6021244998716, 35.15535818701005], [136.60211125875378, 35.15541149149445], [136.60206396961422, 35.155481870523396], [136.6020199688509, 35.15553251403315], [136.60193510225227, 35.155600266612076], [136.6017954707427, 35.15564301444911], [136.60172390972568, 35.15566020740827], [136.60168663970612, 35.155699621018655], [136.6017009144321, 35.15578644729982], [136.60177047396604, 35.15595714732668], [136.60177656001557, 35.1560902814077], [136.60175054990202, 35.156267028202635], [136.6015860658346, 35.15664355596971], [136.60118111369633, 35.15751889566244], [136.60108353806623, 35.15771283662759], [136.60107138985563, 35.15791472374083], [136.6010749524573, 35.158165686072984], [136.60117955000158, 35.158465077502655], [136.60133055148412, 35.15903345235068], [136.60141320187864, 35.159362461142834], [136.60152385491355, 35.1595525282229], [136.60174086907045, 35.1598149400545], [136.60196644984413, 35.16007596948636], [136.60210766280437, 35.16024623255397], [136.602208612387, 35.16050923318082], [136.60233042909812, 35.16082261766563], [136.60246391185592, 35.16110094390103], [136.602657693301, 35.161450368732694], [136.60286755857203, 35.16166796248917], [136.6031389632032, 35.161899335973466], [136.60332814308467, 35.162086196108426], [136.6033953787724, 35.162174167663665], [136.60345807561347, 35.1623449115012], [136.60371658300153, 35.16268283452377], [136.60404401379054, 35.163098931495554], [136.6041351107238, 35.16318396469693], [136.60418700656157, 35.163279056335455], [136.6042050969104, 35.163419112396724], [136.60417697887183, 35.1637781465792], [136.60413986790556, 35.164068490676], [136.6040900020174, 35.16425664054269], [136.6040600406125, 35.164357713469904], [136.60401292922913, 35.1644533105565], [136.6038878389881, 35.164622123653366], [136.6036709479316, 35.16484471612707], [136.6034933263053, 35.16506576997838], [136.60339891531058, 35.165231609228435], [136.60335229619108, 35.1653888952481], [136.6033267053227, 35.16562452851627], [136.6033572581684, 35.16606735058722], [136.60349901773333, 35.166547497551115], [136.60364067985262, 35.16677390167029], [136.60376081827954, 35.166860197456465], [136.6040009540134, 35.16701877499259], [136.60419455402823, 35.16711174100088], [136.60439357428606, 35.16724806072157], [136.604565447011, 35.16740705518788], [136.60477851652163, 35.167593800246344], [136.60483558827875, 35.16769302207321], [136.60482529801212, 35.16781033396367], [136.60484485173575, 35.167951016670436], [136.60487379567715, 35.16810313120723], [136.60486110037036, 35.16826679630103], [136.60476923083428, 35.16842234043037], [136.60470843938074, 35.168512371770554], [136.60465444680418, 35.168605186128914], [136.60465169543127, 35.16869210592087], [136.60473106963946, 35.1688094559024], [136.60495818792376, 35.1690522604396], [136.60525882826175, 35.16931004463524], [136.60539279181742, 35.169415920173854], [136.60533304826018, 35.16918635150066], [136.60532873635987, 35.169065803392876], [136.6052838216566, 35.16899314056248], [136.60512599745834, 35.16888456930838], [136.60506066844272, 35.16882320679432], [136.6050428209614, 35.16871674238402], [136.6050621268019, 35.16855403011177], [136.60500811442273, 35.16840993037944], [136.60495917828408, 35.168250382141956], [136.6049481294367, 35.168141065712405], [136.60492268259293, 35.167933719192234], [136.6048878938616, 35.16784417282303], [136.6048870937422, 35.16773487537728], [136.60494053167088, 35.1675719193259], [136.60501242709597, 35.16741739148454], [136.60505763682687, 35.1672611674762], [136.6051213704468, 35.16710477876029], [136.60519040420206, 35.167039775804795], [136.60531042068547, 35.16697444356428], [136.60547692865964, 35.16692788970763], [136.60568952436523, 35.16685074709261], [136.60582798013502, 35.16677391158344], [136.60604668427575, 35.16657679964408], [136.60622650151552, 35.1664503123822], [136.6064756828811, 35.166304385164764], [136.60671578266223, 35.16618899879237], [136.60688170442967, 35.166062580575], [136.60711216678953, 35.16589012503928], [136.60724549007944, 35.16574485637066], [136.60733692295057, 35.165576913144484], [136.6074190415411, 35.16507991113318], [136.6074404918024, 35.1648476020608], [136.6074533544262, 35.16470675261478], [136.60746116406335, 35.16450881135582], [136.6074881553699, 35.164394511053494], [136.60755202713975, 35.16425720284792], [136.6076440596109, 35.16416538665707], [136.60778714529488, 35.16408852160008], [136.60805894758653, 35.163870211763786], [136.60817885065632, 35.163789661593405], [136.60831952218535, 35.16369949745953], [136.6083978157422, 35.16363444257756], [136.60843404115866, 35.163516219830385], [136.6084510001016, 35.163303018490026], [136.60840834611335, 35.16317005920699], [136.60843944870757, 35.162991012544715], [136.60852842763757, 35.16279842862536], [136.6087313358245, 35.162664137114724], [136.60902168817915, 35.1624495293924], [136.6092010235725, 35.16225831029329], [136.6093023752882, 35.16217411957995], [136.6094918935343, 35.162108420438244], [136.60979704482497, 35.16201553830186], [136.61006967406578, 35.16191522587205], [136.61028241921449, 35.16185711581862], [136.61043496572697, 35.16181064579575], [136.6105318672024, 35.161753044444325], [136.61063770549268, 35.16165743775006], [136.6107108899322, 35.16152382705524], [136.61077833047383, 35.16124955983084], [136.61082399433135, 35.160855478373264], [136.6108592786004, 35.16061552584354], [136.61086311148804, 35.16050896277645], [136.6108854475662, 35.160394701269794], [136.6109772091136, 35.160276290541084], [136.61121226288395, 35.16010772639421], [136.61150749486393, 35.15993118497087], [136.6118080284015, 35.159849751607446], [136.61197677047042, 35.15979756906856], [136.61215670570596, 35.15969392319168], [136.61228066138145, 35.159541053606105], [136.61237182073705, 35.15934271710566], [136.61237917955378, 35.15908395845707], [136.61230686806906, 35.15871518189237], [136.61217405334668, 35.15830488178446], [136.61203464976978, 35.1579422182274], [136.61198664925087, 35.15772176447625], [136.61205678670356, 35.15718481533943], [136.6120913126062, 35.156849796008075], [136.6122713132936, 35.15644742733059], [136.61241344478012, 35.1562488307734], [136.61256036103615, 35.15606542075049], [136.6126884879929, 35.15585168425282], [136.61277935803935, 35.15561531835103], [136.61282452895657, 35.15545911015333], [136.6129072250388, 35.15536735766608], [136.61321116188756, 35.15511843560784], [136.6134347300784, 35.154963225344716], [136.61354524898857, 35.15487133100766]]]}}, {"type": "Feature", "properties": {"rowId": 283, "city_name": "桑名市", "town_name": "多度町多度二丁目", "households": 156, "population": 457, "e_stat_code": "24205166002"}, "geometry": {"type": "Polygon", "coordinates": [[[136.6329642667337, 35.131835198469986], [136.6330388354243, 35.13138585260432], [136.63298116322645, 35.13139354881402], [136.63285132364206, 35.13135303139648], [136.632608428367, 35.131158593949884], [136.63279450720051, 35.130037520380405], [136.633123820504, 35.12979677389747], [136.63336776846467, 35.129618448129776], [136.63359242539897, 35.129450855956854], [136.63338834171503, 35.12925354123606], [136.63289236303038, 35.129595376464124], [136.6326863507305, 35.129691388167075], [136.63262844060904, 35.129718382419426], [136.63230936215285, 35.129758435039875], [136.63194283747598, 35.12971556407756], [136.63169278303866, 35.12962539205358], [136.63150534971035, 35.12955784924738], [136.63127337119334, 35.12944413012961], [136.63120819402562, 35.12941214676321], [136.6307861182064, 35.12923512279882], [136.63065043627077, 35.12915322473581], [136.6304182558227, 35.12901302587094], [136.6301360213076, 35.128784141831154], [136.62975986357432, 35.12849166211199], [136.62971233057561, 35.128430078382685], [136.62958656697498, 35.12840601565332], [136.62932561359952, 35.128368924571866], [136.62924946090266, 35.12876503441672], [136.62914543303356, 35.1293151645829], [136.62899311871072, 35.129288563892764], [136.62883865778292, 35.12986860516493], [136.62873823844416, 35.129851944122244], [136.62873204098912, 35.1298986674314], [136.6287145390269, 35.13003059207755], [136.6285471831215, 35.1300039980199], [136.62848301615566, 35.13035447943476], [136.6284140176317, 35.13034969810974], [136.62826342559916, 35.13032991734035], [136.62812135104426, 35.130330656395756], [136.62807961670583, 35.13033770457096], [136.62798022542202, 35.13045498466944], [136.62787255477537, 35.13058258846374], [136.62776932286414, 35.13074101520818], [136.62768529663828, 35.1309168780698], [136.62765440655906, 35.13100218036806], [136.6276327015697, 35.13111708442375], [136.63078424807674, 35.13155307222235], [136.63276918271765, 35.131809951531565], [136.6329642667337, 35.131835198469986]]]}}, {"type": "Feature", "properties": {"rowId": 287, "city_name": "桑名市", "town_name": "多度町大鳥居", "households": 93, "population": 251, "e_stat_code": "242051700"}, "geometry": {"type": "Polygon", "coordinates": [[[136.66212234568107, 35.12643485173733], [136.66211917651736, 35.12383591263583], [136.66421367184347, 35.123836202538804], [136.66422092650345, 35.12120487326044], [136.66934128820432, 35.121160768229515], [136.66853720661342, 35.120272995750334], [136.66810683552947, 35.119814721002356], [136.66765897207432, 35.11937104851322], [136.6674524424091, 35.11912309366455], [136.66730225541212, 35.11886320849038], [136.6671861495701, 35.11863588188825], [136.66710161774307, 35.118470285364815], [136.66665494132621, 35.117739831475305], [136.66646133094255, 35.11734109454992], [136.66622491478628, 35.11688470212939], [136.6660734636798, 35.11646840899423], [136.665986191092, 35.11614444318157], [136.66589342980438, 35.11569339174392], [136.66475437066177, 35.11575506918762], [136.664310827265, 35.115785671351404], [136.66379567024276, 35.11584744029147], [136.66355357314967, 35.115866372365666], [136.66331341803368, 35.11586592657637], [136.66322974438648, 35.11585758094864], [136.66318035014362, 35.1158437663708], [136.66314799734025, 35.11582281660723], [136.66311138729486, 35.11580012841631], [136.66295469465314, 35.11578161956259], [136.66284197399574, 35.11575850256186], [136.6625087330842, 35.11564588496385], [136.6622874330851, 35.115587233737855], [136.66216929191458, 35.115561470133045], [136.66206206457434, 35.115555014100366], [136.66192916757353, 35.11555926078236], [136.66170750322817, 35.115587796138065], [136.66166459391184, 35.11558626982257], [136.66156350829027, 35.11554456695233], [136.661486148167, 35.115527383105096], [136.66142181244913, 35.11552597366013], [136.6612912709522, 35.115551335275214], [136.6611990693229, 35.11555359900753], [136.6607047137301, 35.11553249182964], [136.65956538269134, 35.11555545891663], [136.65931888705734, 35.11556560398721], [136.6591432787712, 35.11558768714922], [136.65901489491583, 35.11562007739058], [136.65887382292837, 35.115673662834155], [136.65838957986446, 35.1159772918306], [136.65822340701953, 35.11608559222652], [136.65791821663407, 35.11628436927103], [136.65777295879818, 35.11635030168544], [136.65732902468443, 35.11646623603033], [136.65665087478152, 35.116654779775075], [136.65623160057496, 35.116773254676886], [136.65609451509303, 35.11678984311609], [136.65597874124205, 35.11679223033901], [136.65587997007793, 35.116771637662666], [136.65573593323543, 35.11672311982979], [136.65543030981453, 35.11658040334202], [136.65521472384222, 35.11643191648096], [136.65512634062316, 35.11637084381476], [136.65507013891357, 35.11631480791359], [136.65505257441058, 35.11626208371412], [136.65503255779316, 35.11617064019654], [136.6550130375467, 35.116055389832226], [136.65465158698893, 35.116978573930105], [136.65347382711963, 35.1199568908554], [136.65350440907096, 35.11998172678021], [136.6535744046416, 35.11999381421146], [136.65375986595743, 35.120007813440054], [136.6537172524527, 35.12056841861059], [136.65400043046375, 35.120646821889004], [136.65410082643197, 35.12066620929557], [136.65431355010313, 35.1206700604771], [136.65464464790276, 35.12065826952227], [136.65465917088602, 35.121716684050405], [136.6547179375669, 35.1227610546205], [136.65668621168246, 35.122769266828286], [136.65668373407638, 35.123276834475725], [136.65693992260097, 35.12326466922805], [136.65690396279484, 35.12486372838809], [136.65583448596124, 35.12486952849289], [136.6558214257746, 35.12432633888639], [136.65446756554599, 35.124322892844205], [136.65420660021232, 35.125377158918525], [136.65548276278457, 35.12537877519249], [136.65548051567984, 35.12588992946017], [136.6579345135208, 35.12587985326634], [136.65794204603384, 35.12642722271041], [136.65998842002443, 35.12643185579811], [136.66212234568107, 35.12643485173733]]]}}, {"type": "Feature", "properties": {"rowId": 279, "city_name": "桑名市", "town_name": "多度町小山", "households": 829, "population": 2573, "e_stat_code": "242051630"}, "geometry": {"type": "Polygon", "coordinates": [[[136.6418221373768, 35.13831838162313], [136.64189720138674, 35.137429224803675], [136.64195942673365, 35.13739466915399], [136.6421723821187, 35.13682781846158], [136.64226197989876, 35.13663268953979], [136.64233594701702, 35.13643982658146], [136.64242355819525, 35.136155902486145], [136.6426476182314, 35.13550877884749], [136.6426733983926, 35.13547871151374], [136.6427124119304, 35.135474207958865], [136.64282300461522, 35.13546397318954], [136.64278625050886, 35.13509626976128], [136.64277056497738, 35.13492205138123], [136.64277415286273, 35.13471885764477], [136.6427035421508, 35.13467859747429], [136.6426614695429, 35.13462107202444], [136.6426260109927, 35.13441801458904], [136.64259330354403, 35.134232126164534], [136.64258311458676, 35.13392843853509], [136.6425830107242, 35.13373512328891], [136.64258117233314, 35.13361576318037], [136.64271459501416, 35.133614773725284], [136.64293198214312, 35.133597209850585], [136.64324219373842, 35.13355598319813], [136.64297097422775, 35.13323614651973], [136.6428250265863, 35.132963180779214], [136.6427158025054, 35.132683681673214], [136.64271536933165, 35.13248684744093], [136.64268997417457, 35.132091547481785], [136.64263270167433, 35.1317522630082], [136.64258851376675, 35.13167080493007], [136.64249107064282, 35.131460964122546], [136.64254464157395, 35.13104601894807], [136.64269549741945, 35.130384281267226], [136.64284393568767, 35.129879040440734], [136.64291889746508, 35.129312216470225], [136.64296372008818, 35.128864287564475], [136.6429887718531, 35.12876886974712], [136.64304363157638, 35.12864329312557], [136.64323092997822, 35.128344118630686], [136.6433567366806, 35.12816619121383], [136.6434969952109, 35.12796783296325], [136.64350926804653, 35.12789368083598], [136.64350657821203, 35.12768819620093], [136.64347766690292, 35.12728791412222], [136.643441735836, 35.12668209995695], [136.6434899847115, 35.12626197077204], [136.64375943342912, 35.125500512930294], [136.64286040212377, 35.12508689974122], [136.64343142861512, 35.12317759053672], [136.64224326685547, 35.12237211153257], [136.64260832188822, 35.12196966350812], [136.64270669590724, 35.12159123817794], [136.64250541815298, 35.121571673457275], [136.64220730401195, 35.1215762140105], [136.641962985551, 35.12156567953695], [136.6416090297534, 35.12154840197484], [136.6413539792121, 35.121546797353474], [136.64097310079845, 35.12152818121337], [136.6406029989548, 35.12151239534388], [136.6402400522091, 35.12149072462017], [136.640123143627, 35.12146922985285], [136.64000800016862, 35.12144328828811], [136.6398857495142, 35.12142914579689], [136.6397349025233, 35.12142994375879], [136.6395233122883, 35.12147240294204], [136.63936535853784, 35.12148499849617], [136.63895641756818, 35.12155504953961], [136.63852389742732, 35.12159127867195], [136.63827967460463, 35.12159848400266], [136.63808911784477, 35.1215689953075], [136.63798476497985, 35.121552784571435], [136.63783343306235, 35.12149160847045], [136.63757693186417, 35.121304080276865], [136.6371574667209, 35.120943318325104], [136.6369224079181, 35.12074088707313], [136.63682978364034, 35.12061298900194], [136.63665202898278, 35.12038370464182], [136.63646035931006, 35.12021653847711], [136.63618932148674, 35.12000542109616], [136.63593262041806, 35.119791338639295], [136.63569754374436, 35.119586015542104], [136.63544295319977, 35.119411710962694], [136.6351942563602, 35.119300899150915], [136.63504885096728, 35.11925137855164], [136.6342503553918, 35.11893985271157], [136.63368354848703, 35.11879972606473], [136.63338883822982, 35.11877176602652], [136.63296133915603, 35.11876217856241], [136.6323614900925, 35.11875940852867], [136.63208290427758, 35.11873283972332], [136.6317309840032, 35.11874355654506], [136.6314262065138, 35.11881008581219], [136.63107506551373, 35.11892108336887], [136.63067753016, 35.11906781779187], [136.63030778328724, 35.119328002939625], [136.62987953443408, 35.11968730024418], [136.62933671377152, 35.120094517450866], [136.62910825756595, 35.12027275787702], [136.62902992091014, 35.12036169074707], [136.62841674021118, 35.12073236541763], [136.62818391198044, 35.12081618621246], [136.62780336162064, 35.12083887242538], [136.6276416981372, 35.121766366775724], [136.62758981681554, 35.12201354626911], [136.62744952026847, 35.12256640816318], [136.62736454187797, 35.12289566500874], [136.6272947695388, 35.12312913402171], [136.62726369857464, 35.12322943992011], [136.62722214390064, 35.12334289936059], [136.62726087577875, 35.123441716077366], [136.627344524953, 35.12360790666684], [136.62741197757694, 35.12375777186054], [136.62744674158083, 35.12383674931032], [136.6274215771499, 35.12396920873794], [136.6274044830995, 35.124081484640804], [136.62739511268424, 35.12426153908611], [136.62749338909072, 35.12442927384521], [136.62763688601535, 35.12464247857161], [136.62782961410159, 35.124948387416325], [136.62803637859326, 35.125207036994475], [136.6281743279594, 35.125395197691006], [136.62821126304286, 35.12552782527309], [136.6281860230026, 35.12575078003263], [136.6281799107914, 35.125886590093195], [136.62816630471573, 35.12598990254046], [136.62819569904326, 35.126072428307594], [136.62826875238488, 35.12623141837942], [136.62839585664614, 35.12640780292435], [136.62858005477966, 35.126774318083115], [136.62861320685582, 35.126877387559155], [136.62847209344383, 35.126979956232596], [136.62829117510367, 35.127089492718966], [136.62812148672137, 35.12721044964179], [136.62799512166725, 35.12735280170103], [136.627977679426, 35.12752529133682], [136.62831402248017, 35.1277410815595], [136.62867541145266, 35.12803089675277], [136.6289825971254, 35.12824979533363], [136.6291029134607, 35.128323746636575], [136.62932561359952, 35.128368924571866], [136.62958656697498, 35.12840601565332], [136.62971233057561, 35.128430078382685], [136.62975986357432, 35.12849166211199], [136.6301360213076, 35.128784141831154], [136.6304182558227, 35.12901302587094], [136.63065043627077, 35.12915322473581], [136.6307861182064, 35.12923512279882], [136.63120819402562, 35.12941214676321], [136.63127337119334, 35.12944413012961], [136.63150534971035, 35.12955784924738], [136.63169278303866, 35.12962539205358], [136.63194283747598, 35.12971556407756], [136.63230936215285, 35.129758435039875], [136.63262844060904, 35.129718382419426], [136.6326863507305, 35.129691388167075], [136.63289236303038, 35.129595376464124], [136.63338834171503, 35.12925354123606], [136.63359242539897, 35.129450855956854], [136.63336776846467, 35.129618448129776], [136.633123820504, 35.12979677389747], [136.63279450720051, 35.130037520380405], [136.632608428367, 35.131158593949884], [136.63285132364206, 35.13135303139648], [136.63298116322645, 35.13139354881402], [136.6330388354243, 35.13138585260432], [136.6329642667337, 35.131835198469986], [136.63276918271765, 35.131809951531565], [136.63276991488766, 35.13190452754477], [136.6327743669136, 35.13198668994732], [136.6327895446143, 35.13211492355055], [136.63286237586908, 35.132243347629775], [136.6329351327845, 35.1323237437937], [136.63298811599446, 35.13238543966707], [136.633090296988, 35.132457582286904], [136.63327088870403, 35.132520580793624], [136.63354604847427, 35.13259688705074], [136.63382118952276, 35.132665446160026], [136.63406964043213, 35.13274055336456], [136.63424719470413, 35.13279884863654], [136.63457601088894, 35.13291832311621], [136.6349148348777, 35.13305655086627], [136.635285507299, 35.13323883660169], [136.6354620063118, 35.13336488503409], [136.63562235363477, 35.13356320425358], [136.63579501803196, 35.13373054112713], [136.63594504554922, 35.13384215115151], [136.63624092893744, 35.134112716779356], [136.63648697152507, 35.1343122031922], [136.6366840690367, 35.13439701427378], [136.63701164298485, 35.134608184432835], [136.6376294482449, 35.135051212457746], [136.63806857112078, 35.13536306286895], [136.63878202758693, 35.13574719977672], [136.63866761296848, 35.13581132578527], [136.63835775524328, 35.13600352930494], [136.63827858933178, 35.1360314116997], [136.63815751158936, 35.136049163644955], [136.63802354114063, 35.13601902318977], [136.63792303057224, 35.13599208722865], [136.6378688327506, 35.136006106111026], [136.63756769648154, 35.13677841754411], [136.63798624459056, 35.13685860944282], [136.63783395432975, 35.13716153141757], [136.6380225148645, 35.13722230075991], [136.63826975602564, 35.13731029537529], [136.63850024276758, 35.1373880260416], [136.63876803457956, 35.13743464379983], [136.6390086585283, 35.137476333242425], [136.63922197378488, 35.13749577086463], [136.63943089943, 35.13749128754607], [136.63997989731678, 35.1376874780836], [136.640214408996, 35.137748070760175], [136.6407089133099, 35.137920531041864], [136.64093306281583, 35.137993149969425], [136.64110477748522, 35.13803689031688], [136.6411758808007, 35.138046796463975], [136.6412016555388, 35.13813588736559], [136.64130626175876, 35.13814906633184], [136.64134747300994, 35.1380801847271], [136.64151539191576, 35.138175424438316], [136.6416915867772, 35.1382603392176], [136.6418221373768, 35.13831838162313]]]}}, {"type": "Feature", "properties": {"rowId": 296, "city_name": "桑名市", "town_name": "多度町平古", "households": 48, "population": 144, "e_stat_code": "242051790"}, "geometry": {"type": "Polygon", "coordinates": [[[136.65945384536664, 35.153048558399554], [136.65604677149676, 35.151638045145674], [136.655843961819, 35.151966410618144], [136.65243344963014, 35.151289496226084], [136.6519782917941, 35.15275932950013], [136.64769167443703, 35.15189023832394], [136.64773326461767, 35.152426866967346], [136.64733790195868, 35.15241616901434], [136.64548501748988, 35.15255674563887], [136.64547650828123, 35.15301068028624], [136.64551964841715, 35.15316961242442], [136.64550501034634, 35.153303075458645], [136.6455445404209, 35.15433115145578], [136.64551338804793, 35.15436575505804], [136.64544037414583, 35.15440910189386], [136.64541978318005, 35.15445653727424], [136.64549658070817, 35.15456155671116], [136.6457199902181, 35.15499060135507], [136.64583723139117, 35.15524386279282], [136.64594529392767, 35.15566492817876], [136.64604397481494, 35.155885962839285], [136.64600357291073, 35.156079778329], [136.64592994325866, 35.15670829577836], [136.64583464455967, 35.15724227633278], [136.64584502121318, 35.15756279901803], [136.64575967184265, 35.158032217013336], [136.6456880217777, 35.15824338107794], [136.64568515597819, 35.15854883182748], [136.64559731156504, 35.15903333310913], [136.64553781659714, 35.15945958272097], [136.64538434659715, 35.15992506467751], [136.64519933714598, 35.16038212008339], [136.6450217573719, 35.160781035519406], [136.64489352004233, 35.16113017907783], [136.6447335235884, 35.16143216543419], [136.64468265348884, 35.16162603058895], [136.64461776324325, 35.16203940106333], [136.64461523461057, 35.16238356865837], [136.64472548864944, 35.16274650631], [136.64473828161036, 35.163043339324055], [136.64480836906628, 35.16329247430414], [136.64503191325468, 35.16374297980091], [136.6452506441033, 35.164240904169375], [136.64537814821182, 35.16446825646551], [136.64583731554174, 35.16522940972664], [136.646499862967, 35.16620250773625], [136.64779399274366, 35.1655546106367], [136.6482426058122, 35.16530692090897], [136.64927798571884, 35.164731354158754], [136.6508633809084, 35.16381935787716], [136.65166634104733, 35.1633374855282], [136.6518928048528, 35.16315766931246], [136.65238266627478, 35.162832412267306], [136.6524555124824, 35.16276744033761], [136.65289304198433, 35.162451055981016], [136.65312777635137, 35.162324994908474], [136.65372784602755, 35.16202490944948], [136.65412453981563, 35.16184205149606], [136.6544661739879, 35.161653012151184], [136.65463264499564, 35.16150583729228], [136.65487673305853, 35.16124210786817], [136.6551729428878, 35.16093936171126], [136.6552869146121, 35.160779511003064], [136.65541062337584, 35.16052932327382], [136.65563978705396, 35.160035456227924], [136.65638470396198, 35.158536849326566], [136.6564779593581, 35.158398169096145], [136.65709408626444, 35.15717083383877], [136.65731629897903, 35.15679102094399], [136.65768888733774, 35.15622108739275], [136.65811552338474, 35.15553254562346], [136.65885087022124, 35.15414962535231], [136.65912407319598, 35.15359741548641], [136.65945384536664, 35.153048558399554]]]}}, {"type": "Feature", "properties": {"rowId": 291, "city_name": "桑名市", "town_name": "多度町御衣野", "households": 158, "population": 469, "e_stat_code": "242051740"}, "geometry": {"type": "Polygon", "coordinates": [[[136.6443200216525, 35.121885202303936], [136.64499885709785, 35.120175879806624], [136.6449735486087, 35.12007523593965], [136.64490751693396, 35.11999502133557], [136.64489843069225, 35.11988091003637], [136.64526844032437, 35.11900248770027], [136.6445600781412, 35.11881097346771], [136.64439706810583, 35.11927341303948], [136.643852859269, 35.119154615532395], [136.64396149374278, 35.118839515314924], [136.64404784949534, 35.118828914174195], [136.64394110116893, 35.11860123237398], [136.64397071272444, 35.11844381377974], [136.64401911805572, 35.118321790290736], [136.644067728102, 35.11822011821612], [136.64411685423318, 35.11818943263866], [136.64410980095815, 35.118077845216604], [136.64428437862168, 35.11767471334418], [136.64431388045577, 35.1176226523377], [136.6443569043695, 35.11754671480018], [136.64425030247776, 35.11750030859297], [136.64377584783531, 35.11744910036177], [136.6438545343928, 35.11705915548433], [136.64414923552312, 35.117118011858096], [136.6440786163947, 35.116809007056595], [136.64456286301285, 35.11692833535556], [136.64460913169134, 35.116785405451374], [136.64460526161005, 35.1166971830203], [136.64458540203987, 35.11658059396845], [136.6445659285024, 35.116513229814515], [136.64452743185316, 35.1164407560997], [136.64446696506124, 35.11638656913312], [136.64437817182463, 35.11634295596619], [136.64428011216194, 35.11632530912465], [136.64416634296094, 35.11632077397966], [136.64406216793512, 35.1163264697308], [136.6438285956645, 35.11635109375705], [136.64360130128114, 35.11637307875028], [136.6434641091795, 35.11626204428255], [136.64328319273105, 35.11612201459462], [136.64306505990672, 35.11592499820527], [136.64258760233648, 35.11549103901603], [136.64201247744063, 35.1156067731564], [136.64204226488735, 35.115427383251046], [136.64183919178953, 35.11465948648989], [136.6418193151475, 35.11458430729491], [136.6417853529158, 35.1144558204387], [136.64168746905406, 35.11389314846136], [136.6416145430047, 35.11359958052003], [136.64159303765814, 35.11351314130101], [136.6411941139465, 35.11190730491903], [136.6409510300743, 35.11094820195215], [136.64109688836052, 35.110107113994104], [136.64120904691183, 35.10984193106827], [136.641517313624, 35.1094221116791], [136.64167078757978, 35.10913114567736], [136.64174082014154, 35.10878942267494], [136.64172732304493, 35.108396943196304], [136.6415790550808, 35.10803074229929], [136.64150397090543, 35.107723874678015], [136.6416512515358, 35.10682007240626], [136.64180471233678, 35.10587833309061], [136.64182941411113, 35.10576657795381], [136.641924570796, 35.10506738284208], [136.64209781305468, 35.10399987223311], [136.64235245239277, 35.10336701826858], [136.6427491368681, 35.1035304850893], [136.6427852896268, 35.103545364364656], [136.64281923895547, 35.103503562910056], [136.64287250547272, 35.10346102515075], [136.64293661081575, 35.103434275573164], [136.6430361813836, 35.10341705703945], [136.6431260199343, 35.10339369154361], [136.6432136488577, 35.10336153564817], [136.64328616806864, 35.10331537428414], [136.64335222007017, 35.103263964765816], [136.64339024332554, 35.10318981714254], [136.6434167090485, 35.103013613897886], [136.64341005669127, 35.102925054715776], [136.64336161324658, 35.102278107193975], [136.64316374475555, 35.10219640811316], [136.64324505705102, 35.10203667604223], [136.64311357340958, 35.10167299536484], [136.64307729393119, 35.101559662370434], [136.6430652969321, 35.10139598867581], [136.64310211647984, 35.101032259415284], [136.6429487854506, 35.10088701159878], [136.64267169920925, 35.10067988248434], [136.64262632494658, 35.10063610803405], [136.64259149680487, 35.10056586776087], [136.64258303649208, 35.10044886584458], [136.64253311828062, 35.100366381185886], [136.64240130653968, 35.10023327303324], [136.64219492090862, 35.1000205560267], [136.64237890341596, 35.09956189004892], [136.64246478452637, 35.09951516571009], [136.64262950270358, 35.099468515803366], [136.64302193136095, 35.09942030691298], [136.64311829708976, 35.09941007648654], [136.64322212100438, 35.09938924321958], [136.6432958480887, 35.09936068200154], [136.6433842436574, 35.09929070345482], [136.6435638806124, 35.09916868941979], [136.64367999421708, 35.09907659147558], [136.64375230509148, 35.099004021932394], [136.64380158239126, 35.09893382773046], [136.6438215924589, 35.09889048110318], [136.64382453731307, 35.09885623840113], [136.64381770956348, 35.09883240116723], [136.643764668686, 35.098832682866615], [136.6435659676985, 35.098872964091164], [136.64332750063485, 35.09891775251638], [136.6431548233884, 35.098894654472005], [136.6430961644095, 35.098855808875875], [136.64275899911615, 35.09849364107287], [136.64245345842707, 35.09810961432172], [136.6424162463222, 35.098101078288344], [136.64228761196955, 35.09810499946354], [136.6420530560475, 35.0981400459922], [136.6416200772521, 35.09808135102182], [136.64151761179428, 35.097870477570034], [136.64139209285307, 35.097768743847155], [136.64099885596534, 35.0975322234342], [136.6408919669343, 35.09743468658076], [136.64084363604505, 35.097363109151914], [136.64081602511473, 35.09722374266365], [136.64088017892607, 35.09694663387648], [136.64084913918228, 35.09687820347626], [136.6405544451876, 35.09686018280618], [136.64029409460144, 35.09681796510602], [136.64021159893838, 35.09678790731981], [136.64013152129962, 35.096727342131956], [136.6398119194259, 35.0962629560467], [136.63974680264565, 35.096203438426926], [136.63966577893294, 35.096180626260335], [136.6395609448792, 35.09621441996654], [136.63938365279117, 35.09628514633822], [136.6392665494652, 35.09630569362313], [136.6391453334544, 35.096309642723305], [136.63909250624232, 35.096276680611155], [136.63905143275278, 35.09619055659899], [136.63903860937214, 35.09610090216027], [136.6390644482813, 35.09578850138011], [136.63896670244344, 35.09569267514641], [136.63892548356813, 35.09559317053503], [136.6389452392963, 35.095533275563724], [136.63902171642465, 35.0954897019377], [136.6390921761133, 35.09545447068971], [136.63910375728452, 35.09538461843081], [136.63907071266212, 35.09529514155304], [136.63900946893975, 35.0952156722521], [136.63880772208938, 35.095259906539766], [136.63868256593295, 35.095280495670565], [136.63804462671558, 35.09537364663499], [136.63795962622407, 35.09535740376017], [136.63791895210224, 35.09532768713755], [136.637882011128, 35.09525485017517], [136.63781644121048, 35.09514223335956], [136.63776337362938, 35.09507279227265], [136.63764115851708, 35.094953782385666], [136.63753864882747, 35.094768258902086], [136.63751370198656, 35.09467866940574], [136.63749498230496, 35.09460742693995], [136.63736126490835, 35.09456819911037], [136.63727631797764, 35.09455871631032], [136.63713524476236, 35.094609317996195], [136.63702687661907, 35.09470615817688], [136.63695032197035, 35.09473980091051], [136.63687342918107, 35.094730204535686], [136.6367927438126, 35.09475062955225], [136.63665164047822, 35.09479778000069], [136.6365668508826, 35.094808225543346], [136.6364977723871, 35.0947621078522], [136.6364529402409, 35.09471579296697], [136.63639216762877, 35.09469625219065], [136.63623881279096, 35.094726987611814], [136.63611383719848, 35.09477081325008], [136.6360295702321, 35.094854286734446], [136.63595297891746, 35.09487792814552], [136.63578363746615, 35.094935297139195], [136.63541644567917, 35.09502025390351], [136.63500502999534, 35.095132060795656], [136.6348336093258, 35.0951811298452], [136.6346194536059, 35.09518887044806], [136.63452247039726, 35.09519606912864], [136.6344703055163, 35.095242823928466], [136.63441874106238, 35.09537260622811], [136.6343711977267, 35.095495817340044], [136.63428354410615, 35.09566241053782], [136.63422748241746, 35.095725805494695], [136.63414681967606, 35.09574953869462], [136.63401738097818, 35.095736978038694], [136.63389176038893, 35.09569763511422], [136.63369296005504, 35.095602405830334], [136.63351835398657, 35.09550028805978], [136.63324143163825, 35.09523602406596], [136.63306616210866, 35.095047568176504], [136.6329323158273, 35.09499171776802], [136.63281089722184, 35.0949691127714], [136.63251787627215, 35.09497233574631], [136.6323282607779, 35.09502318780099], [136.63218733758217, 35.095093575687834], [136.63209057547706, 35.09512401220286], [136.63195688714512, 35.09508822995877], [136.63184710513946, 35.095002462615774], [136.63174504267766, 35.094873342829196], [136.63161401482427, 35.09465479429221], [136.63154896652676, 35.09460865293533], [136.63113973497425, 35.094481207030874], [136.63096590454379, 35.09447880395548], [136.63090153795048, 35.09451561984728], [136.63086965361398, 35.09457557696776], [136.63082233596947, 35.094728716415396], [136.6308073446519, 35.09488492736049], [136.63081031011956, 35.09500280400324], [136.63055699364003, 35.09517694904533], [136.63038052321306, 35.09536055268969], [136.63033284653292, 35.09546714367461], [136.6303356660678, 35.09557178069002], [136.63032545959243, 35.095820999781964], [136.63034703691665, 35.09599688001225], [136.6303923502426, 35.09610636721002], [136.6302678079988, 35.0962066685127], [136.6301918111469, 35.09631340656852], [136.63014431228328, 35.09644316660303], [136.6300588989626, 35.09663467610628], [136.6300152485524, 35.09674124607992], [136.62974380555715, 35.09665955878767], [136.62955764157547, 35.09663066793974], [136.6294002648645, 35.096668037669986], [136.62924729088317, 35.09674848583869], [136.62916713698976, 35.09683862463525], [136.6291074606726, 35.09696189825078], [136.62899557650303, 35.097131924401396], [136.62880724828884, 35.09734544864507], [136.6286544344071, 35.097452656594044], [136.6285418849032, 35.09753627426018], [136.62842387125144, 35.09766196380141], [136.62831208413584, 35.097822552006875], [136.6282642097454, 35.09813253226728], [136.62828496464732, 35.09838018173199], [136.62830830945734, 35.09855809633685], [136.62825239403983, 35.09863578482235], [136.62803312603404, 35.09870925232136], [136.6278327481234, 35.09878254978816], [136.62777671381423, 35.098844815510176], [136.62777770396494, 35.098973759761265], [136.62771061981925, 35.099237359444544], [136.62759272932075, 35.099423754819185], [136.62746165239483, 35.09952775013843], [136.6273362773885, 35.09955417704618], [136.62714773361697, 35.09953966285397], [136.62702200313157, 35.09951968019053], [136.6269092570236, 35.0995615347853], [136.6267024198961, 35.099614230564896], [136.62645103501706, 35.0995896875798], [136.6263055780435, 35.099461421713286], [136.62615315581652, 35.09924030008394], [136.6260011727322, 35.09907072814708], [136.6258968841804, 35.098986194031625], [136.6257079110676, 35.098909703814215], [136.6255631692722, 35.09887432480902], [136.6253620781234, 35.098854730965535], [136.6251113248878, 35.09891279178313], [136.62486112206517, 35.09904824736117], [136.6247926129208, 35.09912085920445], [136.62473106803822, 35.09928632626416], [136.6245877897717, 35.0994367920688], [136.62429441972017, 35.09967057381268], [136.62406505692903, 35.09964605286764], [136.6242337289754, 35.10004858135822], [136.6243436106206, 35.100309787289454], [136.62438664565587, 35.10055873128933], [136.6243574774526, 35.10077854116111], [136.62426209697927, 35.101074682371355], [136.62412437015522, 35.101206315564106], [136.62391437416676, 35.10130029313473], [136.62368379239757, 35.10138592504576], [136.6236328424188, 35.10144111992199], [136.6236181290465, 35.10153408780991], [136.62362278098627, 35.101806472111384], [136.62357747682262, 35.10193340192839], [136.62352212652115, 35.102085737536115], [136.6233487648111, 35.10226403588298], [136.62324154987465, 35.102357481348434], [136.6231852959011, 35.10239157624323], [136.62316521471644, 35.10245506388342], [136.6232072481558, 35.102573091652104], [136.6233168499943, 35.10279211410583], [136.62334354736234, 35.102927123765674], [136.62335473253324, 35.103045311276325], [136.62333532857787, 35.10319746179086], [136.62335654010477, 35.10328186368095], [136.62340329663184, 35.10334493490007], [136.6235373380571, 35.1034034006002], [136.6237384108317, 35.103486802799075], [136.62383136534487, 35.10354548048057], [136.62387297186277, 35.103612804243745], [136.6238940226642, 35.10367607909658], [136.62390003779902, 35.103790068724585], [136.62391377985668, 35.10390613009404], [136.62388956014448, 35.10410056198498], [136.62382457626111, 35.10433738938014], [136.6237790788108, 35.10443896742746], [136.62377940232693, 35.10448122152953], [136.62386711881558, 35.104527249474025], [136.62404242476063, 35.10460233363437], [136.62420715599046, 35.104639511361555], [136.6243255932725, 35.10466847830431], [136.62437214588323, 35.104710422804345], [136.62440868640914, 35.104782067995004], [136.62444039841483, 35.10490014961437], [136.62446691541766, 35.10500558137438], [136.6244252121384, 35.105261303642145], [136.62433539513904, 35.105612350279515], [136.62431680329706, 35.10587006572191], [136.62431783892634, 35.106005208350375], [136.6243494335708, 35.10610216323896], [136.62442221342485, 35.10621158117666], [136.62450491943105, 35.10627453624341], [136.62464378651816, 35.10629071977021], [136.62472122109597, 35.106336729793796], [136.6248142442602, 35.106403857344844], [136.62483009148255, 35.10645870775021], [136.62483555521243, 35.10650086532261], [136.6248234311767, 35.10659600351873], [136.62433126898966, 35.10742211496213], [136.62419237119806, 35.10773742817652], [136.623979486295, 35.108127140806864], [136.62390890434693, 35.10830483910779], [136.62395110504713, 35.10844399494428], [136.6240809529009, 35.10862495203792], [136.62423295155259, 35.10901270770436], [136.62455953832654, 35.109709996971084], [136.6246183869431, 35.11001379261804], [136.62464457918185, 35.11007697014565], [136.62468599576317, 35.11011901139291], [136.62477869903074, 35.11014388471609], [136.62490233973477, 35.11018549998785], [136.6249695393856, 35.11023156325624], [136.62501150479417, 35.11034536527118], [136.62506066530196, 35.11072104549609], [136.62512821107018, 35.11081781370642], [136.62522625229514, 35.1108680124086], [136.62531913886312, 35.11092239234311], [136.62536583750753, 35.11097708320118], [136.62539035381243, 35.11115647183541], [136.62536620069636, 35.11135928356049], [136.62521025926824, 35.11179933822287], [136.62524156223662, 35.11185826238694], [136.62532921367924, 35.111900063279], [136.62550954652434, 35.11195828561491], [136.6256641483667, 35.11200811967467], [136.62584243630363, 35.112140228445], [136.62595629343633, 35.112241050302636], [136.62601869758865, 35.1123378437084], [136.6259844676171, 35.11256183296079], [136.6259711800589, 35.112840646475675], [136.6259413350153, 35.11297172175275], [136.62586777613254, 35.113096756539775], [136.62572528103652, 35.11327905324774], [136.62560838730016, 35.113452835266855], [136.62542470277063, 35.11362273853908], [136.6251591334675, 35.113843702426486], [136.6252999215007, 35.114109039443925], [136.62531605990608, 35.114201917374345], [136.62527511779138, 35.114227412914836], [136.6252890441447, 35.11432790771292], [136.62526064192798, 35.11436812703274], [136.62520897105372, 35.11438022635595], [136.62522278939278, 35.11449466705832], [136.62521475485752, 35.11457020478652], [136.62517871176547, 35.11474272268107], [136.62511357055797, 35.11487053036341], [136.6250536897487, 35.114929857216865], [136.624993514104, 35.114956156035056], [136.624867061831, 35.11495681121194], [136.62478073827737, 35.11494310288318], [136.62465688620614, 35.11490832037332], [136.62457577322752, 35.11484768101643], [136.62451083843996, 35.114979924107715], [136.62444611805674, 35.11515730931001], [136.62440743807326, 35.11536054555372], [136.62439977516817, 35.11549037930702], [136.62440946331438, 35.11562491216291], [136.62446822743277, 35.11579454450644], [136.62455359479964, 35.115979673510545], [136.624620206056, 35.11612194006935], [136.6247699051786, 35.11634187807464], [136.62489584045454, 35.11645806200949], [136.6250144960559, 35.11656371861972], [136.6252640817405, 35.11669341712572], [136.62557852818597, 35.11684285060954], [136.6259681068537, 35.11704386728003], [136.62615564640268, 35.117134941292704], [136.6263403350434, 35.117228423204025], [136.62653906580974, 35.11751515207033], [136.6273661254144, 35.117791641830074], [136.62755155035424, 35.11784138399656], [136.62805627256947, 35.11797390455277], [136.6286021905475, 35.118118885553116], [136.6288932660973, 35.11820392132418], [136.62937283767928, 35.11840840265741], [136.62975448993132, 35.118579587755924], [136.63009436051013, 35.118662254167816], [136.63071204765998, 35.11877727118016], [136.63116978981674, 35.11881290627229], [136.6314262065138, 35.11881008581219], [136.6317309840032, 35.11874355654506], [136.63208290427758, 35.11873283972332], [136.6323614900925, 35.11875940852867], [136.63296133915603, 35.11876217856241], [136.63338883822982, 35.11877176602652], [136.63368354848703, 35.11879972606473], [136.6342503553918, 35.11893985271157], [136.63504885096728, 35.11925137855164], [136.6351942563602, 35.119300899150915], [136.63544295319977, 35.119411710962694], [136.63569754374436, 35.119586015542104], [136.63593262041806, 35.119791338639295], [136.63618932148674, 35.12000542109616], [136.63646035931006, 35.12021653847711], [136.63665202898278, 35.12038370464182], [136.63682978364034, 35.12061298900194], [136.6369224079181, 35.12074088707313], [136.6371574667209, 35.120943318325104], [136.63757693186417, 35.121304080276865], [136.63783343306235, 35.12149160847045], [136.63798476497985, 35.121552784571435], [136.63808911784477, 35.1215689953075], [136.63827967460463, 35.12159848400266], [136.63852389742732, 35.12159127867195], [136.63895641756818, 35.12155504953961], [136.63936535853784, 35.12148499849617], [136.6395233122883, 35.12147240294204], [136.6397349025233, 35.12142994375879], [136.6398857495142, 35.12142914579689], [136.64000800016862, 35.12144328828811], [136.640123143627, 35.12146922985285], [136.6402400522091, 35.12149072462017], [136.6406029989548, 35.12151239534388], [136.64097310079845, 35.12152818121337], [136.6413539792121, 35.121546797353474], [136.6416090297534, 35.12154840197484], [136.641962985551, 35.12156567953695], [136.64220730401195, 35.1215762140105], [136.64250541815298, 35.121571673457275], [136.64270669590724, 35.12159123817794], [136.64284344262975, 35.121622977573594], [136.6430812341821, 35.1217132670865], [136.64328107086524, 35.12177269930689], [136.64346107275378, 35.12182780047473], [136.6436086407353, 35.121862439323394], [136.6437344742315, 35.12187944701672], [136.64381354314688, 35.121884941361735], [136.64393930209698, 35.12188722977845], [136.64412248400524, 35.1218892128334], [136.6443200216525, 35.121885202303936]]]}}, {"type": "Feature", "properties": {"rowId": 298, "city_name": "桑名市", "town_name": "多度町御衣野・下野代", "households": 0, "population": 0, "e_stat_code": "242051810"}, "geometry": {"type": "Polygon", "coordinates": [[[136.64840578726506, 35.111460840007155], [136.64816033875562, 35.11135348749857], [136.64780943631104, 35.111170498487716], [136.64752202536621, 35.11101801471537], [136.64735856580427, 35.11095550613057], [136.64716088643252, 35.11089493958433], [136.64695910140605, 35.110862636450044], [136.64640670577887, 35.11081889664916], [136.64625003956945, 35.110796845821724], [136.6460932046553, 35.11075894895501], [136.6457994124641, 35.110611779455034], [136.6455302806085, 35.11046708388895], [136.64545906529628, 35.11040767229556], [136.64541796874957, 35.110358593918605], [136.64531883654496, 35.11016108721008], [136.64521006103033, 35.109957434371445], [136.64513972827, 35.109874215237824], [136.6450489803186, 35.10978314571305], [136.6449821606223, 35.10973772602369], [136.6447627394901, 35.10964205995284], [136.6446379341209, 35.10958469438609], [136.64459469472584, 35.10954090949301], [136.64457080920857, 35.10950054167786], [136.64450183631416, 35.109388439971944], [136.64437118524458, 35.10925800443022], [136.64429556294485, 35.109156008755846], [136.6442498616654, 35.109049769120965], [136.64422908827277, 35.108947480911546], [136.64425308916455, 35.10882861633043], [136.64440017411835, 35.10839154954946], [136.6444116194413, 35.1083430361113], [136.64441536263837, 35.10827442206786], [136.64437973555232, 35.10810911251806], [136.6443744372334, 35.10798061476103], [136.64436723389574, 35.107882057840314], [136.64434542109112, 35.10783294671496], [136.64430019466676, 35.10777072023428], [136.6442029941074, 35.107713981715925], [136.64409937963597, 35.107626501409754], [136.6440226633211, 35.107548596619495], [136.643963998238, 35.10745031331039], [136.64392264275565, 35.10736778359224], [136.6439015321842, 35.107271976689745], [136.64387880360698, 35.10711188069754], [136.64386243154007, 35.10680132149788], [136.64374948885518, 35.10675346932489], [136.64365073674406, 35.10646180037383], [136.6435603367726, 35.10627832941883], [136.6435318462517, 35.10620277418607], [136.64351842486812, 35.10613065959546], [136.64353098517904, 35.10595720530713], [136.64369532734398, 35.1054537774437], [136.64382876842168, 35.10511242137222], [136.64367746749863, 35.104818354739955], [136.6436207400915, 35.1046936512424], [136.64355167052398, 35.104634227066974], [136.6433792838602, 35.10452422273968], [136.6432918887254, 35.104449895103244], [136.64323773271636, 35.104379757307726], [136.64315958162365, 35.10425516722713], [136.6430991665186, 35.10420619016441], [136.64309856200498, 35.10420577082084], [136.64306978282625, 35.104147682366275], [136.6430687628546, 35.104018105183535], [136.6431361377436, 35.10367209958635], [136.6427852896268, 35.103545364364656], [136.6427491368681, 35.1035304850893], [136.64235245239277, 35.103367018268564], [136.64209781305468, 35.10399987223312], [136.641924570796, 35.10506738284208], [136.64182941411113, 35.10576657795382], [136.64180471233678, 35.10587833309061], [136.6416512515358, 35.106820072406286], [136.64150397090546, 35.10772387467804], [136.6415790550808, 35.10803074229929], [136.64172732304493, 35.10839694319628], [136.64174082014154, 35.10878942267494], [136.64167078757978, 35.10913114567736], [136.641517313624, 35.109422111679116], [136.64120904691183, 35.10984193106827], [136.64109688836052, 35.110107113994104], [136.6409510300743, 35.110948201952134], [136.64102852622216, 35.11095638389639], [136.64141486174606, 35.11096595633437], [136.6414997752404, 35.11095846422458], [136.64319327291628, 35.11059671463596], [136.6434206095435, 35.11056022256701], [136.64360085046067, 35.11054517909981], [136.64378570976726, 35.1105724363447], [136.64399437321183, 35.110618934100096], [136.64466651783033, 35.11089402708962], [136.64501960021664, 35.11101207952567], [136.64535096511946, 35.111098485511484], [136.64565188816553, 35.111139205706955], [136.64602563071512, 35.11115481664499], [136.64656255791135, 35.11116610431314], [136.64680106772605, 35.1111877183189], [136.6468827914164, 35.11120495757077], [136.6469561715234, 35.11125041190496], [136.64709431326807, 35.111341366671596], [136.64719791424085, 35.11140433669392], [136.64738319565882, 35.11148447650829], [136.64752506682154, 35.11150484596566], [136.64773530630364, 35.11147907417676], [136.64789832344323, 35.11145348354483], [136.6481558959522, 35.1114415418346], [136.64840578726506, 35.111460840007155]]]}}, {"type": "Feature", "properties": {"rowId": 280, "city_name": "桑名市", "town_name": "多度町戸津", "households": 250, "population": 640, "e_stat_code": "242051640"}, "geometry": {"type": "Polygon", "coordinates": [[[136.6450833625017, 35.13840591900163], [136.64516898753436, 35.138382011484424], [136.64525484815127, 35.13839324465114], [136.64552292877596, 35.13854062402528], [136.64558847398013, 35.138573867925246], [136.64582000261262, 35.13766581130067], [136.64588346652678, 35.13741690371462], [136.6459448822555, 35.1373833355823], [136.64643637978332, 35.13711436576679], [136.6464702555789, 35.136877345756794], [136.64730450542692, 35.13689246649888], [136.6472770811819, 35.13643837173917], [136.64726885101314, 35.135999880596394], [136.6474070373642, 35.135999141176654], [136.64748270850868, 35.135709149450875], [136.64748679525894, 35.135640745652026], [136.64746987068574, 35.13554407201138], [136.6473913199074, 35.13525406050831], [136.64735229268985, 35.13513757544745], [136.6473168810766, 35.135044804184126], [136.64730946837062, 35.13498026485006], [136.64728543537976, 35.13477073878617], [136.64723858583065, 35.134494782779306], [136.64719817645286, 35.13420365150167], [136.64718092190162, 35.134065218189114], [136.64717511967774, 35.133917216809216], [136.6471769988417, 35.133862134548416], [136.64717888550962, 35.13366190614054], [136.64715885353826, 35.13347031692567], [136.64711035085887, 35.133180215349164], [136.64706592839704, 35.132966924835166], [136.64702717992444, 35.13273937805418], [136.64703107451388, 35.132646325482156], [136.6470330263233, 35.132600750731875], [136.6470947714968, 35.132522600619396], [136.6471889514159, 35.132453784784225], [136.64725762691256, 35.13237369704719], [136.64735123552967, 35.13223276856204], [136.64761348205113, 35.1318024074682], [136.6477435518671, 35.131594873444634], [136.64792768313797, 35.13121619967789], [136.64794205269934, 35.13099027025558], [136.64795310663914, 35.13078421783669], [136.64808025876232, 35.13079304420069], [136.6481426037913, 35.130790809329234], [136.64818639163173, 35.12961004243556], [136.64819013206935, 35.12949804687365], [136.64820101399678, 35.12941636671757], [136.64827859665832, 35.12929263715104], [136.6485780428018, 35.12889052627777], [136.64893866641242, 35.128485269051694], [136.64834031909317, 35.128233679866845], [136.64782972995778, 35.128071338676044], [136.64743433456786, 35.12793436577658], [136.6470745565852, 35.12782410339658], [136.64643183661642, 35.12756900901576], [136.64595523465212, 35.12738887219451], [136.64542265458928, 35.12715910096023], [136.64464776528416, 35.126811248085374], [136.6439780554369, 35.12650128316298], [136.6434899847115, 35.12626197077204], [136.643441735836, 35.12668209995695], [136.64347766690292, 35.12728791412222], [136.64350657821203, 35.12768819620093], [136.64350926804653, 35.12789368083598], [136.6434969952109, 35.12796783296325], [136.6433567366806, 35.12816619121383], [136.64323092997822, 35.128344118630686], [136.64304363157638, 35.12864329312557], [136.6429887718531, 35.12876886974712], [136.64296372008818, 35.128864287564475], [136.64291889746508, 35.129312216470225], [136.64284393568767, 35.129879040440734], [136.64269549741945, 35.130384281267226], [136.64254464157395, 35.13104601894807], [136.64249107064282, 35.131460964122546], [136.64258851376675, 35.13167080493007], [136.64263270167433, 35.1317522630082], [136.64268997417457, 35.132091547481785], [136.64271536933165, 35.13248684744093], [136.6427158025054, 35.132683681673214], [136.6428250265863, 35.132963180779214], [136.64297097422775, 35.13323614651973], [136.64324219373842, 35.13355598319813], [136.64293198214312, 35.133597209850585], [136.64271459501416, 35.133614773725284], [136.64258117233314, 35.13361576318037], [136.6425830107242, 35.13373512328891], [136.64258311458676, 35.13392843853509], [136.64259330354403, 35.134232126164534], [136.6426260109927, 35.13441801458904], [136.6426614695429, 35.13462107202444], [136.6427035421508, 35.13467859747429], [136.64277415286273, 35.13471885764477], [136.64277056497738, 35.13492205138123], [136.64278625050886, 35.13509626976128], [136.64282300461522, 35.13546397318954], [136.6427124119304, 35.135474207958865], [136.6426733983926, 35.13547871151374], [136.6426476182314, 35.13550877884749], [136.64242355819525, 35.136155902486145], [136.64233594701702, 35.13643982658146], [136.64226197989876, 35.13663268953979], [136.6421723821187, 35.13682781846158], [136.64195942673365, 35.13739466915399], [136.64189720138674, 35.137429224803675], [136.6418221373768, 35.13831838162313], [136.6419892237959, 35.13837313158147], [136.64231277007946, 35.13846120715392], [136.6425802567314, 35.13853359347955], [136.64273417217345, 35.138575595074535], [136.64296368695798, 35.1386214207154], [136.64334951194525, 35.13868134590835], [136.64371182424907, 35.1387329439031], [136.64391242079296, 35.13874258233036], [136.6440633945601, 35.13873748435402], [136.64422300528622, 35.13870811303236], [136.64465129966885, 35.13861970496152], [136.64486995598935, 35.138544102061374], [136.64498392501963, 35.13848870474149], [136.6450833625017, 35.13840591900163]]]}}, {"type": "Feature", "properties": {"rowId": 281, "city_name": "桑名市", "town_name": "多度町柚井", "households": 364, "population": 1173, "e_stat_code": "242051650"}, "geometry": {"type": "Polygon", "coordinates": [[[136.631071615828, 35.1501713117856], [136.63131854575997, 35.15015474992217], [136.63175213076914, 35.15016010769909], [136.6322441948558, 35.150193962663685], [136.63257978108615, 35.15018834658785], [136.632845476581, 35.15018696612707], [136.63310653140775, 35.150189482536426], [136.63332985773394, 35.150130855158096], [136.63357637482284, 35.15006069794357], [136.63383238189957, 35.15000957628631], [136.63403746405095, 35.150008508616814], [136.63426092368726, 35.14997283642219], [136.63449358310314, 35.149918031404745], [136.6345978138014, 35.14983135891109], [136.63469480469425, 35.149712117049695], [136.63480095110918, 35.14957374111234], [136.6348418358058, 35.149439509778524], [136.63487279528402, 35.14922497666387], [136.63497681594882, 35.14880702735297], [136.63507697832685, 35.14850022715833], [136.6352050342946, 35.148185605664814], [136.63532943633456, 35.14799727349197], [136.63548305226797, 35.147965904530395], [136.63566009228578, 35.14795342783568], [136.6358607793614, 35.14798301124463], [136.63601961896018, 35.14802816616714], [136.63613681788277, 35.14811558256378], [136.6363328336013, 35.14814519027467], [136.6366865291772, 35.14807058636263], [136.63706100297915, 35.14796713963026], [136.6372517789745, 35.147924024775094], [136.63740478535064, 35.14781983747884], [136.6375112210287, 35.14771976849279], [136.63767374869448, 35.14763849026926], [136.6378363654804, 35.14756868944214], [136.63805519312453, 35.14753310146222], [136.63821373362066, 35.14753994463043], [136.63841495348183, 35.14756064691007], [136.63865366429542, 35.147606364705396], [136.63903085398132, 35.147686635177664], [136.63938913531146, 35.147782638451424], [136.63956093042506, 35.14780131075855], [136.6397468033109, 35.147800331086486], [136.64088986842975, 35.14736160981547], [136.64096573081133, 35.14731029196248], [136.64105974962513, 35.147141409455045], [136.64127229361358, 35.146889714652616], [136.64161124285476, 35.14664714003903], [136.64247383818986, 35.14601213101314], [136.64357894109315, 35.144997997587325], [136.64406255387314, 35.144532176203576], [136.64440832415045, 35.14411842519679], [136.64452667908526, 35.14397687684718], [136.64504644062066, 35.14339458704513], [136.64548479909215, 35.1427696987165], [136.64682212109423, 35.14098680619407], [136.6471116498969, 35.14053306197392], [136.64736514388167, 35.14003830758055], [136.64698262057547, 35.13988767209183], [136.6467621449225, 35.140335202535994], [136.64642756595376, 35.14021951963448], [136.6466777230702, 35.13977187772733], [136.64697513927325, 35.139239661946554], [136.6467408962078, 35.13915478293808], [136.64694319395494, 35.13882087377945], [136.64674737845473, 35.138771002688124], [136.64691642169183, 35.13844903254267], [136.6466827686766, 35.13843851868502], [136.64641169183417, 35.13851433436456], [136.64596513130124, 35.1387046812607], [136.64558847398013, 35.138573867925246], [136.64552292877596, 35.13854062402528], [136.64525484815127, 35.13839324465114], [136.64516898753436, 35.138382011484424], [136.6450833625017, 35.13840591900163], [136.64498392501963, 35.13848870474149], [136.64486995598935, 35.138544102061374], [136.64465129966885, 35.13861970496152], [136.64422300528622, 35.13870811303236], [136.6440633945601, 35.13873748435402], [136.64391242079296, 35.13874258233036], [136.64371182424907, 35.1387329439031], [136.64334951194525, 35.13868134590835], [136.64296368695798, 35.1386214207154], [136.64273417217345, 35.138575595074535], [136.6425802567314, 35.13853359347955], [136.64231277007946, 35.13846120715392], [136.6419892237959, 35.13837313158147], [136.6418221373768, 35.13831838162313], [136.6416915867772, 35.1382603392176], [136.64151539191576, 35.138175424438316], [136.64134747300994, 35.1380801847271], [136.64130626175876, 35.13814906633184], [136.6412016555388, 35.13813588736559], [136.6411758808007, 35.138046796463975], [136.64110477748522, 35.13803689031688], [136.64093306281583, 35.137993149969425], [136.6407089133099, 35.137920531041864], [136.640214408996, 35.137748070760175], [136.63997989731678, 35.1376874780836], [136.63943089943, 35.13749128754607], [136.63922197378488, 35.13749577086463], [136.6390086585283, 35.137476333242425], [136.63876803457956, 35.13743464379983], [136.63850024276758, 35.1373880260416], [136.63826975602564, 35.13731029537529], [136.6380225148645, 35.13722230075991], [136.63783395432975, 35.13716153141757], [136.63798624459056, 35.13685860944282], [136.63756769648154, 35.13677841754411], [136.63702348580586, 35.136661137504895], [136.6367053696735, 35.13659752745879], [136.63626989449028, 35.13648995457313], [136.6358302633051, 35.13638240182876], [136.63556219153557, 35.13630486343984], [136.63520212735204, 35.13622097595027], [136.6347312854629, 35.13612900599704], [136.63445931008218, 35.13608923370282], [136.63414545663838, 35.13603249804778], [136.6339152202791, 35.135985674771185], [136.63369746021797, 35.13592843445371], [136.63352574590883, 35.1358778531253], [136.63335802876304, 35.13580661687607], [136.63313559271685, 35.13568763748416], [136.6329991572509, 35.13560419508322], [136.63283971802906, 35.135522632980596], [136.63266785523334, 35.13545831921108], [136.63256522568335, 35.135422798792675], [136.63255612314344, 35.13532671676564], [136.63222929053737, 35.13521518357014], [136.63214485632747, 35.13488878623991], [136.6319611838528, 35.13490446487901], [136.63162153333533, 35.13497553671152], [136.63147334659774, 35.134990607234656], [136.6312899445853, 35.134958112762995], [136.63100747756891, 35.13490226177765], [136.63049357458803, 35.13481543384293], [136.62962597059808, 35.13466706341864], [136.62831183970187, 35.134452839186146], [136.62793887577124, 35.13438322617142], [136.6278654149923, 35.134663048992714], [136.6277798461513, 35.13487849630463], [136.6277412936552, 35.13497067034472], [136.62787242218724, 35.13500576430089], [136.62766016275341, 35.1357640616525], [136.6278409498558, 35.13583002594358], [136.62820288592255, 35.13601448861127], [136.62865436535157, 35.13630475352802], [136.62879203775762, 35.13643777286806], [136.6289097423402, 35.13661631851493], [136.629106311222, 35.136844593644604], [136.6293053390497, 35.13706877139432], [136.62936296685285, 35.1371382608896], [136.62945155125632, 35.137275548120186], [136.62956603968874, 35.13724213502156], [136.6297275940209, 35.13728685831811], [136.6298269476809, 35.13735317341587], [136.62985662237114, 35.13742710352088], [136.62983679697842, 35.13749643254019], [136.6297876710676, 35.137534927838594], [136.62971803865165, 35.1375544451331], [136.62964821781188, 35.13755480829889], [136.629517293062, 35.137541123441565], [136.62934839071355, 35.13751094455292], [136.6291068203829, 35.137478749296264], [136.62886941404608, 35.137608997500365], [136.62867228119725, 35.13768643065019], [136.62800085408927, 35.13790850724327], [136.6275889514129, 35.138039586603064], [136.62747019290194, 35.1380975254415], [136.62741237679373, 35.138143247544335], [136.62734899567417, 35.13821758998004], [136.62678046913473, 35.13877947636755], [136.62658851555645, 35.13896321593443], [136.62652480378915, 35.13899460112029], [136.62647253577512, 35.13900916712408], [136.6263853834901, 35.13901919515476], [136.6256359359843, 35.13911384150335], [136.6254644302693, 35.13912423391048], [136.62540495107518, 35.13913771040698], [136.62537632187252, 35.13919996992195], [136.62537130414364, 35.13930027690317], [136.6253372713922, 35.13941270535836], [136.62525053883238, 35.13947766004403], [136.6251172392383, 35.139540459375084], [136.62499004164084, 35.139639072954274], [136.62489792312132, 35.139756589278306], [136.6248728309538, 35.139900026849105], [136.6248595878449, 35.139928334330385], [136.62479560771692, 35.14006521230941], [136.62477750041134, 35.14016924845983], [136.6247293508855, 35.14034146700006], [136.624741939996, 35.14046316172057], [136.62476901757222, 35.140584852780485], [136.6248598741108, 35.140677552429665], [136.6249622221423, 35.140748714685415], [136.6250034102454, 35.140815333490615], [136.62506241713817, 35.14092495764349], [136.62514373788323, 35.141104818979585], [136.62529136185756, 35.14139546465372], [136.62529214810843, 35.14149820695007], [136.62527209876788, 35.14153887338073], [136.62517986993137, 35.14164209382885], [136.62502988831417, 35.1418052596616], [136.62487839006351, 35.1419553344577], [136.62471108964482, 35.14213534916194], [136.62455568436792, 35.14234635832635], [136.6243401450488, 35.14268183065681], [136.6242108171146, 35.1428783381982], [136.62416510582943, 35.14298850220064], [136.6241544562253, 35.143115104426414], [136.62416076169143, 35.14317718408314], [136.62420644150504, 35.14325934343953], [136.62425113757948, 35.14339770394485], [136.62425166650377, 35.143466925908754], [136.6241683732094, 35.143601154847104], [136.62403550353406, 35.14372127280834], [136.6239020361195, 35.14375773307609], [136.6238149158549, 35.143772545903474], [136.62351892678134, 35.14385765579843], [136.6233418611887, 35.143899198150415], [136.62327528259956, 35.14393770766434], [136.62324513645345, 35.143986875751885], [136.62315956130652, 35.14420463575195], [136.6230651902649, 35.14441532808271], [136.62294980757756, 35.14453535449073], [136.62289236712803, 35.144631141038], [136.62289859729773, 35.144683713467614], [136.622968837974, 35.14474307102344], [136.62298974468183, 35.14481458262899], [136.62304921991253, 35.144991037975636], [136.6231540756796, 35.14519951602662], [136.62325086646064, 35.14531127418958], [136.62333273214117, 35.14536578504006], [136.62346692829044, 35.145424815762034], [136.62358643179294, 35.14546244268249], [136.62368555938883, 35.145492990858585], [136.62376718143673, 35.145521234377995], [136.6238342347101, 35.14554476327196], [136.623843215809, 35.14557577377206], [136.62399924938924, 35.14641716288032], [136.62429371794923, 35.14651903303784], [136.62457408207138, 35.14660949657759], [136.6248501371133, 35.14674209365182], [136.62499058299537, 35.14682179546988], [136.62514021373732, 35.14688609822422], [136.62526639242972, 35.14692756229085], [136.6258213872724, 35.147115062633944], [136.62605829388312, 35.14720095739588], [136.6262314940383, 35.14728070073922], [136.62623248254712, 35.14728111874148], [136.62636570642087, 35.14736353195982], [136.62662146880317, 35.1475491890983], [136.62674737029025, 35.14761579555407], [136.6268476700878, 35.14766992745658], [136.62720800451777, 35.147851805439515], [136.6276620343809, 35.14809834055868], [136.6280976378299, 35.148367998505925], [136.628372451781, 35.148644119900645], [136.6285703754158, 35.148922609291674], [136.62869794306482, 35.14914406608513], [136.62884356894367, 35.14928880919102], [136.62914879502367, 35.149578223429636], [136.6294787919981, 35.14975454895495], [136.62967589619566, 35.149925856717196], [136.62982158412044, 35.15007820395795], [136.62986874272323, 35.1501507083306], [136.62998565481087, 35.150196089747205], [136.63014446294747, 35.15023738153411], [136.63026579895913, 35.15025590891188], [136.6304057065659, 35.150258988201514], [136.6305360197336, 35.15023535485164], [136.63063369584557, 35.150204215265724], [136.63078729995598, 35.15017658769756], [136.631071615828, 35.1501713117856]]]}}, {"type": "Feature", "properties": {"rowId": 289, "city_name": "桑名市", "town_name": "多度町猪飼", "households": 73, "population": 222, "e_stat_code": "242051720"}, "geometry": {"type": "Polygon", "coordinates": [[[136.62744952026847, 35.12256640816318], [136.62758981681554, 35.12201354626911], [136.6276416981372, 35.121766366775724], [136.62780336162064, 35.12083887242538], [136.62818391198044, 35.12081618621246], [136.62841674021118, 35.12073236541763], [136.62902992091014, 35.12036169074707], [136.62910825756595, 35.12027275787702], [136.62933671377152, 35.120094517450866], [136.62987953443408, 35.11968730024418], [136.63030778328724, 35.119328002939625], [136.63067753016, 35.11906781779187], [136.63107506551373, 35.11892108336887], [136.6314262065138, 35.11881008581219], [136.63116978981674, 35.11881290627229], [136.63071204765998, 35.11877727118016], [136.63009436051013, 35.118662254167816], [136.62975448993132, 35.118579587755924], [136.62937283767928, 35.11840840265741], [136.6288932660973, 35.11820392132418], [136.6286021905475, 35.118118885553116], [136.62805627256947, 35.11797390455277], [136.62755155035424, 35.11784138399656], [136.6273661254144, 35.117791641830074], [136.62699440799872, 35.11858129048411], [136.62405178182001, 35.11857331107832], [136.62400040198557, 35.11857357691243], [136.62395936100683, 35.11858646648489], [136.6238620577583, 35.11863338007186], [136.6238159483472, 35.11865052082753], [136.62365167553986, 35.118676723754795], [136.62354365018334, 35.118661013859096], [136.62339430132315, 35.11862734753115], [136.62302804019436, 35.118511135511795], [136.62284762982102, 35.11850044756133], [136.62267090781617, 35.118507204870966], [136.62244825219526, 35.11851997502953], [136.62219004165974, 35.11850679902184], [136.62205189792286, 35.1184755385543], [136.6219208943186, 35.11844713092971], [136.62168341152665, 35.1183699040571], [136.6214601607442, 35.118304294420135], [136.62096913667628, 35.11813393567149], [136.62066430719742, 35.118030927068816], [136.62047305239506, 35.11799120804322], [136.6200770843422, 35.117990363639485], [136.61980129446664, 35.11799178586231], [136.61960674843695, 35.11798116842614], [136.6194896881374, 35.11793240353501], [136.61923733919778, 35.117759327954616], [136.618967823513, 35.11765035814373], [136.61857258786137, 35.117520203109336], [136.61836043302887, 35.117515448643566], [136.61817309002024, 35.11752225806772], [136.6179890392662, 35.11749996371329], [136.61787195785087, 35.11744246337865], [136.6177969465661, 35.117344040944005], [136.61771807031323, 35.1171991570282], [136.61764663984283, 35.11710367398819], [136.61745132348054, 35.116991361557105], [136.61727746052554, 35.1169109126918], [136.61710390662597, 35.116871096805404], [136.6167959730494, 35.116826196346764], [136.6165129616801, 35.116807365296545], [136.61639459998733, 35.11681811361076], [136.61624293963374, 35.11686825936554], [136.61597863579377, 35.1169829302837], [136.61571062114072, 35.117071490412144], [136.61552705488162, 35.117107291444825], [136.61541388591544, 35.11710787084651], [136.61529349193333, 35.117082359536354], [136.6150809844826, 35.11703111977944], [136.61481337892548, 35.11694678050161], [136.61459006903146, 35.116872354998705], [136.61434175172604, 35.116760378821944], [136.61411807263704, 35.11663658524625], [136.61397928125723, 35.116518134110095], [136.61385384518948, 35.11629510305552], [136.6137477862852, 35.11606176117184], [136.61367574746833, 35.11588486828421], [136.61358317942185, 35.1157982237727], [136.6134052642887, 35.11564511147381], [136.61319839156664, 35.11540798691054], [136.61306272256817, 35.115231417583175], [136.6129197460929, 35.11502298254167], [136.61286209214794, 35.11487798842511], [136.61280710008737, 35.114619736318986], [136.61276670861437, 35.11442232846475], [136.61273737853475, 35.114283034674656], [136.6126766071108, 35.11419038255987], [136.6125735869394, 35.11412696158564], [136.61226857002774, 35.114000692769885], [136.61187846899867, 35.113837108068985], [136.61159597300932, 35.113651142246646], [136.61151028401906, 35.113538263238624], [136.6114459344521, 35.1134427412027], [136.61139223299557, 35.11335582733679], [136.61131372144115, 35.113257419909274], [136.61117821402286, 35.113101270323284], [136.61104279504752, 35.11295667103108], [136.61092197321406, 35.11287883026362], [136.61070188911125, 35.11275790120352], [136.61054229187735, 35.112691947649495], [136.61031537926297, 35.11260880070178], [136.60998730449035, 35.11246376833109], [136.60975334455853, 35.112383613935556], [136.6095903007113, 35.11232633948304], [136.60937072411957, 35.11227808757317], [136.60902735987673, 35.112218775460185], [136.6088360842454, 35.11216749152328], [136.60858805668872, 35.11209607281356], [136.60833994222077, 35.11200725895952], [136.60810387670958, 35.111879227404664], [136.60767466166354, 35.11168379138671], [136.60746901421834, 35.11160645165902], [136.60708638089872, 35.111497962823336], [136.60689859668554, 35.11143785329293], [136.606707106835, 35.11136332505925], [136.60653704129996, 35.111311859236885], [136.60632833307145, 35.11129552041264], [136.60604881804812, 35.1112649604387], [136.6056791666956, 35.11123633575011], [136.60548108435785, 35.11122571619972], [136.60541198089643, 35.11121571318868], [136.60534513101823, 35.11117470934754], [136.6053050079096, 35.11114357225199], [136.6052630169672, 35.11108645555876], [136.6052443261512, 35.111027813640874], [136.60522891154272, 35.11097190075016], [136.60519533803057, 35.110922982096085], [136.60515177910005, 35.110879466950124], [136.60507156111998, 35.110826839919994], [136.6050431733488, 35.1108124751469], [136.60501840802624, 35.11081260023733], [136.6049160051102, 35.11082473749711], [136.6047286592221, 35.11082857157095], [136.60457659522086, 35.11082349310263], [136.60444561114244, 35.11080091287869], [136.60425776712273, 35.11073798286995], [136.60400588319055, 35.110620088228565], [136.60382133537925, 35.11052227882471], [136.6037322714903, 35.110432649477055], [136.60368560209312, 35.11033407441404], [136.60362429796277, 35.11017458109358], [136.6036130865293, 35.11009618107272], [136.60355581558173, 35.1100006167331], [136.6034679637563, 35.109912459912856], [136.60349982002532, 35.10998434758188], [136.60347556274573, 35.11009257712823], [136.6033886612456, 35.110201192607576], [136.60327650436136, 35.110284158487055], [136.60307663883242, 35.110367495425514], [136.60292394931471, 35.1104738365908], [136.60279939022675, 35.11057742968357], [136.6026060107323, 35.11069172191624], [136.60247496988296, 35.110759287521965], [136.60230627195432, 35.11082190166846], [136.60211922291433, 35.11094644407525], [136.60193267641571, 35.11113274955809], [136.60187075821642, 35.111236027225665], [136.6018840789085, 35.1113389267394], [136.60194134655967, 35.11145709959744], [136.60201715452143, 35.111539119799254], [136.6021558994546, 35.111667090469325], [136.60230704861652, 35.11176936216965], [136.6023517152082, 35.111882381011256], [136.60234003651337, 35.111995683264624], [136.60231864759976, 35.112070440863434], [136.60256771147328, 35.11214397937828], [136.60272380229063, 35.11221868961601], [136.60292325515883, 35.112415299092895], [136.60298829545198, 35.112606668279845], [136.60301717531684, 35.11268786389723], [136.60308834378006, 35.112751452141175], [136.60334380133241, 35.112872211864804], [136.6035639978046, 35.1130105443632], [136.60384893896943, 35.11329383734384], [136.60418319827355, 35.113559416236775], [136.6043892163055, 35.11368619888971], [136.60460903000012, 35.11377227572201], [136.60477909806224, 35.11381789860825], [136.60491355561257, 35.113834614879835], [136.60510444662805, 35.1138336509685], [136.60536323446556, 35.11392826245177], [136.60565418089007, 35.114066234303124], [136.60577544780628, 35.114210908773785], [136.60583347204167, 35.114408158522515], [136.60590490496898, 35.11450075882694], [136.60603984135363, 35.1145814177925], [136.60613886547176, 35.114586762831074], [136.6062587551348, 35.1145454499574], [136.60644852706776, 35.11438758196843], [136.60663144316143, 35.11426467931843], [136.60680789160472, 35.11422308003694], [136.60699869601945, 35.114204718584205], [136.6071969181243, 35.11423857493267], [136.60729663270027, 35.11433680614402], [136.60744605448565, 35.114458096180776], [136.60760922891873, 35.11453283551994], [136.60785720145418, 35.114601299276174], [136.60807706727243, 35.11468730083685], [136.60826843559371, 35.11474443080191], [136.60847351259855, 35.11474923456881], [136.60867863206298, 35.11475981377434], [136.60883456515924, 35.11480550208672], [136.60904675634126, 35.11481604476424], [136.60925165947063, 35.11479753778395], [136.60936521468642, 35.114849286745134], [136.60949317265158, 35.11494159797943], [136.6096816186337, 35.11508304128217], [136.60986674747312, 35.11525640632506], [136.61015229628208, 35.11561518404843], [136.610380198236, 35.11583488194339], [136.61073610491525, 35.11614682053936], [136.6113194875533, 35.1166203556425], [136.6114688353654, 35.11672995358423], [136.61170237625794, 35.116757850926334], [136.61181576326558, 35.116792134906795], [136.61192234027766, 35.116855469627744], [136.6120573774398, 35.1169477448688], [136.61214261536745, 35.11699963704291], [136.61226377311334, 35.117126843759955], [136.6123703521668, 35.11719024853475], [136.61254052294896, 35.11725325768202], [136.61276734450658, 35.117327669074974], [136.61283835317028, 35.11736216809711], [136.612888241311, 35.11741424048163], [136.61300219756743, 35.11752401740193], [136.61310148937568, 35.11756421740928], [136.61327148637818, 35.11760398620429], [136.61341271983764, 35.11757425050371], [136.61356857480672, 35.117614090493085], [136.6137179305366, 35.11772953139617], [136.61399193839918, 35.117963496702004], [136.6142409392483, 35.118159770783656], [136.6144895026432, 35.118303789181745], [136.61485861388653, 35.11848782697933], [136.61540523814318, 35.11876976346948], [136.6158389575538, 35.11908129095004], [136.6162299471709, 35.119352399389925], [136.61674202212257, 35.11973908902839], [136.61736753783123, 35.12016589573595], [136.6181030037643, 35.12063565247463], [136.61852958046694, 35.12093565192743], [136.6187147832978, 35.12110899982635], [136.61909248895685, 35.12149636384746], [136.61922281542806, 35.12163816263237], [136.6192694503322, 35.121814125429594], [136.61937381682813, 35.12182168602168], [136.61960226826827, 35.12184311506268], [136.61982683115025, 35.12186618349621], [136.62022756163262, 35.12189890695352], [136.62052082678917, 35.121939295693174], [136.62078467633918, 35.12199455553683], [136.6210678182597, 35.12203379800899], [136.62131918789345, 35.122076092015206], [136.6215634397212, 35.122112577039736], [136.62176522210473, 35.12214350640747], [136.6219209783755, 35.122163053466984], [136.62210495300914, 35.12217949696727], [136.62222509465292, 35.122170215605074], [136.62247582307594, 35.122128215909036], [136.62258408931834, 35.1221186427924], [136.62268847475625, 35.12212296331475], [136.6227279634249, 35.12214212631233], [136.62279463426563, 35.1222020658252], [136.62291875202195, 35.12224797581407], [136.6230816940811, 35.12228776945871], [136.62322317888461, 35.12229577181577], [136.6234226876729, 35.12225840111183], [136.62358500822873, 35.122216926950365], [136.62365565136815, 35.12220782960872], [136.6238826305466, 35.12229384142054], [136.62408166035837, 35.12242929596413], [136.62418463531736, 35.122483976330216], [136.62440450198392, 35.12257002400104], [136.62464549168118, 35.12263849707888], [136.62492320381452, 35.12265593320485], [136.62525569590457, 35.12267456315869], [136.6254221069652, 35.122702715064705], [136.62552221544829, 35.12284748270716], [136.62557696434826, 35.12306798104763], [136.62563336858375, 35.12327544271377], [136.62565207218557, 35.12340605442908], [136.62561165370303, 35.12367359659069], [136.6256141066971, 35.12399317227527], [136.6256092203862, 35.124277926205394], [136.62572939545674, 35.124730486942276], [136.62591739205143, 35.12526988011876], [136.62595154536297, 35.125799927839154], [136.62620031262216, 35.126651335035284], [136.62629473593634, 35.126976205452216], [136.62631084302177, 35.127231832620794], [136.62632036654844, 35.127551369367744], [136.62629089797218, 35.127721033117474], [136.6265995252438, 35.127894365093574], [136.62721229104284, 35.12828654429147], [136.627280969994, 35.128339356727984], [136.6273564668943, 35.12834783825543], [136.6280491538369, 35.12803577723466], [136.62802723083857, 35.127871450417686], [136.62799784731925, 35.12770688072064], [136.627977679426, 35.12752529133682], [136.62799512166725, 35.12735280170103], [136.62812148672137, 35.12721044964179], [136.62829117510367, 35.127089492718966], [136.62847209344383, 35.126979956232596], [136.62861320685582, 35.126877387559155], [136.62858005477966, 35.126774318083115], [136.62839585664614, 35.12640780292435], [136.62826875238488, 35.12623141837942], [136.62819569904326, 35.126072428307594], [136.62816630471573, 35.12598990254046], [136.6281799107914, 35.125886590093195], [136.6281860230026, 35.12575078003263], [136.62821126304286, 35.12552782527309], [136.6281743279594, 35.125395197691006], [136.62803637859326, 35.125207036994475], [136.62782961410159, 35.124948387416325], [136.62763688601535, 35.12464247857161], [136.62749338909072, 35.12442927384521], [136.62739511268424, 35.12426153908611], [136.6274044830995, 35.124081484640804], [136.6274215771499, 35.12396920873794], [136.62744674158083, 35.12383674931032], [136.62741197757694, 35.12375777186054], [136.627344524953, 35.12360790666684], [136.62726087577875, 35.123441716077366], [136.62722214390064, 35.12334289936059], [136.62726369857464, 35.12322943992011], [136.6272947695388, 35.12312913402171], [136.62736454187797, 35.12289566500874], [136.62744952026847, 35.12256640816318]]]}}, {"type": "Feature", "properties": {"rowId": 295, "city_name": "桑名市", "town_name": "多度町福永", "households": 95, "population": 343, "e_stat_code": "242051780"}, "geometry": {"type": "Polygon", "coordinates": [[[136.66008957189453, 35.15217885877114], [136.66077431118407, 35.151349099009146], [136.661002554509, 35.151072487715346], [136.66110870005318, 35.15092345093686], [136.66186927827522, 35.149432828277185], [136.6622567670191, 35.14876814772072], [136.66302254976497, 35.14760236025189], [136.663888082586, 35.146470388327124], [136.66437545670308, 35.145856773933346], [136.66521265469868, 35.144787346105446], [136.66627505538813, 35.14339617182229], [136.66123429177205, 35.14226595080758], [136.66093952892695, 35.14275842358419], [136.6554436145247, 35.14162006607114], [136.6553501333692, 35.141605219466705], [136.65563187616326, 35.1406450001231], [136.6532756580743, 35.140150056210494], [136.65093324709508, 35.13965717415542], [136.6500037979245, 35.14265227391927], [136.64815459877366, 35.142272818996936], [136.64807844730308, 35.142578730463896], [136.64808503966466, 35.14275074270299], [136.6480326591232, 35.14275102338668], [136.6478913829651, 35.14276903496896], [136.64774498000386, 35.142799890085676], [136.64766661207327, 35.142826155750356], [136.64790426108948, 35.14339919815849], [136.64762032605393, 35.143921300097624], [136.64755309884237, 35.144033565312505], [136.64749134662318, 35.144171576702206], [136.6474043214871, 35.14442585407319], [136.64732205173485, 35.14461989316555], [136.64723516217754, 35.14489142380091], [136.64712943433437, 35.14510065940228], [136.64730814521099, 35.14518139626917], [136.64711707794086, 35.14552236208061], [136.64700670912376, 35.14547562574991], [136.64690316854976, 35.145631043289534], [136.64683591198462, 35.1457346460215], [136.64671079668216, 35.145812780396604], [136.64660624340047, 35.145834817454414], [136.64631773843436, 35.14578043722703], [136.64626735987986, 35.14603451833955], [136.64621917158465, 35.14623485379341], [136.64616366500675, 35.14650191980427], [136.64607782362202, 35.14690675932761], [136.64599585171356, 35.14713952811515], [136.645861097606, 35.14731666065137], [136.64570523493938, 35.14748094706047], [136.6457688773534, 35.14791301926747], [136.64580793902155, 35.148218245595515], [136.64579435337646, 35.14848508915537], [136.6456989230716, 35.14900617998234], [136.64552397059924, 35.149402899474836], [136.6453843108383, 35.14962738279443], [136.6453618121001, 35.14975870448456], [136.64529522121373, 35.149952657761396], [136.64530731849288, 35.150154854504926], [136.64524844809958, 35.15045806536819], [136.64526046483255, 35.150535892268714], [136.64537440643866, 35.150692263839396], [136.64540087900326, 35.15076585827406], [136.6454321961066, 35.15088259812557], [136.64542538626517, 35.15118243418017], [136.64543722922582, 35.15168365687459], [136.64546698672788, 35.15213520559785], [136.64548501748988, 35.15255674563887], [136.64733790195868, 35.15241616901434], [136.64773326461767, 35.152426866967346], [136.64769167443703, 35.15189023832394], [136.6519782917941, 35.15275932950013], [136.65243344963014, 35.151289496226084], [136.655843961819, 35.151966410618144], [136.65604677149676, 35.151638045145674], [136.65945384536664, 35.153048558399554], [136.66008957189453, 35.15217885877114]]]}}, {"type": "Feature", "properties": {"rowId": 293, "city_name": "桑名市", "town_name": "多度町美鹿", "households": 97, "population": 264, "e_stat_code": "242051760"}, "geometry": {"type": "Polygon", "coordinates": [[[136.58923071640598, 35.173373543388585], [136.58920411435656, 35.17328831966546], [136.5891256146376, 35.17321933820966], [136.58896892811077, 35.173113418317946], [136.58872082603364, 35.17294921500359], [136.58832984158167, 35.17279106921786], [136.5878282797964, 35.172617481515346], [136.58728403844938, 35.17238275952324], [136.5869515035217, 35.172224319938735], [136.5867165548597, 35.17207610346406], [136.5865985400099, 35.17193259272911], [136.58660417627684, 35.171809883257474], [136.58661636335194, 35.17169777533177], [136.58669355401338, 35.171590699252846], [136.58678243187552, 35.171302148584886], [136.5868391544119, 35.171056434456695], [136.58687686711318, 35.170880183617676], [136.58691484757287, 35.17074125784045], [136.5869139260424, 35.1706131568083], [136.58691177701343, 35.17031441999273], [136.58696842403032, 35.17005800157609], [136.58702573279209, 35.16977468177497], [136.58702511915845, 35.1696894732029], [136.58700977082484, 35.16961243471935], [136.58696414974932, 35.16945850270735], [136.58688385296355, 35.169288474061574], [136.58678383023351, 35.16911854128839], [136.58672872711986, 35.16901733240959], [136.58672286111275, 35.168887501296595], [136.586764241885, 35.168804127311816], [136.58681712427597, 35.16859689371564], [136.5868701215936, 35.16840592620752], [136.58686400960406, 35.16824771517188], [136.58681350183298, 35.16809373720941], [136.58679758458487, 35.167943672519726], [136.58680153471684, 35.16780160932406], [136.58683040437873, 35.167695973778756], [136.5869085700473, 35.16756981270113], [136.5870427758137, 35.167335840015994], [136.58712513866638, 35.16710817875098], [136.58715346733658, 35.166921347746545], [136.58705862578745, 35.16679202381294], [136.58698838252866, 35.1666422275218], [136.58695748227242, 35.16647195451693], [136.58692680060116, 35.1663259775636], [136.58678865235314, 35.166012216746246], [136.58679769753516, 35.16589850840419], [136.58687119160322, 35.16580885015674], [136.5869991315958, 35.16573519242505], [136.5872110991954, 35.16566520460497], [136.58749660242674, 35.16550548786586], [136.5876535567249, 35.16534647426049], [136.58770226639086, 35.165244824776664], [136.5877408915579, 35.16511878752177], [136.5877596354277, 35.164976721817155], [136.58785367233352, 35.16500055454517], [136.58797717716197, 35.16499593181244], [136.58806097179482, 35.16496706836028], [136.58818368514136, 35.16485287013414], [136.58830129286108, 35.16471433105878], [136.58839452302095, 35.16462056101312], [136.5884898906165, 35.16448410274601], [136.58856763974106, 35.16430111165665], [136.58862530220625, 35.16407364222695], [136.58864789222392, 35.163781344006686], [136.5885918237386, 35.16354626596016], [136.58866995531488, 35.163416019967066], [136.5887782247013, 35.163350556046055], [136.58892607377626, 35.16329707881854], [136.58905940920997, 35.163288322529255], [136.58924709503705, 35.16327112806054], [136.5893899840143, 35.16321359022155], [136.58946593505883, 35.16312603102716], [136.58957295843655, 35.162894162367486], [136.58964072803414, 35.16269502259598], [136.58968372751988, 35.16249192064445], [136.58970264417349, 35.16237414986079], [136.5897466977347, 35.16231710056487], [136.589790925245, 35.16228441629957], [136.5898699927807, 35.16228402549043], [136.58994908915443, 35.16228771903724], [136.59020631590454, 35.162322926365796], [136.59051250056208, 35.16229704518889], [136.5905951780838, 35.162114029068256], [136.59069233705148, 35.16188227764004], [136.59078159557325, 35.16158359327333], [136.59087002421325, 35.16151414213245], [136.59096879629166, 35.16150555466162], [136.5910528521517, 35.16151323681083], [136.59117638285443, 35.16151262495878], [136.59129495090602, 35.16150802357119], [136.59139845032848, 35.16147096222804], [136.59151648851773, 35.16139326675133], [136.5916242124485, 35.1612588617818], [136.59171690629, 35.16109199774604], [136.59176506506347, 35.16092133935335], [136.59181840435699, 35.16077910587175], [136.5918469140295, 35.16062474224235], [136.59196436451393, 35.16046592324576], [136.5920623116976, 35.16034367900294], [136.5922836688331, 35.16020462500295], [136.59242382675077, 35.16010857863735], [136.59260993530523, 35.15988040532058], [136.59269768083198, 35.15971764829721], [136.59275521219547, 35.15947391605267], [136.59284260647962, 35.15926249887234], [136.5929891337195, 35.15902233775648], [136.59303881817826, 35.15871977191351], [136.59304670493296, 35.15844783652355], [136.5930649680679, 35.158240847814895], [136.5930729868465, 35.157981094098275], [136.59316120161182, 35.157883262289914], [136.59320005584902, 35.15778976003223], [136.59323383148939, 35.157675931813486], [136.5932130637616, 35.15753807981064], [136.5931496159581, 35.157309174837415], [136.59316368328572, 35.15720361307194], [136.59323180945083, 35.157061233927614], [136.59331497709167, 35.15694715957644], [136.5935019452121, 35.15683263884907], [136.5938660668688, 35.15662793947928], [136.59419573085034, 35.15643150854772], [136.59439751800744, 35.156320925504055], [136.5946186861609, 35.15615749946392], [136.59474147121193, 35.15605547906859], [136.59479508464466, 35.15595781813658], [136.59465562480253, 35.1554654932296], [136.59465896238478, 35.15524632453359], [136.5947416076138, 35.155055210367685], [136.5947701409425, 35.15490492831096], [136.59470933916964, 35.15469833350064], [136.59463374623923, 35.15449174276836], [136.59454805993306, 35.154264919979774], [136.5944485842264, 35.15417612310431], [136.59429505656828, 35.15412414394571], [136.59408985694688, 35.15410693036943], [136.59390187438646, 35.154075404255174], [136.59376272427514, 35.15396652370207], [136.59369814545857, 35.15391818429276], [136.59362807516044, 35.153792761331815], [136.59361678696703, 35.1536020459606], [136.59354500758477, 35.15324128308117], [136.5935283754919, 35.15299382996319], [136.59349701177425, 35.152754548628735], [136.59345222854793, 35.15271019438991], [136.59327434716215, 35.15271108182441], [136.59301781904978, 35.15276912266755], [136.59287955574774, 35.15278199464464], [136.59271618336956, 35.152738160732994], [136.59240920829728, 35.152650464606225], [136.5921668210402, 35.15260702278258], [136.5917637166462, 35.15255423970505], [136.59149626997092, 35.1524662737044], [136.59134262776197, 35.15239809253807], [136.59127305050444, 35.15234569179062], [136.59122776875026, 35.1522322528435], [136.59116146254382, 35.151944480460685], [136.5910909591966, 35.15175820790111], [136.59101566054574, 35.15159625568033], [136.59109882739693, 35.15148217914144], [136.59121641519968, 35.15134363610945], [136.59126014094818, 35.15124200915211], [136.5912789368522, 35.151107970383784], [136.5912778224285, 35.15095381841606], [136.59127189496144, 35.150815817864135], [136.5910618074863, 35.15012093561162], [136.59096893380695, 35.149573642636305], [136.5909825018288, 35.14906018725263], [136.59095640123024, 35.14886559607971], [136.59089611269357, 35.14872786467702], [136.5908905669855, 35.1486426796457], [136.59095645452115, 35.14853481641839], [136.5910887267823, 35.14837591931112], [136.59117200555218, 35.148278110351995], [136.59118111741893, 35.148168486232116], [136.59119033214486, 35.1480792139975], [136.59119003897493, 35.148038651515385], [136.59133812659687, 35.148021649815], [136.59139688669882, 35.147948330002926], [136.5914897770513, 35.14780991005934], [136.59156290110587, 35.147671588110434], [136.59163140591735, 35.147581951098765], [136.59174470463535, 35.14753272685234], [136.591892465351, 35.14747107853424], [136.59217792358186, 35.14731951965848], [136.59240949161125, 35.147233158581884], [136.59258724403014, 35.147216079039055], [136.59269583031863, 35.14720335733217], [136.59275984480644, 35.14717465843088], [136.5928430456976, 35.14706058294432], [136.59288614904162, 35.14687374713042], [136.59292598557155, 35.146579321622504], [136.5929442479436, 35.14637225802474], [136.59297285543477, 35.14622605797177], [136.5930312327408, 35.14609999257149], [136.59311984813766, 35.14605891857273], [136.59320856875664, 35.14602608405691], [136.59331231160988, 35.14602556893807], [136.59340615294568, 35.1460251029075], [136.5934603353093, 35.146000466895366], [136.59355876528178, 35.14594723171901], [136.59362221859453, 35.145841422378055], [136.5936459686542, 35.145711444494694], [136.59376438158404, 35.14535169937175], [136.59385203789066, 35.14517274244463], [136.5938758461676, 35.14505086245032], [136.5938751685258, 35.14495755603408], [136.59382994764178, 35.14485228696525], [136.5937698366866, 35.144738922462075], [136.59360058060756, 35.14456123939752], [136.59346112569406, 35.14440770465618], [136.59336113655036, 35.14424594562745], [136.59336952612605, 35.14404294422025], [136.59335096867926, 35.1438665561667], [136.5933155644134, 35.14374905451237], [136.5931865888274, 35.143680678749966], [136.59299346945792, 35.143616705869526], [136.5927011717291, 35.14350864658099], [136.59248309729338, 35.14340824663815], [136.59224501106047, 35.14327956407887], [136.5920509522008, 35.14308573321602], [136.59192616031677, 35.142907827102086], [136.59177231993465, 35.14281527737988], [136.59150931039144, 35.14265425141258], [136.59129003581933, 35.14238751358315], [136.5910685445684, 35.14216339342725], [136.58983809604916, 35.14040624773823], [136.588977131634, 35.13919108063687], [136.58834193151503, 35.13827409975007], [136.58797027003644, 35.137599210299754], [136.5878806389536, 35.13749823785249], [136.58768653314067, 35.137300309171806], [136.58758676989203, 35.137166920679675], [136.58754164916118, 35.13707382808852], [136.5875011361421, 35.136935993591216], [136.58744112558, 35.13683487532134], [136.5873616185871, 35.13677033308585], [136.58723762997778, 35.136701922636405], [136.58704197241306, 35.136627806525105], [136.58687367933356, 35.13657996622797], [136.58670043048383, 35.13652806410446], [136.58652212164216, 35.136464003975355], [136.58643780057182, 35.13641568116867], [136.58635838024384, 35.13636332123174], [136.58626369445457, 35.136250187371765], [136.58611469809762, 35.136137319144716], [136.58591146852174, 35.13604091375056], [136.5857330163153, 35.135956569566844], [136.58553992153153, 35.1358925795224], [136.58540603316695, 35.13582421636312], [136.58528170198173, 35.13570714211836], [136.58523641073015, 35.1355896824602], [136.585180985317, 35.13543980562321], [136.58514045085846, 35.135297955621226], [136.5849637823878, 35.13476724785032], [136.58483307280085, 35.1344473091777], [136.58476827069393, 35.134370509231424], [136.58461916406333, 35.134241370753145], [136.58434894390868, 35.13408514080834], [136.58425614078106, 35.13413298665727], [136.58408788789393, 35.13417387370624], [136.5839592565077, 35.134174496722835], [136.58379491290734, 35.134138811741295], [136.5836485095199, 35.13413592934549], [136.5835222216997, 35.13415294961041], [136.58324347077635, 35.134249019991685], [136.58299576848154, 35.13434127745525], [136.5828846736885, 35.134312658546364], [136.58279576411508, 35.13428759442287], [136.58270708127478, 35.134288023008004], [136.5825697296268, 35.13431051787923], [136.58245933353902, 35.13438034939861], [136.5823535268507, 35.134468258411964], [136.58204513696205, 35.13476123631488], [136.58189549336066, 35.134929569327326], [136.58182530361017, 35.13503554595585], [136.58168558234638, 35.13534594882674], [136.58160028666458, 35.13551580199429], [136.58146347612987, 35.13561484575672], [136.58126937563406, 35.13576515194496], [136.58096943983048, 35.1359997742136], [136.5808372418908, 35.13612062550095], [136.5807493393045, 35.13623767225985], [136.5806089655877, 35.136456946631334], [136.5804726093194, 35.13661429831666], [136.58030316864347, 35.136802724195704], [136.5800344877505, 35.13707000911225], [136.57982714679034, 35.13722769976384], [136.57968574604558, 35.13730852194017], [136.57962850475485, 35.1373671082182], [136.5796112238443, 35.137432756275395], [136.57958578248562, 35.13759323467485], [136.5795466832002, 35.13771363674303], [136.5793886091068, 35.13794031670444], [136.57919699743002, 35.13812884635562], [136.57903409528603, 35.13829723682711], [136.57900397184756, 35.1384321738098], [136.57889418622645, 35.13858939402176], [136.57865247778682, 35.13890753102213], [136.57847205573142, 35.139108822314476], [136.57831114280717, 35.139249807709994], [136.57821401738732, 35.139312245806195], [136.57813449357508, 35.13936002123488], [136.57807732719397, 35.13942952218428], [136.57801190523756, 35.13958645828379], [136.5779465340805, 35.139750718152236], [136.57784072259446, 35.13984601435943], [136.57775226484628, 35.139879184462714], [136.57767688633137, 35.13988320740787], [136.57760145913048, 35.13987990534282], [136.57750825789722, 35.13987309765001], [136.57742408670822, 35.13988807706711], [136.57736238391772, 35.13994668344644], [136.577318737403, 35.14004886581268], [136.57726860488222, 35.140167557766446], [136.5771804355618, 35.14024812124938], [136.57706540690216, 35.140288742222566], [136.57695466548228, 35.14031110171805], [136.57687077348675, 35.140366151032154], [136.57679606566248, 35.14046489019774], [136.57673943579186, 35.14061093772214], [136.5766825513742, 35.14072050685349], [136.57665239475457, 35.14085177928386], [136.57667109186494, 35.14098655226227], [136.57668986712235, 35.141132169041285], [136.576651191721, 35.14130728676642], [136.57654993478855, 35.14141706726662], [136.5763863870452, 35.141501651094245], [136.57620469912487, 35.14152434762302], [136.57603596487564, 35.14149965799046], [136.57593381108552, 35.14148190529667], [136.57579879237784, 35.141520788221015], [136.57562169803066, 35.14156902629444], [136.5753030017141, 35.141665262310305], [136.57521033980808, 35.14173492934787], [136.5750822548636, 35.14181568035676], [136.5750385803198, 35.141914269653384], [136.57503998854304, 35.14211468775784], [136.57504073076615, 35.1422203200632], [136.57491297230743, 35.14234114037053], [136.57476786041036, 35.142524017195264], [136.57473738652186, 35.142604304143006], [136.57472907726458, 35.1426845554828], [136.57471413555498, 35.14276660006489], [136.57468045595044, 35.14302542574699], [136.57468194006842, 35.14323675953591], [136.5746433087705, 35.143419128272086], [136.57454210213157, 35.14353616045572], [136.57442307174344, 35.14364243260344], [136.57429049528068, 35.14371228909891], [136.57425079575725, 35.14374888615779], [136.5742333315911, 35.14378904064086], [136.57423379168964, 35.14385460266112], [136.5742608965973, 35.143923700064846], [136.5742617150308, 35.144040317365295], [136.57418980658395, 35.14422101346384], [136.57405753588796, 35.14433460049572], [136.57393436831745, 35.14448089208039], [136.57386432339618, 35.144616084943436], [136.5738292881091, 35.144681816015485], [136.57383412902882, 35.14473644156782], [136.57386547324498, 35.14478002510436], [136.5739682921417, 35.14489249650518], [136.5740442361795, 35.144968614520096], [136.5740981167087, 35.14505948460923], [136.5741208939994, 35.14514677114429], [136.57410376032362, 35.14523431709699], [136.57407354277794, 35.14535100959582], [136.5739862102793, 35.14555184564908], [136.57387610168217, 35.14566532618142], [136.57376575385857, 35.14573873628128], [136.5737107528101, 35.14580639186079], [136.57367173772334, 35.145934111070176], [136.57368541018428, 35.14598869389335], [136.573654655354, 35.14602891000663], [136.57357513870934, 35.14607301982059], [136.5734026529405, 35.146150316016474], [136.5730798929795, 35.14630487205022], [136.57284576736774, 35.14644443048648], [136.57280623748147, 35.146499265109426], [136.57281975924397, 35.14653201776802], [136.57291765433396, 35.14657162503557], [136.57305561161434, 35.14663287230189], [136.57311141251193, 35.146685495061774], [136.57332200735323, 35.14698689089559], [136.57345630095259, 35.14716111252746], [136.57353260295574, 35.14728828625024], [136.57359097007304, 35.147382727644846], [136.5736050013745, 35.14748829395401], [136.57359245252437, 35.147594057682866], [136.57362025048988, 35.14776153090265], [136.5736790853372, 35.1479287867472], [136.57386558748098, 35.14827226776872], [136.57391964898468, 35.14838856115693], [136.57395127595055, 35.14847221389616], [136.5740048295588, 35.14851569195893], [136.57409829152988, 35.148558982081525], [136.57415182526753, 35.14860605230199], [136.57413030240517, 35.14869728075822], [136.57407741524875, 35.14874851646303], [136.57404250612848, 35.14883248488815], [136.57406976912313, 35.148923482262404], [136.57410179591528, 35.14905811892994], [136.5741027165224, 35.1491892409359], [136.57400638018706, 35.14937187894489], [136.57385895217914, 35.1495383506506], [136.57357203513772, 35.149743791851144], [136.5733114078691, 35.14990164266204], [136.57327215672626, 35.14999654586697], [136.57329029020937, 35.15005110774274], [136.57338459698846, 35.15021467526463], [136.5734968169677, 35.150407242524835], [136.5736261903981, 35.150508602462], [136.57377762547668, 35.15059535109557], [136.57386265127954, 35.15070058197509], [136.5739033246683, 35.15080243209235], [136.5739326587526, 35.15087701088906], [136.57387145661409, 35.15100842695339], [136.5737746736312, 35.15112184101539], [136.57370026097655, 35.15126430513475], [136.57367881214174, 35.1513663777858], [136.57362612653694, 35.15144683748307], [136.57340551002798, 35.15161907533146], [136.57318909339816, 35.15175488393074], [136.57304378478014, 35.15191225839247], [136.57286799820594, 35.152149916950435], [136.57274300820305, 35.15235634940211], [136.57262888235266, 35.152528153201125], [136.57261640970174, 35.15264476020924], [136.5726522986044, 35.152706562455506], [136.57274140233065, 35.15275712767635], [136.57292810679832, 35.15281089550919], [136.5733953491588, 35.1530127767985], [136.57368019481672, 35.1531462214355], [136.5738450041462, 35.15324382315967], [136.57387195975022, 35.153291018161674], [136.57387231869134, 35.15334207035019], [136.57379277141214, 35.15338251456091], [136.57361585867022, 35.153459825571744], [136.57341257711354, 35.15357373759745], [136.57323821351903, 35.15369659661596], [136.57317657606953, 35.153766110403396], [136.57314166563563, 35.15385007459196], [136.57317795756825, 35.15396285654773], [136.57323524872098, 35.15453819934494], [136.57328018597153, 35.15461819526207], [136.57384632646966, 35.15500537009957], [136.5740957622078, 35.15514989232204], [136.5743961446057, 35.155277835480234], [136.57454738460885, 35.15533535840483], [136.57467653791838, 35.15540404141745], [136.57481475163308, 35.155505356297056], [136.57491766357157, 35.15562873846695], [136.57500767135852, 35.155806827451286], [136.57508863467206, 35.155966790979], [136.57515661361026, 35.15617047714388], [136.5752580553793, 35.156401327150135], [136.5753168706306, 35.156557733763535], [136.5753398842236, 35.15667783240228], [136.57532805660034, 35.156885555868335], [136.57529010092512, 35.15716995013825], [136.57531320884937, 35.157297370891214], [136.57539804239573, 35.15737344697092], [136.57549182679358, 35.15746046512925], [136.57582128154752, 35.15762284663048], [136.57605733533913, 35.15775285359036], [136.57618711360348, 35.157908924374894], [136.57628156969312, 35.15809065346309], [136.57647567206885, 35.15824825127367], [136.57662282378078, 35.158356847196146], [136.57675633920758, 35.15841086207659], [136.5768808346802, 35.158450342369875], [136.57703621845627, 35.15846784528559], [136.577187177713, 35.15847804628372], [136.5773603097554, 35.15849539485206], [136.57750237551895, 35.15850929890734], [136.5776179639565, 35.15853790537504], [136.57762271335238, 35.15858527604925], [136.57761017239582, 35.158690966098206], [136.5775754462042, 35.15880042371854], [136.57751461005375, 35.15898289112653], [136.5774402512644, 35.15913260596645], [136.57732782670325, 35.15922968553808], [136.57708962927967, 35.15942756899126], [136.57697501456994, 35.159530151508285], [136.57693536147966, 35.15957407114303], [136.576913739152, 35.15965065053356], [136.57691469411017, 35.15978543146763], [136.57690305411577, 35.16001872034345], [136.57686004292248, 35.16021201789352], [136.57682996506747, 35.16035419910817], [136.57671795208347, 35.16050958483064], [136.57666967451598, 35.16058269838625], [136.5765248732097, 35.16081288584556], [136.57635826589689, 35.1610942309566], [136.57626628022788, 35.16126226783486], [136.57620058541372, 35.16138278650587], [136.57608627523956, 35.1615290984505], [136.57599369718318, 35.16161334171064], [136.57594978533822, 35.161679115394655], [136.57596400592882, 35.161810251631344], [136.5759760576521, 35.16194315875855], [136.57597781676475, 35.162190909365336], [136.57597905834902, 35.16236577048717], [136.57595851819485, 35.16259545673865], [136.5759151244386, 35.16273411950256], [136.5758624658109, 35.1628181750704], [136.57580078921345, 35.162876780236296], [136.57569923124865, 35.162946489619245], [136.57563340939006, 35.16304877795128], [136.57554591769585, 35.16322772192367], [136.57542928864794, 35.163361308600976], [136.5753238554098, 35.163507518450785], [136.57529890808837, 35.16374447994309], [136.57520694865894, 35.163916191360535], [136.5750972346644, 35.16408791640926], [136.57504044323775, 35.16421213513468], [136.57504103707072, 35.16429586845548], [136.57505554481978, 35.16446707616192], [136.57502994052456, 35.16460565568451], [136.57498440413946, 35.164757075639976], [136.57495875819404, 35.16489565545178], [136.57497731110888, 35.16500853112834], [136.57502225989384, 35.1650884632184], [136.5750538973541, 35.16517212050195], [136.57505495672658, 35.16532148929704], [136.57503787803552, 35.16541636375184], [136.57499966392604, 35.165656979572326], [136.57501491732566, 35.16593382230783], [136.57500088150758, 35.166143407098794], [136.57492248735068, 35.16634780258338], [136.57486540724167, 35.16643188074647], [136.57486149122695, 35.16650845252888], [136.57493355979705, 35.16665748481078], [136.57503236767562, 35.166828290354914], [136.57513160380302, 35.16705367296625], [136.57514913591726, 35.1671195780906], [136.57520909238772, 35.16734479413248], [136.57525698928563, 35.167532249600775], [136.57532591491432, 35.167867145601164], [136.57536232066983, 35.16799444260894], [136.57543366154997, 35.1680767823178], [136.5754786261447, 35.16812875428581], [136.5757062217573, 35.16831345435477], [136.57580015055015, 35.16841871534511], [136.57590751758244, 35.16853842096943], [136.5759170139523, 35.168625843556406], [136.57597056361502, 35.16867291453278], [136.57608613674523, 35.16869785831326], [136.57614388941184, 35.168708570521666], [136.57642810211604, 35.16874362772927], [136.57645940669522, 35.168779888955115], [136.5764333904773, 35.16886022604004], [136.5764634340157, 35.16903311680558], [136.57652209143396, 35.16917129277277], [136.5766248696509, 35.16927284901957], [136.5767454056423, 35.169374250137196], [136.5767635712647, 35.16943247586133], [136.57675508384634, 35.16948716587595], [136.57672917743972, 35.16958933469768], [136.57663269305218, 35.16974648924298], [136.5766293949259, 35.169910453968996], [136.57666583145357, 35.17004141257545], [136.57671073062883, 35.17011408850361], [136.57685786755292, 35.17021177254233], [136.57712067597473, 35.17035989274592], [136.57725042284775, 35.17050864682243], [136.57732012534973, 35.17063768621617], [136.57735661246937, 35.170775968277034], [136.57737138136957, 35.17098358323904], [136.57738554533248, 35.17110006993516], [136.57748869261985, 35.17125268331721], [136.5776446140876, 35.17134299960232], [136.57782697428925, 35.17140044285717], [136.5780757960585, 35.171450243411], [136.57841350993894, 35.17151785993133], [136.5787826002078, 35.17162539792191], [136.57906723868865, 35.1717187604496], [136.5793830294827, 35.1718265515816], [136.57947881875788, 35.17187898326793], [136.57956398009154, 35.17199879332402], [136.57973339822834, 35.172110945895156], [136.57992015359113, 35.172164702753925], [136.58010672802658, 35.17219296607113], [136.58033283517355, 35.17216631835914], [136.58043928425985, 35.17216221737443], [136.5804839277549, 35.172198413724125], [136.58055554035005, 35.172281876952646], [136.58065876781518, 35.172445333934576], [136.5808325538229, 35.172550211080576], [136.58110914263358, 35.17275290876953], [136.5812522457125, 35.17290892044903], [136.58147490143725, 35.173017153772655], [136.58161544927987, 35.17312761235529], [136.5818116842821, 35.173265127805756], [136.58195017355484, 35.17339925916818], [136.58205322502826, 35.17353722161949], [136.58217311522745, 35.17354756262054], [136.58231065895797, 35.1735432394188], [136.58246784108988, 35.17349698914198], [136.58262710945348, 35.17343058727681], [136.58287503950518, 35.17334925059567], [136.5830280406884, 35.173335767776216], [136.58321890455161, 35.17334576528745], [136.583505299693, 35.173371713186896], [136.5838163423698, 35.17343219094994], [136.5840519287711, 35.1734893687687], [136.584194479554, 35.173561503410085], [136.58437701635145, 35.17364809335125], [136.5845640903278, 35.17374557729489], [136.58475565642772, 35.17385393951454], [136.58492948395798, 35.173958725053176], [136.5851234490674, 35.174090806556904], [136.5852927659895, 35.174188360202635], [136.58539101861064, 35.17427893764335], [136.5855385323329, 35.17442765707831], [136.5856945295808, 35.17452161275267], [136.58578786962224, 35.17454298547464], [136.58589876221168, 35.17454243958338], [136.5860231887995, 35.17456365850968], [136.58610334984513, 35.174606998943844], [136.5861660610705, 35.17468690490301], [136.58626880188663, 35.1747811219295], [136.58635836226244, 35.1748972358671], [136.5864434524475, 35.17500611783306], [136.58646639911862, 35.17510805213869], [136.5864407646149, 35.1752466361919], [136.5864194170658, 35.175366959312655], [136.5864398349002, 35.17542700199589], [136.58652921078723, 35.17551762283663], [136.586658580584, 35.17561177781474], [136.5868191543121, 35.17572754140113], [136.58686429835615, 35.175833028128444], [136.58694027673812, 35.17590913531103], [136.587096069222, 35.17597393352774], [136.58738068996732, 35.17606365936796], [136.5876121188752, 35.176157238923246], [136.58789689739748, 35.17626879387585], [136.58821047138494, 35.176371050762754], [136.58839701874967, 35.1763956224685], [136.5885125294851, 35.17641695321799], [136.58866990763767, 35.176249476500615], [136.58874081565315, 35.17616905142707], [136.58879861064938, 35.17607812740642], [136.5887979949555, 35.17599270352884], [136.5887057727109, 35.175817096328295], [136.58865233866365, 35.17561460512563], [136.58865160836814, 35.175513266113526], [136.5886574291979, 35.17542252896764], [136.58872170293128, 35.17532614966567], [136.5887991277116, 35.1752457628836], [136.58896095007387, 35.17515960651448], [136.58916853258037, 35.17511590025084], [136.58951877578323, 35.175028739132784], [136.58966101191803, 35.17492669247962], [136.58968642121656, 35.17484656311292], [136.58966617796193, 35.17474525060002], [136.58962646966233, 35.1746441049408], [136.58952160062205, 35.17451659018547], [136.58937744124484, 35.17435187493758], [136.58924955583856, 35.17418440156726], [136.58918405152346, 35.17411007462306], [136.58915745203782, 35.17402485037302], [136.58913744024213, 35.17395558013082], [136.58912379328905, 35.173864939401724], [136.58914835708362, 35.173667414687465], [136.58919296729186, 35.17354444199636], [136.58921837729716, 35.17346431270077], [136.58923071640598, 35.173373543388585]]]}}, {"type": "Feature", "properties": {"rowId": 278, "city_name": "桑名市", "town_name": "多度町肱江", "households": 63, "population": 179, "e_stat_code": "242051620"}, "geometry": {"type": "Polygon", "coordinates": [[[136.6512468244849, 35.12705233046169], [136.65131410074147, 35.12689485067225], [136.65194977998712, 35.12707671527985], [136.65213159911443, 35.12693291360535], [136.65228047860705, 35.126684216005756], [136.65249698304893, 35.12637585652346], [136.65274905565693, 35.12610469929142], [136.6528930239792, 35.125981946969574], [136.65297544028877, 35.12592819131072], [136.65302217197518, 35.12590871319462], [136.6530686369674, 35.12590430685074], [136.65314224828117, 35.12592313555816], [136.65319349279187, 35.12593215505221], [136.6533679019556, 35.12588593100083], [136.65372189772884, 35.125680350378076], [136.65268500082155, 35.12516205695534], [136.65138358523407, 35.12502448686735], [136.65046489172795, 35.12491287419929], [136.65022044197994, 35.124887637406985], [136.6500404560601, 35.124841348829584], [136.64971971346444, 35.1247132061634], [136.6493576230777, 35.12457493248609], [136.64909400215015, 35.12440225500001], [136.6488194816047, 35.12420597239369], [136.64859895165372, 35.124030104880234], [136.64845269026105, 35.12392905341667], [136.6483369590174, 35.12383523344945], [136.6481889087184, 35.12373567016242], [136.64803010809285, 35.12364207942897], [136.64777381113092, 35.123484078589996], [136.64755377324605, 35.123364265072084], [136.64719046324132, 35.123298318655955], [136.64706432728602, 35.12324885013506], [136.64690204557527, 35.12316999591024], [136.64673623129093, 35.1230941187824], [136.64632706994422, 35.12290890351582], [136.6460637191952, 35.12276868476425], [136.6456562754126, 35.122573105593], [136.64520192666376, 35.12234749236092], [136.6443200216525, 35.121885202303936], [136.64412248400524, 35.1218892128334], [136.64393930209698, 35.12188722977845], [136.64381354314688, 35.121884941361735], [136.6437344742315, 35.12187944701672], [136.6436086407353, 35.121862439323394], [136.64346107275378, 35.12182780047473], [136.64328107086524, 35.12177269930689], [136.6430812341821, 35.1217132670865], [136.64284344262975, 35.121622977573594], [136.64270669590724, 35.12159123817794], [136.64260832188822, 35.12196966350812], [136.64224326685547, 35.12237211153257], [136.64343142861512, 35.12317759053672], [136.64286040212377, 35.12508689974122], [136.64375943342912, 35.125500512930294], [136.6434899847115, 35.12626197077204], [136.6439780554369, 35.12650128316298], [136.64464776528416, 35.126811248085374], [136.64542265458928, 35.12715910096023], [136.64595523465212, 35.12738887219451], [136.64643183661642, 35.12756900901576], [136.6470745565852, 35.12782410339658], [136.64743433456786, 35.12793436577658], [136.64782972995778, 35.128071338676044], [136.64834031909317, 35.128233679866845], [136.64893866641242, 35.128485269051694], [136.64903183614862, 35.12858160408286], [136.6492568461314, 35.128699977832184], [136.6497280165111, 35.12897640161991], [136.64995967252588, 35.12905677990295], [136.6502720500871, 35.12911770925229], [136.65048012213765, 35.12913750705613], [136.65045356008767, 35.128993419773266], [136.65042870615542, 35.128773334892756], [136.65043506377415, 35.128613295472036], [136.65047622295862, 35.128399546087046], [136.65055196336442, 35.12822793665562], [136.6506272580267, 35.12799527030792], [136.65065493057298, 35.127880188248426], [136.65065108691323, 35.12775816329249], [136.6506904761188, 35.127682878108835], [136.65071878170167, 35.12764758392582], [136.6507728137833, 35.1276191234399], [136.65085264279986, 35.127595242644695], [136.65091239604723, 35.127569075894954], [136.65096740900088, 35.127480818848085], [136.6509839554551, 35.12740565700483], [136.6510034584785, 35.127346888231], [136.6510373523542, 35.12729747950522], [136.65110268049588, 35.12725022456008], [136.6511708971879, 35.12720527860611], [136.6512468244849, 35.12705233046169]]]}}, {"type": "Feature", "properties": {"rowId": 294, "city_name": "桑名市", "town_name": "多度町香取", "households": 678, "population": 1407, "e_stat_code": "242051770"}, "geometry": {"type": "Polygon", "coordinates": [[[136.64626735987986, 35.14603451833955], [136.64631773843436, 35.14578043722703], [136.64660624340047, 35.145834817454414], [136.64671079668216, 35.145812780396604], [136.64683591198462, 35.1457346460215], [136.64690316854976, 35.145631043289534], [136.64700670912376, 35.14547562574991], [136.64711707794086, 35.14552236208061], [136.64730814521099, 35.14518139626917], [136.64712943433437, 35.14510065940228], [136.64723516217754, 35.14489142380091], [136.64732205173485, 35.14461989316555], [136.6474043214871, 35.14442585407319], [136.64749134662318, 35.144171576702206], [136.64755309884237, 35.144033565312505], [136.64762032605393, 35.143921300097624], [136.64790426108948, 35.14339919815849], [136.64766661207327, 35.142826155750356], [136.64774498000386, 35.142799890085676], [136.6478913829651, 35.14276903496896], [136.6480326591232, 35.14275102338668], [136.64808503966466, 35.14275074270299], [136.64807844730308, 35.142578730463896], [136.64815459877366, 35.142272818996936], [136.6500037979245, 35.14265227391927], [136.65093324709508, 35.13965717415542], [136.6532756580743, 35.140150056210494], [136.65381872064248, 35.13845375550643], [136.65437746782027, 35.13672250831694], [136.65668694913774, 35.13715740306492], [136.65734530094733, 35.13504988821414], [136.6550199230854, 35.134561428531065], [136.65537768984723, 35.13338860999235], [136.65544682966453, 35.133084071004426], [136.65547647184897, 35.13289981959326], [136.65546939661687, 35.132792460190075], [136.6554365591483, 35.13257791303381], [136.6553000628476, 35.13185264416373], [136.65517446329955, 35.131679304763416], [136.6550574996879, 35.1314604939449], [136.65500873411395, 35.131258568446555], [136.6549470881588, 35.1310803759131], [136.65485153234948, 35.13091736624521], [136.6547505663794, 35.13073720322415], [136.6545487577053, 35.13038124146668], [136.65442857238008, 35.1300914591954], [136.65433226152877, 35.129833873206415], [136.65429957130615, 35.12967482007772], [136.6542291737684, 35.129382655577594], [136.65420061289953, 35.12908596947165], [136.65418904670562, 35.12895264798107], [136.65415185278334, 35.128884044027636], [136.65418845291813, 35.12854608824809], [136.6542409608185, 35.1279090940687], [136.65433499313917, 35.12722877576543], [136.6543693630271, 35.12694463740519], [136.65438572782682, 35.12669721725214], [136.65435689036056, 35.12636609522447], [136.6543186635513, 35.12616833796945], [136.65428146192852, 35.126104030038725], [136.6542234150058, 35.126048426603006], [136.65372189772884, 35.125680350378076], [136.6533679019556, 35.12588593100083], [136.65319349279187, 35.12593215505221], [136.65314224828117, 35.12592313555816], [136.6530686369674, 35.12590430685074], [136.65302217197518, 35.12590871319462], [136.65297544028877, 35.12592819131072], [136.6528930239792, 35.125981946969574], [136.65274905565693, 35.12610469929142], [136.65249698304893, 35.12637585652346], [136.65228047860705, 35.126684216005756], [136.65213159911443, 35.12693291360535], [136.65194977998712, 35.12707671527985], [136.65131410074147, 35.12689485067225], [136.6512468244849, 35.12705233046169], [136.6511708971879, 35.12720527860611], [136.65110268049588, 35.12725022456008], [136.6510373523542, 35.12729747950522], [136.6510034584785, 35.127346888231], [136.6509839554551, 35.12740565700483], [136.65096740900088, 35.127480818848085], [136.65091239604723, 35.127569075894954], [136.65085264279986, 35.127595242644695], [136.6507728137833, 35.1276191234399], [136.65071878170167, 35.12764758392582], [136.6506904761188, 35.127682878108835], [136.65065108691323, 35.12775816329249], [136.65065493057298, 35.127880188248426], [136.6506272580267, 35.12799527030792], [136.65055196336442, 35.12822793665562], [136.65047622295862, 35.128399546087046], [136.65043506377415, 35.128613295472036], [136.65042870615542, 35.128773334892756], [136.65045356008767, 35.128993419773266], [136.65048012213765, 35.12913750705613], [136.6502720500871, 35.12911770925229], [136.64995967252588, 35.12905677990295], [136.6497280165111, 35.12897640161991], [136.6492568461314, 35.128699977832184], [136.64903183614862, 35.12858160408286], [136.64893866641242, 35.128485269051694], [136.6485780428018, 35.12889052627777], [136.64827859665832, 35.12929263715104], [136.64820101399678, 35.12941636671757], [136.64819013206935, 35.12949804687365], [136.64818639163173, 35.12961004243556], [136.6481426037913, 35.130790809329234], [136.64808025876232, 35.13079304420069], [136.64795310663914, 35.13078421783669], [136.64794205269934, 35.13099027025558], [136.64792768313797, 35.13121619967789], [136.6477435518671, 35.131594873444634], [136.64761348205113, 35.1318024074682], [136.64735123552967, 35.13223276856204], [136.64725762691256, 35.13237369704719], [136.6471889514159, 35.132453784784225], [136.6470947714968, 35.132522600619396], [136.6470330263233, 35.132600750731875], [136.64703107451388, 35.132646325482156], [136.64702717992444, 35.13273937805418], [136.64706592839704, 35.132966924835166], [136.64711035085887, 35.133180215349164], [136.64715885353826, 35.13347031692567], [136.64717888550962, 35.13366190614054], [136.6471769988417, 35.133862134548416], [136.64717511967774, 35.133917216809216], [136.64718092190162, 35.134065218189114], [136.64719817645286, 35.13420365150167], [136.64723858583065, 35.134494782779306], [136.64728543537976, 35.13477073878617], [136.64730946837062, 35.13498026485006], [136.6473168810766, 35.135044804184126], [136.64735229268985, 35.13513757544745], [136.6473913199074, 35.13525406050831], [136.64746987068574, 35.13554407201138], [136.64748679525894, 35.135640745652026], [136.64748270850868, 35.135709149450875], [136.6474070373642, 35.135999141176654], [136.64726885101314, 35.135999880596394], [136.6472770811819, 35.13643837173917], [136.64730450542692, 35.13689246649888], [136.6464702555789, 35.136877345756794], [136.64643637978332, 35.13711436576679], [136.6459448822555, 35.1373833355823], [136.64588346652678, 35.13741690371462], [136.64582000261262, 35.13766581130067], [136.64558847398013, 35.138573867925246], [136.64596513130124, 35.1387046812607], [136.64641169183417, 35.13851433436456], [136.6466827686766, 35.13843851868502], [136.64691642169183, 35.13844903254267], [136.64674737845473, 35.138771002688124], [136.64694319395494, 35.13882087377945], [136.6467408962078, 35.13915478293808], [136.64697513927325, 35.139239661946554], [136.6466777230702, 35.13977187772733], [136.64642756595376, 35.14021951963448], [136.6467621449225, 35.140335202535994], [136.64698262057547, 35.13988767209183], [136.64736514388167, 35.14003830758055], [136.6471116498969, 35.14053306197392], [136.64682212109423, 35.14098680619407], [136.64548479909215, 35.1427696987165], [136.64504644062066, 35.14339458704513], [136.64452667908526, 35.14397687684718], [136.64440832415045, 35.14411842519679], [136.64533580161472, 35.14447132157293], [136.64531828284527, 35.1452393288614], [136.64527754951806, 35.14604837963236], [136.64525009795437, 35.146551924414375], [136.64526201489616, 35.146736868575864], [136.64528611966304, 35.14680343249158], [136.64537087320704, 35.146923409365044], [136.64550847794564, 35.147107683867326], [136.64560954440108, 35.14730074564314], [136.64570523493938, 35.14748094706047], [136.645861097606, 35.14731666065137], [136.64599585171356, 35.14713952811515], [136.64607782362202, 35.14690675932761], [136.64616366500675, 35.14650191980427], [136.64621917158465, 35.14623485379341], [136.64626735987986, 35.14603451833955]]]}}, {"type": "Feature", "properties": {"rowId": 79, "city_name": "桑名市", "town_name": "大央町", "households": 62, "population": 279, "e_stat_code": "242050710"}, "geometry": {"type": "Polygon", "coordinates": [[[136.6915543463086, 35.06289856183444], [136.69170241393664, 35.06278440441041], [136.69121409563212, 35.0620669457519], [136.6909662485814, 35.06168460949648], [136.69084085649231, 35.06148644202835], [136.69068888774973, 35.0613058911454], [136.69050718813196, 35.06110339560369], [136.69024598119609, 35.06089311193651], [136.68986760944816, 35.060489612775456], [136.6894018005498, 35.05996012459538], [136.68927273173094, 35.060016493073974], [136.68921696720696, 35.06008160071405], [136.6890711776708, 35.06016116387409], [136.68866070661866, 35.060237578817585], [136.68808726064725, 35.0603565382127], [136.68827942121064, 35.06084666440341], [136.68819097182725, 35.06085984216149], [136.68836119721746, 35.06137910819525], [136.68866227328664, 35.06132511313524], [136.68881173011792, 35.061298309204844], [136.68902663646904, 35.061259767054466], [136.68955219842164, 35.06273078430616], [136.690896783954, 35.06245024481702], [136.69110114413195, 35.062845646569215], [136.6912302409234, 35.06281251626235], [136.69127943879025, 35.06297872148278], [136.6915543463086, 35.06289856183444]]]}}, {"type": "Feature", "properties": {"rowId": 50, "city_name": "桑名市", "town_name": "太一丸", "households": 112, "population": 264, "e_stat_code": "242050500"}, "geometry": {"type": "Polygon", "coordinates": [[[136.69397706116524, 35.06972394283173], [136.69394149272344, 35.06950441965484], [136.69342703934086, 35.06952587964793], [136.69306462495905, 35.069567245802006], [136.69301827007786, 35.069075027289436], [136.69268640787521, 35.06907234307578], [136.69266902363663, 35.069012299154664], [136.69257619863615, 35.06901050455616], [136.69254096334544, 35.06883499474118], [136.69225744437975, 35.06889675436285], [136.69211441128473, 35.06893919146064], [136.6916258185857, 35.069025217675225], [136.6912608322666, 35.0690965942001], [136.6909689136678, 35.069163046691685], [136.69051446037273, 35.06925500062411], [136.69066790334716, 35.069852389738735], [136.69046611925975, 35.069891285098684], [136.69065807163636, 35.07109326356289], [136.69158689018712, 35.07098755108966], [136.6918971106937, 35.07095219170677], [136.6917671139251, 35.07043939303157], [136.6920702771746, 35.07037526910955], [136.69267395691872, 35.070263091012464], [136.69351319261963, 35.07023632841841], [136.6939430667307, 35.07018999790653], [136.69393349198793, 35.07005589316771], [136.69413963019062, 35.069823580224565], [136.69397706116524, 35.06972394283173]]]}}, {"type": "Feature", "properties": {"rowId": 228, "city_name": "桑名市", "town_name": "太平町", "households": 24, "population": 73, "e_stat_code": "242051530"}, "geometry": {"type": "Polygon", "coordinates": [[[136.70954905538673, 35.03672429076109], [136.70958181439997, 35.036532331120796], [136.71026703831075, 35.03417478878367], [136.71140556126906, 35.030257417907684], [136.7119465057512, 35.02849552138121], [136.70834544318734, 35.027831626139424], [136.70825676181815, 35.02781855131548], [136.70817759829617, 35.027851689482006], [136.70807903936668, 35.02793388528022], [136.7079672099524, 35.02801615778086], [136.70784832226602, 35.028049456785794], [136.7074543867504, 35.02809140051547], [136.70682178929687, 35.028147195619724], [136.70609845771554, 35.0282844332699], [136.70542827441847, 35.02846488297845], [136.7045664174455, 35.02885180005427], [136.70388817042155, 35.02933018609242], [136.7030229002689, 35.030139451367226], [136.7025530772241, 35.030723669979366], [136.70171250023486, 35.03195512345468], [136.7012908290164, 35.03282554859096], [136.7015571271982, 35.03285288538505], [136.70161975017754, 35.032861960706484], [136.70144389386937, 35.03317291736782], [136.70141850645118, 35.03329264588024], [136.7014001296929, 35.03346135037306], [136.70128689449507, 35.03413625401757], [136.70116822759653, 35.034947109930044], [136.70111805751907, 35.03526276329075], [136.70109972844224, 35.03544231288726], [136.7010987806216, 35.03545654368581], [136.70194838545837, 35.03556312100479], [136.7054692488378, 35.03611732410182], [136.70954905538673, 35.03672429076109]]]}}, {"type": "Feature", "properties": {"rowId": 221, "city_name": "桑名市", "town_name": "小貝須字柳原", "households": 264, "population": 637, "e_stat_code": "24205146002"}, "geometry": {"type": "Polygon", "coordinates": [[[136.69368867771868, 35.04448356237398], [136.69361036566931, 35.04432681936598], [136.6930074156568, 35.044522592394074], [136.6923537655018, 35.044793655894644], [136.691709261114, 35.0451143823437], [136.6911150830721, 35.04541728325792], [136.69076981374002, 35.04564108756249], [136.69055428924926, 35.04581569967118], [136.69038222309078, 35.04599506519109], [136.69060756919, 35.0462538658464], [136.69009205708028, 35.04660025955347], [136.6902820783793, 35.04662023766891], [136.69141122316518, 35.04705221411406], [136.69190622865543, 35.047258911087916], [136.6920708407232, 35.047281636279855], [136.69218612923706, 35.04730464231404], [136.69230150356293, 35.04733778899947], [136.69244789044492, 35.047387590452324], [136.69260462483805, 35.047450853843756], [136.69283146423732, 35.047540831505316], [136.69309532561275, 35.04763397791495], [136.69313062280546, 35.04764067874458], [136.6932147246141, 35.047656889077764], [136.6934163020693, 35.04767602104714], [136.6936483123202, 35.04789097259374], [136.69380225037247, 35.04804340938031], [136.6942818396629, 35.04861188888218], [136.69494267017018, 35.04936532271452], [136.69535872929848, 35.04917230086307], [136.6954402534472, 35.04913190243989], [136.69545498375103, 35.04793726480218], [136.69545148924885, 35.04762156762381], [136.6954981641525, 35.04733474037019], [136.6948131248575, 35.046356016119894], [136.6941840866574, 35.04544063153707], [136.69400421064202, 35.04510199834366], [136.69368867771868, 35.04448356237398]]]}}, {"type": "Feature", "properties": {"rowId": 173, "city_name": "桑名市", "town_name": "巖新田", "households": 0, "population": 0, "e_stat_code": "242051230"}, "geometry": {"type": "Polygon", "coordinates": [[[136.624183199388, 35.06468548536383], [136.6250927249576, 35.06472565959664], [136.62552328331006, 35.06475336954165], [136.62597773608832, 35.06473602416735], [136.6262500846324, 35.06467975632929], [136.62643135305817, 35.06460917040107], [136.62655844424017, 35.06458351236612], [136.62648158853534, 35.06483814333902], [136.62691093067528, 35.06470134247245], [136.6273584623949, 35.064574446278066], [136.62760683689703, 35.06455323010654], [136.62786907236986, 35.06458039496406], [136.62800955965335, 35.06450874911004], [136.6282497558263, 35.06442123498408], [136.6285746598075, 35.06231906253525], [136.62841989522434, 35.06232127273333], [136.6261140481231, 35.06235437965867], [136.62586629102202, 35.06235793333564], [136.62374812498274, 35.06250772590386], [136.61973836804225, 35.061169183576375], [136.62035628090428, 35.06318215904745], [136.62091655244308, 35.06307683381934], [136.62161363043234, 35.06531883909121], [136.62368592184967, 35.064653113729484], [136.624183199388, 35.06468548536383]]]}}, {"type": "Feature", "properties": {"rowId": 74, "city_name": "桑名市", "town_name": "明正町", "households": 58, "population": 125, "e_stat_code": "242050670"}, "geometry": {"type": "Polygon", "coordinates": [[[136.67646650526095, 35.059522986315926], [136.67648514959578, 35.059239773469585], [136.6769604149204, 35.05933374805691], [136.67710757906374, 35.05935708349915], [136.67728847334925, 35.059394104979546], [136.67743674087126, 35.05940553144905], [136.67733787818932, 35.05909719772324], [136.6769286975341, 35.059123282909596], [136.67686954509443, 35.05896121196003], [136.67679527805223, 35.05872168699168], [136.67673592486443, 35.05853025029341], [136.67669344955985, 35.058390833114785], [136.6765576962815, 35.0579451641954], [136.67630045114507, 35.057996105393855], [136.67446493849917, 35.057639960446764], [136.6742354214658, 35.057595035849495], [136.67420484671055, 35.05759506473303], [136.67418232641057, 35.05760610566984], [136.67416747611975, 35.057633231420105], [136.67408828869512, 35.05781438228334], [136.67356572378495, 35.05810637745739], [136.67373100355877, 35.05829152431912], [136.6735487007621, 35.05837972202503], [136.6735730280102, 35.05841120806147], [136.6736454741993, 35.05843066672131], [136.67360471510733, 35.058650197164134], [136.67416114626639, 35.05876246626089], [136.6742768857253, 35.05878161322896], [136.67420588585756, 35.05893250623882], [136.6740101200019, 35.0591434596736], [136.6741408544772, 35.05922590629709], [136.67422691625222, 35.0591462000963], [136.6743867415531, 35.0592562325053], [136.6744442243798, 35.059216334281174], [136.6745511139067, 35.05933053437615], [136.67486894765085, 35.059324824771174], [136.67515833502222, 35.05937469662013], [136.6755241485017, 35.059344915358245], [136.67602810884756, 35.05931478552157], [136.67607669612022, 35.05960804753942], [136.67609444284548, 35.05966217674231], [136.67616714928135, 35.05988375236432], [136.67646065153176, 35.059830284864915], [136.67637433699664, 35.05954765554096], [136.67646650526095, 35.059522986315926]]]}}, {"type": "Feature", "properties": {"rowId": 169, "city_name": "桑名市", "town_name": "星川", "households": 409, "population": 840, "e_stat_code": "242051190"}, "geometry": {"type": "Polygon", "coordinates": [[[136.62955901945148, 35.07486365493349], [136.62964852960113, 35.0746838172292], [136.62971996161644, 35.0745090042206], [136.62966998417053, 35.07431489108697], [136.62957771292832, 35.0741409272887], [136.62943776262054, 35.07407193339183], [136.62937046037808, 35.073992562379836], [136.6293504224422, 35.07375343240495], [136.62930714008013, 35.073639076303934], [136.62919727831496, 35.07354492505186], [136.62888158957915, 35.07348177224247], [136.62862635265327, 35.07339844475263], [136.62859568988193, 35.07338247699342], [136.62850766214447, 35.07333673465615], [136.62826933029834, 35.073083806451], [136.62811049066747, 35.072925116483844], [136.62783629417135, 35.0727371641436], [136.62768874449628, 35.072072694529325], [136.62754841621515, 35.0719538388554], [136.62809287969958, 35.07141529654742], [136.62804970869513, 35.07132079861124], [136.62807311085535, 35.07121102624484], [136.62816354214695, 35.071145766753254], [136.62821183433437, 35.0711206565134], [136.62812641645988, 35.07104637764318], [136.6280228338455, 35.07097712310361], [136.62799193731254, 35.07090249181988], [136.62796712252324, 35.07082790000071], [136.62786350196347, 35.07075364478723], [136.62775426266913, 35.07073435116161], [136.627699048268, 35.07064984480599], [136.62760751035376, 35.070570668582505], [136.62733335962, 35.07038764382074], [136.62728172349986, 35.07041241888669], [136.62727083133993, 35.070505929759165], [136.6271652090107, 35.070623310696156], [136.6270666783007, 35.07064325819723], [136.62701207236816, 35.07053733916606], [136.62700712703324, 35.070534759566705], [136.62696592639216, 35.07046806888318], [136.6269554817576, 35.07044657284437], [136.62670705130702, 35.07059096086965], [136.6267001301214, 35.07060444727142], [136.6266954534858, 35.070597710644975], [136.62665192783146, 35.07054061022001], [136.62659248046756, 35.070462604862804], [136.62656686876693, 35.07042900364719], [136.62652350903193, 35.07030964605554], [136.62647426497617, 35.070210178702], [136.6264013882286, 35.07019062441498], [136.62646781171964, 35.06976428097297], [136.62647875235544, 35.06960464268161], [136.62670335098795, 35.06964841289949], [136.6268065502665, 35.06966773918483], [136.6269333041007, 35.06959736285239], [136.62711450259997, 35.069516705590665], [136.6273323729648, 35.06947071743305], [136.62773511587287, 35.069817446340586], [136.627752548443, 35.069722705323336], [136.6278123934581, 35.06961774439141], [136.6278901617338, 35.069487760275], [136.62802295737282, 35.06941235246133], [136.62816783586064, 35.06933181022363], [136.62832777566294, 35.06964000549859], [136.6284627525564, 35.06984860750826], [136.62852385410412, 35.06991308152995], [136.62854266849536, 35.06999270562277], [136.62855162299562, 35.07009378892022], [136.62868425822785, 35.07003612743054], [136.62871328384458, 35.07002865272276], [136.62876025859455, 35.07002749359922], [136.62880967186518, 35.07003111070881], [136.62895573178864, 35.07011014514713], [136.6292570326956, 35.069879348025694], [136.62958610071865, 35.070101943132215], [136.62978481179704, 35.069931398235774], [136.62982664204353, 35.069851460644955], [136.62962269287107, 35.06966913352566], [136.6294576223445, 35.06959111498845], [136.62927927982963, 35.06956950484996], [136.6293469401775, 35.06945647418247], [136.62929151257018, 35.06937788624124], [136.62935925942512, 35.069276123062906], [136.62944157780566, 35.06928696368363], [136.6295780241703, 35.069207379606105], [136.62950871797162, 35.069106327928914], [136.62967205464278, 35.0689589964305], [136.62994520613302, 35.06883363009771], [136.63007203138224, 35.06879543528586], [136.6304067715407, 35.06872552418735], [136.63028575578122, 35.06856142945431], [136.63023417016484, 35.068458948541334], [136.6304697747936, 35.06835807214874], [136.63032340270655, 35.06824418179774], [136.63050441024234, 35.068133659828554], [136.63055808979752, 35.06801880024608], [136.63129030412182, 35.067305460643254], [136.63182450009614, 35.06717492764121], [136.63174439192082, 35.06700597421023], [136.63147708605794, 35.0669275749678], [136.6318952502964, 35.06652425720214], [136.6320144158434, 35.06625954342111], [136.63227545290206, 35.066308043126774], [136.63229261472907, 35.066173372004016], [136.6324561834566, 35.0661625185737], [136.63251628621313, 35.06609748473029], [136.63247342129094, 35.06604284748998], [136.63246072272042, 35.06596812268406], [136.6325025133243, 35.065883254172576], [136.63236174558588, 35.065673911505705], [136.63238408952787, 35.065583651326726], [136.63378716473517, 35.06580337441047], [136.63556347827065, 35.06608140135541], [136.63631442772447, 35.06619901009341], [136.63632729144408, 35.066096193216765], [136.63629877485252, 35.06593683031694], [136.6362006962665, 35.06579283402846], [136.63596531183816, 35.065532443164656], [136.63568574860452, 35.0652411550904], [136.63551413555362, 35.065384032531746], [136.63537387172576, 35.06527265257164], [136.6352924569221, 35.06532787034067], [136.63519445983727, 35.0651939442727], [136.63444599203635, 35.06422227401197], [136.63446926764462, 35.06409757140734], [136.6349029636232, 35.06414022904419], [136.63492207367446, 35.06406414047922], [136.6349197900183, 35.06396816296285], [136.6348933885083, 35.06388238381241], [136.6347951390374, 35.06372092171138], [136.63459310703374, 35.06345781806838], [136.63429931554586, 35.06363112151938], [136.63406001102163, 35.06320729000854], [136.63414477955587, 35.06282063680407], [136.63427740181194, 35.06278536452972], [136.63444510626397, 35.06276730345293], [136.6348713679605, 35.06271901180346], [136.63486220941397, 35.06243729034532], [136.63444073755434, 35.06255105244768], [136.63436970163542, 35.06239817986993], [136.63386487536064, 35.06141184208381], [136.63327935582586, 35.06175125298511], [136.63107236365346, 35.06233721562155], [136.6289566866563, 35.0623135595894], [136.62857465980753, 35.06231906253525], [136.6282497558263, 35.06442123498408], [136.62800955965335, 35.06450874911007], [136.62786907236986, 35.06458039496406], [136.62760683689703, 35.06455323010652], [136.6273584623949, 35.064574446278066], [136.62691093067528, 35.06470134247245], [136.62648158853534, 35.06483814333902], [136.62443686915796, 35.065356876170604], [136.6233796674652, 35.06564267666121], [136.62355520239362, 35.0660602376951], [136.6236131224811, 35.066308891716226], [136.62380199985105, 35.0662472134373], [136.6238328656254, 35.066205997020994], [136.62391374593412, 35.06617480579475], [136.62398644627172, 35.066322886409324], [136.62365674142, 35.06649634866414], [136.62359971074125, 35.06652129120384], [136.62339707263502, 35.066609730333624], [136.62315865501952, 35.066718212242066], [136.62317606717932, 35.06679411100757], [136.62321408537116, 35.06687081992471], [136.62351920272664, 35.06679748786622], [136.6235914764497, 35.06673295925657], [136.6236357324575, 35.066633785462884], [136.62369536863415, 35.06683228765315], [136.6236144036353, 35.06699256765196], [136.62357493674287, 35.067068477749174], [136.6235797014903, 35.067170638938265], [136.62360022193067, 35.06723314095731], [136.62365156863245, 35.06729949862146], [136.6237119091009, 35.06725932839883], [136.62383254310686, 35.067183986607596], [136.62422009608522, 35.06694677397079], [136.62444985002907, 35.06688143397127], [136.62467970655737, 35.06682954412635], [136.62509367989355, 35.06673177323072], [136.62500130205214, 35.0664359022847], [136.62516317878283, 35.06639408053906], [136.62518463513123, 35.06645530982721], [136.62526456342937, 35.06669145425904], [136.6255012948425, 35.06663713351137], [136.62563443221842, 35.06660658650525], [136.62582771301217, 35.06651579694732], [136.62589668789363, 35.06681446421294], [136.62600638220698, 35.0668936896347], [136.62535414988983, 35.06760221745761], [136.62503632445572, 35.06805232077909], [136.62493507114786, 35.06828707523897], [136.62495415101407, 35.06840162883801], [136.62502793040724, 35.06851132175741], [136.6248169539426, 35.06869135885826], [136.6245404607378, 35.068996735798514], [136.62400692935122, 35.0697769713317], [136.62371151798482, 35.070225760241314], [136.6238229724608, 35.07042350378071], [136.62385753665941, 35.070749534765525], [136.62404674836012, 35.07085405771166], [136.62403922384425, 35.07092332426034], [136.624050939966, 35.07114566678741], [136.6240651605719, 35.071432223496316], [136.6240624070645, 35.07159379215349], [136.62396411800313, 35.071847969592234], [136.62431190225087, 35.07188589827642], [136.6243207686897, 35.07212762173251], [136.62435031703092, 35.0723289561023], [136.62454297013298, 35.0728057270742], [136.62474150934545, 35.073132813638054], [136.62505345620826, 35.07363777262315], [136.62524475298218, 35.07393602188912], [136.62537304790465, 35.074234737254876], [136.62546022837824, 35.074848252422036], [136.62626256665845, 35.07480713615955], [136.6263175776779, 35.07513362374563], [136.62778212648527, 35.075372816546185], [136.62819628950334, 35.07558032582917], [136.62923183396973, 35.075630379003336], [136.62921847163858, 35.07551326132789], [136.62934973981885, 35.07524348683457], [136.62955901945148, 35.07486365493349]]]}}, {"type": "Feature", "properties": {"rowId": 176, "city_name": "桑名市", "town_name": "星見ヶ丘一丁目", "households": 226, "population": 573, "e_stat_code": "24205127001"}, "geometry": {"type": "Polygon", "coordinates": [[[136.6356728342403, 35.077261121017315], [136.6357603970306, 35.07721826543023], [136.63608202509613, 35.077266439164696], [136.63686757259194, 35.076943359683774], [136.63638434267187, 35.076382780495976], [136.63675407920323, 35.07520727862176], [136.63651262321494, 35.07494691930366], [136.63573713154094, 35.0750008503724], [136.63567305077436, 35.07455265069013], [136.6356037396438, 35.07408722430361], [136.63426229757167, 35.07396248820324], [136.63425731696262, 35.07400526158944], [136.63423208563296, 35.07422082372927], [136.63420958276726, 35.074412919563905], [136.6341582748454, 35.07485130032356], [136.63410675989883, 35.07527975277363], [136.63405507034216, 35.07568567015278], [136.63400346744572, 35.076102855010646], [136.63427785416272, 35.07613522340448], [136.63420652080003, 35.076571174123536], [136.63393663282832, 35.07655012046444], [136.63388839319225, 35.07690369459244], [136.63385849699665, 35.07703146014785], [136.63378318785726, 35.07748538973051], [136.6344504709259, 35.07754161882622], [136.63447382559409, 35.077426845555806], [136.63484267401856, 35.07730540265113], [136.6356728342403, 35.077261121017315]]]}}, {"type": "Feature", "properties": {"rowId": 182, "city_name": "桑名市", "town_name": "星見ヶ丘七丁目", "households": 307, "population": 715, "e_stat_code": "24205127007"}, "geometry": {"type": "Polygon", "coordinates": [[[136.63631442772447, 35.06619901009341], [136.63556347827065, 35.06608140135541], [136.63537097028987, 35.06684468939023], [136.63534635367876, 35.06720539328756], [136.63537568228676, 35.06745313452343], [136.63546157476935, 35.0679259381617], [136.63435254017858, 35.06806696636119], [136.63394129951396, 35.0681356686028], [136.6333964856885, 35.06822816662139], [136.63283930002868, 35.06848284439734], [136.6328144884118, 35.06849783405834], [136.63230380992076, 35.068990371919696], [136.6320741227308, 35.06941975158752], [136.63200828983986, 35.06976940115237], [136.63233723436542, 35.06980310963911], [136.63282240046573, 35.06984473461408], [136.6340656584658, 35.06996148257127], [136.6340408597149, 35.0702996517107], [136.6351165313935, 35.070396980728], [136.63564558521375, 35.07044899667043], [136.63597128530466, 35.07040742689703], [136.6363165093302, 35.07037075441704], [136.6362657485298, 35.07007699701619], [136.63709240162234, 35.069999058104266], [136.6370495172266, 35.06992583096437], [136.6368847868601, 35.069787114492556], [136.6365739934626, 35.06957451628937], [136.63647013566563, 35.06947041019872], [136.63642010955053, 35.06927137086124], [136.6364494641172, 35.0691466351696], [136.63658085304522, 35.06889678234527], [136.63666410696715, 35.068691971416285], [136.63674484895267, 35.06854957054217], [136.6368404926375, 35.068379625553405], [136.63686996206349, 35.068269819682], [136.63684487308706, 35.068160370016024], [136.63674001245437, 35.06792661795247], [136.63669602329017, 35.06772754750899], [136.63661306402096, 35.06738536630472], [136.63657858533244, 35.06723603564934], [136.63651991845848, 35.06709922745882], [136.63646747175198, 35.06697999221244], [136.63643152228096, 35.06683440178428], [136.63643247108337, 35.06657030315506], [136.63637706481063, 35.06645594331359], [136.63630320093702, 35.066314355080195], [136.6363087421869, 35.06624453495999], [136.63631442772447, 35.06619901009341]]]}}, {"type": "Feature", "properties": {"rowId": 178, "city_name": "桑名市", "town_name": "星見ヶ丘三丁目", "households": 378, "population": 837, "e_stat_code": "24205127003"}, "geometry": {"type": "Polygon", "coordinates": [[[136.6295971213132, 35.07347784630877], [136.6288911489223, 35.0731479079064], [136.62859568988193, 35.07338247699342], [136.62862635265327, 35.07339844475263], [136.62888158957915, 35.07348177224247], [136.62919727831496, 35.07354492505186], [136.62930714008013, 35.073639076303934], [136.6293504224422, 35.07375343240495], [136.62937046037808, 35.073992562379836], [136.62943776262054, 35.07407193339183], [136.62957771292832, 35.0741409272887], [136.62966998417053, 35.07431489108697], [136.62971996161644, 35.0745090042206], [136.62964852960113, 35.0746838172292], [136.62955901945148, 35.07486365493349], [136.62934973981885, 35.07524348683457], [136.62921847163858, 35.07551326132789], [136.62923183396973, 35.075630379003336], [136.62923883942483, 35.075666752311605], [136.62926698269396, 35.075812104057036], [136.62936574660876, 35.07597807629542], [136.62950216682313, 35.07614469742783], [136.62961582761434, 35.07630368932873], [136.62982791747424, 35.07657393507794], [136.62985457378144, 35.07711642025353], [136.63015601033894, 35.0771456995189], [136.63183285746913, 35.07730859458855], [136.63190094644716, 35.076700332377975], [136.63196822610956, 35.076398633682714], [136.63197485405203, 35.07605239110945], [136.6319422885549, 35.07577311507307], [136.63187364139398, 35.07551938005601], [136.6317687846908, 35.07528576339651], [136.631672838896, 35.075024565166736], [136.63156744577807, 35.07472116003581], [136.63148074940042, 35.07448737856641], [136.6314354300137, 35.07410886963133], [136.63147495494704, 35.07373491942465], [136.63109279781014, 35.07369542873893], [136.63068225165216, 35.07365742316587], [136.62994063442918, 35.07358874160137], [136.6295971213132, 35.07347784630877]]]}}, {"type": "Feature", "properties": {"rowId": 184, "city_name": "桑名市", "town_name": "星見ヶ丘九丁目", "households": 270, "population": 707, "e_stat_code": "24205127009"}, "geometry": {"type": "Polygon", "coordinates": [[[136.63624615657636, 35.07458703912318], [136.63636288878268, 35.07361709774887], [136.6364154839265, 35.073362728574395], [136.63652279321718, 35.07313293193267], [136.6368455757299, 35.07254325901238], [136.6368602140038, 35.07234859753539], [136.63610689853567, 35.072265510131395], [136.6337715877737, 35.07205851297202], [136.63169694922763, 35.07186003751501], [136.63159900339608, 35.07252324616873], [136.63147495494704, 35.07373491942465], [136.63180602651357, 35.07375932143921], [136.63350695359873, 35.07393073203146], [136.63425731696262, 35.07400526158944], [136.63426229757167, 35.07396248820324], [136.6356037396438, 35.07408722430361], [136.63567305077436, 35.07455265069013], [136.63573713154094, 35.0750008503724], [136.63651262321494, 35.07494691930366], [136.63628356294143, 35.07472135364787], [136.63624615657636, 35.07458703912318]]]}}, {"type": "Feature", "properties": {"rowId": 177, "city_name": "桑名市", "town_name": "星見ヶ丘二丁目", "households": 265, "population": 727, "e_stat_code": "24205127002"}, "geometry": {"type": "Polygon", "coordinates": [[[136.63388839319225, 35.07690369459244], [136.63393663282832, 35.07655012046444], [136.63420652080003, 35.076571174123536], [136.63427785416272, 35.07613522340448], [136.63400346744572, 35.076102855010646], [136.63405507034216, 35.07568567015278], [136.63410675989883, 35.07527975277363], [136.6341582748454, 35.07485130032356], [136.63420958276726, 35.074412919563905], [136.63423208563296, 35.07422082372927], [136.63425731696262, 35.07400526158944], [136.63350695359873, 35.07393073203146], [136.63180602651357, 35.07375932143921], [136.63147495494704, 35.07373491942465], [136.6314354300137, 35.07410886963133], [136.63148074940042, 35.07448737856641], [136.63156744577807, 35.07472116003581], [136.631672838896, 35.075024565166736], [136.6317687846908, 35.07528576339651], [136.63187364139398, 35.07551938005601], [136.6319422885549, 35.07577311507307], [136.63197485405203, 35.07605239110945], [136.63196822610956, 35.076398633682714], [136.63190094644716, 35.076700332377975], [136.63183285746913, 35.07730859458855], [136.63378318785726, 35.07748538973051], [136.63385849699665, 35.07703146014785], [136.63388839319225, 35.07690369459244]]]}}, {"type": "Feature", "properties": {"rowId": 180, "city_name": "桑名市", "town_name": "星見ヶ丘五丁目", "households": 318, "population": 837, "e_stat_code": "24205127005"}, "geometry": {"type": "Polygon", "coordinates": [[[136.63178624945107, 35.071258988566896], [136.63200828983986, 35.06976940115237], [136.6320741227308, 35.06941975158752], [136.63230380992076, 35.068990371919696], [136.6328144884118, 35.06849783405834], [136.6325998477478, 35.06827894686996], [136.632294770635, 35.067818552261166], [136.6318755689737, 35.067199169299464], [136.63182450009614, 35.06717492764121], [136.63129030412182, 35.067305460643254], [136.63055808979752, 35.06801880024608], [136.63050441024234, 35.068133659828554], [136.63032340270655, 35.06824418179774], [136.6304697747936, 35.06835807214874], [136.63023417016484, 35.068458948541334], [136.63028575578122, 35.06856142945431], [136.6304067715407, 35.06872552418735], [136.63007203138224, 35.06879543528586], [136.62994520613302, 35.06883363009771], [136.62967205464278, 35.0689589964305], [136.62950871797162, 35.069106327928914], [136.6295780241703, 35.069207379606105], [136.62944157780566, 35.06928696368363], [136.62935925942512, 35.069276123062906], [136.62929151257018, 35.06937788624124], [136.6293469401775, 35.06945647418247], [136.62927927982963, 35.06956950484996], [136.6294576223445, 35.06959111498845], [136.62962269287107, 35.06966913352566], [136.62982664204353, 35.069851460644955], [136.62978481179704, 35.069931398235774], [136.62958610071865, 35.070101943132215], [136.6292570326956, 35.069879348025694], [136.62895573178864, 35.07011014514713], [136.62880967186518, 35.07003111070881], [136.62876025859455, 35.07002749359922], [136.62871328384458, 35.07002865272276], [136.62868425822785, 35.07003612743054], [136.62855162299562, 35.07009378892022], [136.62854266849536, 35.06999270562277], [136.62852385410412, 35.06991308152995], [136.6284627525564, 35.06984860750826], [136.62832777566294, 35.06964000549859], [136.62816783586064, 35.06933181022363], [136.62802295737282, 35.06941235246133], [136.6278901617338, 35.069487760275], [136.6278123934581, 35.06961774439141], [136.627752548443, 35.069722705323336], [136.62773511587287, 35.069817446340586], [136.6273323729648, 35.06947071743305], [136.62711450259997, 35.069516705590665], [136.6269333041007, 35.06959736285239], [136.6268065502665, 35.06966773918483], [136.62670335098795, 35.06964841289949], [136.62647875235544, 35.06960464268161], [136.62646781171964, 35.06976428097297], [136.62697480893442, 35.06980426774672], [136.62739536016034, 35.069881671609366], [136.6278164528717, 35.070035483691576], [136.6281447342362, 35.07018963329647], [136.62942688730374, 35.07107695822529], [136.63024882857567, 35.071551084775756], [136.63073512896096, 35.07172799899297], [136.631154017038, 35.07181046915385], [136.63169694922763, 35.07186003751501], [136.63178624945107, 35.071258988566896]]]}}, {"type": "Feature", "properties": {"rowId": 183, "city_name": "桑名市", "town_name": "星見ヶ丘八丁目", "households": 210, "population": 610, "e_stat_code": "24205127008"}, "geometry": {"type": "Polygon", "coordinates": [[[136.63713454768774, 35.07111887443756], [136.6372049522316, 35.07042833994117], [136.6372153688011, 35.07020898248076], [136.63709240162234, 35.069999058104266], [136.6362657485298, 35.07007699701619], [136.6363165093302, 35.07037075441704], [136.63597128530466, 35.07040742689703], [136.63564558521375, 35.07044899667043], [136.6351165313935, 35.070396980728], [136.6340408597149, 35.0702996517107], [136.6340656584658, 35.06996148257127], [136.63282240046573, 35.06984473461408], [136.63233723436542, 35.06980310963911], [136.63200828983986, 35.06976940115237], [136.63178624945107, 35.071258988566896], [136.63169694922763, 35.07186003751501], [136.6337715877737, 35.07205851297202], [136.63610689853567, 35.072265510131395], [136.6368602140038, 35.07234859753539], [136.636875784083, 35.072141818618384], [136.63707835633838, 35.07168735866352], [136.637100396812, 35.07146441780206], [136.63713454768774, 35.07111887443756]]]}}, {"type": "Feature", "properties": {"rowId": 181, "city_name": "桑名市", "town_name": "星見ヶ丘六丁目", "households": 149, "population": 358, "e_stat_code": "24205127006"}, "geometry": {"type": "Polygon", "coordinates": [[[136.63537097028987, 35.06684468939023], [136.63556347827065, 35.06608140135541], [136.63378716473517, 35.06580337441047], [136.63238408952787, 35.065583651326726], [136.63236174558588, 35.065673911505705], [136.6325025133243, 35.065883254172576], [136.63246072272042, 35.06596812268406], [136.63247342129094, 35.06604284748998], [136.63251628621313, 35.06609748473029], [136.6324561834566, 35.0661625185737], [136.63229261472907, 35.066173372004016], [136.63227545290206, 35.066308043126774], [136.6320144158434, 35.06625954342111], [136.6318952502964, 35.06652425720214], [136.63147708605794, 35.0669275749678], [136.63174439192082, 35.06700597421023], [136.63182450009614, 35.06717492764121], [136.6318755689737, 35.067199169299464], [136.632294770635, 35.067818552261166], [136.6325998477478, 35.06827894686996], [136.6328144884118, 35.06849783405834], [136.63283930002868, 35.06848284439734], [136.6333964856885, 35.06822816662139], [136.63394129951396, 35.0681356686028], [136.63435254017858, 35.06806696636119], [136.63546157476935, 35.0679259381617], [136.63537568228676, 35.06745313452343], [136.63534635367876, 35.06720539328756], [136.63537097028987, 35.06684468939023]]]}}, {"type": "Feature", "properties": {"rowId": 179, "city_name": "桑名市", "town_name": "星見ヶ丘四丁目", "households": 191, "population": 483, "e_stat_code": "24205127004"}, "geometry": {"type": "Polygon", "coordinates": [[[136.63147495494704, 35.07373491942465], [136.63159900339608, 35.07252324616873], [136.63169694922763, 35.07186003751501], [136.631154017038, 35.07181046915385], [136.63073512896096, 35.07172799899297], [136.63024882857567, 35.071551084775756], [136.62942688730374, 35.07107695822529], [136.6281447342362, 35.07018963329647], [136.6278164528717, 35.070035483691576], [136.62739536016034, 35.069881671609366], [136.62697480893442, 35.06980426774672], [136.62646781171964, 35.06976428097297], [136.6264013882286, 35.07019062441498], [136.62647426497617, 35.070210178702], [136.62652350903193, 35.07030964605554], [136.62656686876693, 35.07042900364719], [136.62659248046756, 35.070462604862804], [136.62665192783146, 35.07054061022001], [136.6266954534858, 35.070597710644975], [136.6267001301214, 35.07060444727142], [136.62670705130702, 35.07059096086965], [136.6269554817576, 35.07044657284437], [136.62696592639216, 35.07046806888318], [136.62700712703324, 35.070534759566705], [136.62701207236816, 35.07053733916606], [136.6270666783007, 35.07064325819723], [136.6271652090107, 35.070623310696156], [136.62727083133993, 35.070505929759165], [136.62728172349986, 35.07041241888669], [136.62733335962, 35.07038764382074], [136.62760751035376, 35.070570668582505], [136.627699048268, 35.07064984480599], [136.62775426266913, 35.07073435116161], [136.62786350196347, 35.07075364478723], [136.62796712252324, 35.07082790000071], [136.62799193731254, 35.07090249181988], [136.6280228338455, 35.07097712310361], [136.62812641645988, 35.07104637764318], [136.62821183433437, 35.0711206565134], [136.62816354214695, 35.071145766753254], [136.62807311085535, 35.07121102624484], [136.62804970869513, 35.07132079861124], [136.62809287969958, 35.07141529654742], [136.62754841621515, 35.0719538388554], [136.62768874449628, 35.072072694529325], [136.62783629417135, 35.0727371641436], [136.62811049066747, 35.072925116483844], [136.62826933029834, 35.073083806451], [136.62850766214447, 35.07333673465615], [136.62859568988193, 35.07338247699342], [136.6288911489223, 35.0731479079064], [136.6295971213132, 35.07347784630877], [136.62994063442918, 35.07358874160137], [136.63068225165216, 35.07365742316587], [136.63109279781014, 35.07369542873893], [136.63147495494704, 35.07373491942465]]]}}, {"type": "Feature", "properties": {"rowId": 95, "city_name": "桑名市", "town_name": "有楽町", "households": 234, "population": 515, "e_stat_code": "242050810"}, "geometry": {"type": "Polygon", "coordinates": [[[136.6856164559588, 35.06813756912208], [136.68603675349885, 35.068074418569914], [136.68629631245707, 35.06803562609442], [136.68644055201165, 35.068014457984546], [136.68670417772495, 35.067965430547325], [136.6870008400619, 35.06792311787066], [136.68689001444758, 35.06749633369243], [136.68672407922094, 35.06689696823632], [136.68638109611084, 35.06697144465201], [136.68636550974466, 35.066974037790786], [136.6861922312926, 35.06700286522134], [136.68604843491343, 35.067024086095294], [136.68552741795367, 35.067100968171424], [136.68548408871897, 35.067107361754275], [136.68516063047036, 35.06716609066983], [136.68427923893654, 35.0673262064823], [136.68425233206204, 35.06706867278116], [136.6838572219521, 35.06710181515957], [136.6839485627799, 35.067587304601], [136.6840320661142, 35.06816523705372], [136.68447992036994, 35.06813919091107], [136.68456234891912, 35.068377749404966], [136.68505247663145, 35.0682800529242], [136.6850519938874, 35.06822237685686], [136.68540784748762, 35.06816891177977], [136.6856164559588, 35.06813756912208]]]}}, {"type": "Feature", "properties": {"rowId": 93, "city_name": "桑名市", "town_name": "末広町", "households": 189, "population": 415, "e_stat_code": "242050790"}, "geometry": {"type": "Polygon", "coordinates": [[[136.6873366098649, 35.06773395677609], [136.68810815584118, 35.06759035687045], [136.68813960396653, 35.06766821033855], [136.68826520699108, 35.067646440863804], [136.68830711120427, 35.06774543300862], [136.68846507542005, 35.06771136732094], [136.68852255823563, 35.06752378029423], [136.68961179095055, 35.067297943697845], [136.68962269985036, 35.067260909076005], [136.6895922085959, 35.066976704749656], [136.6895140986263, 35.06655058285423], [136.68950671507596, 35.066340194279974], [136.6889199105911, 35.06645451465474], [136.68875153291543, 35.06649244294677], [136.68857902638663, 35.066526493520435], [136.68799773140316, 35.066641228817396], [136.68766811129296, 35.066705562353036], [136.68672407922094, 35.06689696823632], [136.68689001444758, 35.06749633369243], [136.6870008400619, 35.06792311787066], [136.68737360582278, 35.0678604423042], [136.6873366098649, 35.06773395677609]]]}}, {"type": "Feature", "properties": {"rowId": 51, "city_name": "桑名市", "town_name": "東太一丸", "households": 25, "population": 58, "e_stat_code": "242050510"}, "geometry": {"type": "Polygon", "coordinates": [[[136.6981479593004, 35.072652033169426], [136.69340876139375, 35.07135252586431], [136.69265560358764, 35.071414643345484], [136.69208332454448, 35.072247934768285], [136.69197755969574, 35.07237797859923], [136.69199494714377, 35.07260570415087], [136.6981479593004, 35.072652033169426]]]}}, {"type": "Feature", "properties": {"rowId": 119, "city_name": "桑名市", "town_name": "東汰上", "households": 272, "population": 632, "e_stat_code": "242050920"}, "geometry": {"type": "Polygon", "coordinates": [[[136.6800786074254, 35.09336881273691], [136.67827860913616, 35.091508189753455], [136.6781642034483, 35.09158347872491], [136.67804320282244, 35.091591620232194], [136.67781854195152, 35.09150836509032], [136.67779833588597, 35.091422277912216], [136.67777030386569, 35.09134813622274], [136.67783288658848, 35.09122834625507], [136.67783804184467, 35.09112134213402], [136.67780699410648, 35.09102946967786], [136.67775453559594, 35.09090785717092], [136.67769712308174, 35.09081923112345], [136.6776289076685, 35.09072439753968], [136.6781214605125, 35.08915927161823], [136.6786517507276, 35.08759027031032], [136.67832423891693, 35.08696884058155], [136.67816017070248, 35.08652446120907], [136.67805681391897, 35.086106996430345], [136.67802157978926, 35.08569048859507], [136.67802035013955, 35.08536083652846], [136.67805631698528, 35.08495019988107], [136.67811416428174, 35.08462648561181], [136.67816547395623, 35.08442337526368], [136.6783428896737, 35.08391983189213], [136.67863498930055, 35.08319549890397], [136.67874771026095, 35.0829186622004], [136.67889456404407, 35.08256332144684], [136.67909025603186, 35.0820746053094], [136.67941087311473, 35.081267994763785], [136.67942677827716, 35.081228116213175], [136.67961838885395, 35.0807954092736], [136.68012430654127, 35.079582182000436], [136.6798935508062, 35.079493893951], [136.67958682375536, 35.07936624119097], [136.67935907018682, 35.07927293513723], [136.6792727151747, 35.079226373903374], [136.67923481367845, 35.079242713823824], [136.67921932591733, 35.079244842246204], [136.67929935164744, 35.078869241281375], [136.67931971807766, 35.078773630521525], [136.6777314269488, 35.07842707237346], [136.67644336921208, 35.07817882483333], [136.67640350171666, 35.078169609436884], [136.67592210886207, 35.07805756792879], [136.67579618073023, 35.078437015441274], [136.6756386098871, 35.078413032405805], [136.67541010828802, 35.0783476107878], [136.67491029916928, 35.07817334169444], [136.6746162311495, 35.078478508458865], [136.67451918241616, 35.07845411668121], [136.67300586064627, 35.079544735806856], [136.67358661738217, 35.08024308928092], [136.6733854896973, 35.08191355847442], [136.6733096335365, 35.08262801727398], [136.6732804047996, 35.08272543678324], [136.67315985428255, 35.082812939243134], [136.67323038794015, 35.0832952401596], [136.67319121311388, 35.083683569253154], [136.673142079009, 35.083964978055945], [136.67319502402592, 35.08451702777944], [136.67324094554954, 35.08494960417912], [136.67352137244373, 35.08486248241334], [136.67376617381754, 35.08477753017609], [136.67395979549812, 35.08476652495636], [136.6738939620042, 35.08486140121728], [136.67384046031364, 35.08497613814586], [136.67382369049827, 35.0851453918883], [136.67382459094856, 35.08525482721532], [136.67379483789497, 35.085319712856794], [136.67370538011508, 35.08547944007841], [136.67370619873267, 35.08557894649243], [136.6738154584169, 35.0856182000515], [136.67383394700207, 35.08565781763183], [136.67381644115312, 35.085737635251206], [136.673757140378, 35.08588712435011], [136.67387885046128, 35.08596617034704], [136.673891874411, 35.08607546793522], [136.67389902004248, 35.08620979844372], [136.67379098848966, 35.08631990938132], [136.67334300617654, 35.08631732440219], [136.67336473029948, 35.08675017568672], [136.6720917767998, 35.08680159809488], [136.67220527253437, 35.087701069846965], [136.67222138233623, 35.087998948382925], [136.6722433994921, 35.088697793513674], [136.6735924017341, 35.08925308146435], [136.6734275796474, 35.08942301562305], [136.67356682448343, 35.08942477783351], [136.67372669536476, 35.08946558219321], [136.67384860459438, 35.089505540696756], [136.67362277833706, 35.089920117606226], [136.67355867157386, 35.089896951416954], [136.67345267502432, 35.09008339072877], [136.67324578174583, 35.09032088473831], [136.67278811073103, 35.09084653746067], [136.6726011140551, 35.09106589131699], [136.67234825870375, 35.091419345919476], [136.67214861016257, 35.09170010808772], [136.67200282710724, 35.09192500779645], [136.67185916971866, 35.092127288261246], [136.67281110706784, 35.09275337411064], [136.67285892084578, 35.092784870694985], [136.67368876035155, 35.09339352812133], [136.6747447757953, 35.09426705760435], [136.67626424036754, 35.09555547335564], [136.6766018947945, 35.095322950532065], [136.67798265196515, 35.09438803453097], [136.67897599401886, 35.09382971810708], [136.6796948335518, 35.09352920676749], [136.6800786074254, 35.09336881273691]]]}}, {"type": "Feature", "properties": {"rowId": 225, "city_name": "桑名市", "town_name": "東野", "households": 283, "population": 525, "e_stat_code": "242051500"}, "geometry": {"type": "Polygon", "coordinates": [[[136.69936033192732, 35.05820199580891], [136.6991313992285, 35.05807147798404], [136.69903859208048, 35.0580754630545], [136.6989327079591, 35.058027479095124], [136.69885646329038, 35.05798981728898], [136.69877373042647, 35.05794001030737], [136.698581176092, 35.058118026177866], [136.6984675983124, 35.058156849360714], [136.69822909275385, 35.05789807070758], [136.69792410598671, 35.05750593561314], [136.69771931800494, 35.05724344031788], [136.69751036425217, 35.05698448984102], [136.6978722503691, 35.05686796989823], [136.69783371504911, 35.05665233803308], [136.6977989501551, 35.05656274507939], [136.69779430472195, 35.0564899520916], [136.69776236507602, 35.05645041577478], [136.6976985282357, 35.056371131594915], [136.69760137150791, 35.05626140380026], [136.69748943669612, 35.05614098573614], [136.697378277425, 35.05601605644585], [136.69717816245918, 35.05587445287104], [136.69714805647928, 35.05580863724573], [136.69695166434434, 35.05553574039235], [136.6968217981156, 35.055340773302085], [136.69661469145657, 35.055413936028714], [136.69648091749272, 35.055217723880496], [136.6961061834206, 35.05533867972795], [136.6955705049684, 35.05546738755394], [136.69563329313596, 35.055978033432815], [136.69574679295113, 35.05596034036221], [136.69585478833793, 35.05611641777035], [136.69566012646612, 35.056197888703366], [136.695739442745, 35.05684450077248], [136.69579151625877, 35.05701082851963], [136.6961894630993, 35.05744849430298], [136.69673538488718, 35.058401667543045], [136.69723238867095, 35.05934709052316], [136.69791172350136, 35.059213747433695], [136.6980577202601, 35.059189808862314], [136.69888518208964, 35.05911222955632], [136.69923165875173, 35.05907600904643], [136.6998684340995, 35.059009380342026], [136.70003572711013, 35.05897735917037], [136.7001403524844, 35.05891302124408], [136.6999688985731, 35.05880914649665], [136.69980332889358, 35.058692067535105], [136.6996799806501, 35.058574887046326], [136.69960721799728, 35.05845389266664], [136.69954686162635, 35.058301488117976], [136.69943641429546, 35.05821543086236], [136.69936033192732, 35.05820199580891]]]}}, {"type": "Feature", "properties": {"rowId": 150, "city_name": "桑名市", "town_name": "東金井", "households": 178, "population": 508, "e_stat_code": "242051100"}, "geometry": {"type": "Polygon", "coordinates": [[[136.67288939079367, 35.05386340932678], [136.6736680749959, 35.05206648076388], [136.67451544101354, 35.04947905777367], [136.67490498967555, 35.04767505319597], [136.67538224810002, 35.04670066757438], [136.67431067054386, 35.046073491548796], [136.6736367453979, 35.045643759175405], [136.67306552640213, 35.045331346565966], [136.6726154265179, 35.04513235056774], [136.6724496823058, 35.045220666238244], [136.67221465039503, 35.045313238408994], [136.67201309477673, 35.0453684400748], [136.6718317864209, 35.04541803619817], [136.67095749941868, 35.04564146916], [136.67111741696883, 35.04597517885603], [136.67112853668868, 35.04620329698315], [136.6710361471203, 35.04621514584702], [136.67100930814883, 35.04632565128486], [136.6710561101416, 35.04639377678037], [136.67092323557418, 35.04646549980268], [136.67072441311214, 35.046572729050986], [136.6705221817977, 35.04668187865184], [136.67036614579783, 35.0468272528603], [136.67029074762183, 35.04693218127006], [136.67012546185236, 35.047077606200965], [136.66995522265634, 35.04717742341604], [136.66984595521495, 35.04721971796222], [136.66955166899, 35.04726683462614], [136.66939381932247, 35.04714361419261], [136.66922799795722, 35.04701417011304], [136.66915251981754, 35.046832042193714], [136.6691236048445, 35.04668388472323], [136.6689916150153, 35.04637670943733], [136.66888448315237, 35.0462821540313], [136.6687219682471, 35.046195650207736], [136.66860097842877, 35.04609743880044], [136.668489348239, 35.04601811976304], [136.66829645517277, 35.045891921490146], [136.66804648850047, 35.045855265683656], [136.66783903905724, 35.04592859260832], [136.6676227423014, 35.04605147714157], [136.66737454504906, 35.04623151155421], [136.66726185994665, 35.04630635872707], [136.66712833182393, 35.04637167245892], [136.66704528381172, 35.04639494640212], [136.66657380735685, 35.04640901395457], [136.66645858778034, 35.04645133811566], [136.66618285745832, 35.04665821141804], [136.6661277075219, 35.04670034728406], [136.66584127519755, 35.04672853832317], [136.66562485103083, 35.04683613761432], [136.66552849823833, 35.0469242041891], [136.66541363834114, 35.04701610516781], [136.66528445279656, 35.04704716615305], [136.6652062768709, 35.04710090709399], [136.66508267259533, 35.04724983012216], [136.66495188925583, 35.04737414273084], [136.66463867476932, 35.047516497471335], [136.66426925075893, 35.04757556220062], [136.66405411104063, 35.04757286485559], [136.664414222996, 35.04805958078002], [136.6648202072336, 35.04852125522305], [136.66499225051757, 35.04864200944869], [136.66528957684395, 35.04881524836747], [136.66542447240096, 35.048917190414734], [136.665570799554, 35.04899815377251], [136.66584901394737, 35.04909543613925], [136.66613125445963, 35.04912431289843], [136.66629331851786, 35.04915004514829], [136.66659841866888, 35.04918886633334], [136.66675091704752, 35.04923866564529], [136.6668914975205, 35.04933923729539], [136.6669619810209, 35.04941321999571], [136.6668039037891, 35.04968776227709], [136.66677168118818, 35.04976906962073], [136.66676390037333, 35.04982312834247], [136.6667724787742, 35.0498669565189], [136.66679330651934, 35.04990064657916], [136.66683531050393, 35.04993196677995], [136.66753526820517, 35.05006721370289], [136.66761207936725, 35.05041279340683], [136.66749963583817, 35.050517923643426], [136.66763190883873, 35.05085939502455], [136.66784933165982, 35.05143998766909], [136.66796723850607, 35.05172068974275], [136.66802284286484, 35.05202265183379], [136.66806548627886, 35.05214791545515], [136.6681321848236, 35.05238706713035], [136.66835545258982, 35.05311594199692], [136.66772637531912, 35.0533684263077], [136.66674666365384, 35.05286808107747], [136.6664593401471, 35.05278979433526], [136.66641429387812, 35.05350493243046], [136.6660409198914, 35.054497445181404], [136.66544059378137, 35.0558864998073], [136.66687622063506, 35.056428578483626], [136.66724567427872, 35.05656803407692], [136.66944862076585, 35.05628237805048], [136.66961047755814, 35.056254864964856], [136.67049169910646, 35.056105561302076], [136.67080527842498, 35.055885229370325], [136.67149766538478, 35.05539870730872], [136.67230822623978, 35.05451038521817], [136.67288939079367, 35.05386340932678]]]}}, {"type": "Feature", "properties": {"rowId": 186, "city_name": "桑名市", "town_name": "枇杷島台", "households": 41, "population": 97, "e_stat_code": "242051282"}, "geometry": {"type": "Polygon", "coordinates": [[[136.66500222816273, 35.10059371474446], [136.66530492520988, 35.10011802545957], [136.66533396158337, 35.09996877758475], [136.6652565987504, 35.09992856681215], [136.66540133230285, 35.09895316497181], [136.66543301850942, 35.09879263346252], [136.66505864998166, 35.09875172789486], [136.66501595430398, 35.09891238955142], [136.66499192412977, 35.09900280581775], [136.66484372199554, 35.099039745493904], [136.6648129619802, 35.09897674361626], [136.66390699926518, 35.09884388337441], [136.66382354081793, 35.09940449875188], [136.66365981550368, 35.10044958317496], [136.6638514676363, 35.10051339510818], [136.6641525629405, 35.10055780523871], [136.66475163885252, 35.100579664725366], [136.66500222816273, 35.10059371474446]]]}}, {"type": "Feature", "properties": {"rowId": 30, "city_name": "桑名市", "town_name": "柳原", "households": 176, "population": 393, "e_stat_code": "242050300"}, "geometry": {"type": "Polygon", "coordinates": [[[136.69745197431874, 35.060200158114306], [136.69720507867925, 35.05960500351581], [136.6971117412403, 35.05937553120835], [136.69723238867095, 35.05934709052316], [136.69673538488718, 35.058401667543045], [136.6961894630993, 35.05744849430298], [136.69579151625877, 35.05701082851963], [136.695739442745, 35.05684450077248], [136.69461395849322, 35.056948060076316], [136.6944733212776, 35.056967456620406], [136.6943747207186, 35.05708584179908], [136.69436159190911, 35.05710317049039], [136.6940919072295, 35.05715027719326], [136.6945312283357, 35.05815033948833], [136.6942169114806, 35.05827721174873], [136.69384094648325, 35.058436760025], [136.6939201246543, 35.058532578901044], [136.69404031345607, 35.058586260922674], [136.69413251965508, 35.05874869787035], [136.69468077750858, 35.05851992018677], [136.69544965550202, 35.058205226874236], [136.69556542942692, 35.058444854109034], [136.69561433625267, 35.05854605671382], [136.69563015983732, 35.0585787842246], [136.69575900436965, 35.05881939387236], [136.69548530893712, 35.058903921865195], [136.6955872523013, 35.05915384100796], [136.69570942895538, 35.059471463061456], [136.6954849383897, 35.05952591930919], [136.69558404280795, 35.059769304594596], [136.69579164440825, 35.05971254991968], [136.69618233994976, 35.05969876121002], [136.6962978804212, 35.0600564221908], [136.696387540428, 35.060351905157674], [136.69642087500446, 35.060636090891094], [136.6975135667503, 35.06049805444888], [136.69747406679983, 35.06031524627743], [136.69745197431874, 35.060200158114306]]]}}, {"type": "Feature", "properties": {"rowId": 94, "city_name": "桑名市", "town_name": "桑栄町", "households": 81, "population": 170, "e_stat_code": "242050800"}, "geometry": {"type": "Polygon", "coordinates": [[[136.68548408871897, 35.067107361754275], [136.68534113847576, 35.066587754819764], [136.6851990039248, 35.066071114124], [136.6848914562859, 35.06612707637888], [136.68478502102406, 35.066146409143194], [136.68453404197828, 35.06523877573186], [136.6835684269962, 35.06540872846831], [136.68365196681813, 35.065893981033646], [136.6837830464949, 35.066707288218275], [136.6838572219521, 35.06710181515957], [136.68425233206204, 35.06706867278116], [136.68427923893654, 35.0673262064823], [136.68516063047036, 35.06716609066983], [136.68548408871897, 35.067107361754275]]]}}, {"type": "Feature", "properties": {"rowId": 168, "city_name": "桑名市", "town_name": "森忠", "households": 616, "population": 1535, "e_stat_code": "242051180"}, "geometry": {"type": "Polygon", "coordinates": [[[136.62546022837824, 35.074848252422036], [136.62537304790465, 35.074234737254876], [136.62524475298218, 35.07393602188912], [136.62505345620826, 35.07363777262315], [136.62474150934545, 35.073132813638054], [136.62454297013298, 35.0728057270742], [136.62435031703092, 35.0723289561023], [136.6243207686897, 35.07212762173251], [136.62431190225087, 35.07188589827642], [136.62396411800313, 35.071847969592234], [136.6240624070645, 35.07159379215349], [136.6240651605719, 35.071432223496316], [136.624050939966, 35.07114566678741], [136.62403922384425, 35.07092332426034], [136.62404674836012, 35.07085405771166], [136.62385753665941, 35.070749534765525], [136.6238229724608, 35.07042350378071], [136.62371151798482, 35.070225760241314], [136.6237071765777, 35.070218106243765], [136.6235251666074, 35.07000156983487], [136.62335136358737, 35.06981133040782], [136.62319835889787, 35.069719931054], [136.62315389277074, 35.06967396101638], [136.62317305689953, 35.06955850745023], [136.62328538733462, 35.06956785937007], [136.6233407512635, 35.06920671924756], [136.62331572463467, 35.069081632829786], [136.62327460489024, 35.068946699254106], [136.62340212314328, 35.068847237279726], [136.62329283873157, 35.068709344758126], [136.62340458905703, 35.06864292313952], [136.62350010284703, 35.06855341519274], [136.62354156718015, 35.06845848074994], [136.6235463782231, 35.06840993284674], [136.62372689159542, 35.06848069723536], [136.62364616595556, 35.06860534108991], [136.62380150739503, 35.0686606005594], [136.62401121880407, 35.068303594491134], [136.62394308818565, 35.06804203569335], [136.6237428957741, 35.06806933471072], [136.6236650846613, 35.0678523339552], [136.6235670551946, 35.06761226740229], [136.62341281976447, 35.06735931980353], [136.62360022193067, 35.06723314095731], [136.6235797014903, 35.067170638938265], [136.62357493674287, 35.067068477749174], [136.6236144036353, 35.06699256765196], [136.62369536863415, 35.06683228765315], [136.6236357324575, 35.066633785462884], [136.6235914764497, 35.06673295925657], [136.62351920272664, 35.06679748786622], [136.62321408537116, 35.06687081992471], [136.62317606717932, 35.06679411100757], [136.62315865501952, 35.066718212242066], [136.62339707263502, 35.066609730333624], [136.62359971074125, 35.06652129120384], [136.62365674142, 35.06649634866414], [136.62398644627172, 35.066322886409324], [136.62391374593412, 35.06617480579475], [136.6238328656254, 35.066205997020994], [136.62380199985105, 35.0662472134373], [136.6236131224811, 35.066308891716226], [136.62355520239362, 35.0660602376951], [136.6233796674652, 35.06564267666121], [136.62284896054052, 35.065776182840565], [136.62215352157133, 35.06595377288982], [136.62157554468388, 35.066109974366626], [136.62145776661313, 35.0653789339142], [136.6216136304323, 35.06531883909121], [136.62091655244308, 35.06307683381934], [136.62035628090428, 35.06318215904746], [136.6197383680423, 35.06116918357638], [136.61939576060348, 35.061073319096174], [136.6189599737469, 35.06092236169025], [136.61650486102945, 35.05998865832367], [136.6153683995828, 35.06011074743765], [136.61561295765551, 35.060979823626006], [136.6158592746066, 35.06175297114307], [136.61635537873718, 35.06163510363857], [136.61671085840672, 35.061740349849075], [136.6169428840615, 35.06168318609143], [136.61750551358617, 35.06188463765503], [136.61813230421188, 35.06209237933498], [136.61608345414888, 35.062511374472265], [136.61724303534655, 35.06613204645906], [136.61666944786558, 35.066337571077284], [136.61677146405253, 35.06658093623292], [136.6180113585484, 35.066231879700574], [136.61803595818034, 35.06630753264005], [136.61791404341827, 35.066349350486384], [136.61738707567122, 35.06662555911741], [136.6174273607531, 35.06665176396299], [136.61751306096932, 35.066855562219295], [136.61739712796242, 35.06689572950396], [136.6174135695189, 35.066951634015005], [136.61731362002163, 35.06698179065239], [136.6172850457208, 35.0669128486474], [136.61703313574532, 35.06699314527765], [136.61707997824084, 35.06709340371769], [136.6170845004309, 35.06715929875959], [136.61703270488147, 35.06720238024119], [136.61701703562062, 35.06724858830422], [136.61716752155084, 35.06754121621828], [136.6172441679721, 35.06760667452924], [136.61734899100915, 35.06768853956547], [136.6174736984988, 35.067743893466655], [136.61749113841574, 35.06793169974211], [136.61733919259237, 35.06797860022888], [136.61744441291987, 35.068113070140264], [136.61756339262496, 35.06809042244582], [136.61765334387317, 35.06807482385832], [136.6177185535308, 35.06806068961011], [136.6178945169202, 35.06800704602288], [136.61804676155788, 35.067999722261725], [136.61822330069145, 35.06802185325422], [136.61823991807066, 35.06810085663256], [136.61824879961438, 35.06821609675569], [136.61821272816536, 35.06834473563752], [136.61811517072874, 35.06831769574826], [136.6178787067653, 35.068306011175885], [136.61780196029213, 35.0683177398595], [136.61750072924968, 35.06835004633011], [136.6175542113692, 35.06848456880939], [136.6173226046777, 35.068554339338114], [136.61738156143772, 35.06867629786117], [136.6176058180373, 35.06859170429348], [136.61769012759686, 35.06870754814452], [136.61776868704146, 35.06886708362215], [136.6178155999584, 35.06881825172886], [136.61809954254704, 35.06865180147166], [136.61820319203196, 35.06844844988095], [136.61830027061092, 35.068395489229005], [136.61838409353115, 35.06834555382941], [136.6184803177978, 35.06835499400954], [136.6186120383179, 35.068278546118314], [136.6186799775436, 35.06825186180086], [136.61880429537047, 35.06826115813784], [136.6188927774249, 35.06830014550664], [136.6189833917755, 35.06836067254018], [136.6190946937115, 35.06876547119088], [136.61832845558578, 35.06920431855128], [136.61856090141558, 35.069465186722894], [136.6184173859252, 35.06956803379722], [136.61867603465797, 35.0698501069366], [136.61868656755297, 35.069917590961914], [136.61871101173193, 35.06996683462199], [136.61884418738487, 35.07008813282241], [136.61906632279022, 35.07031109412605], [136.61914227128977, 35.070284297441745], [136.61924241658193, 35.07027399771128], [136.61944776098426, 35.07039478623959], [136.61915239279222, 35.07055777835728], [136.61920902237023, 35.07062671769641], [136.61912321167486, 35.07067490305688], [136.61914316161378, 35.070804102232735], [136.61962670691145, 35.070739943167084], [136.61967505353158, 35.07077258560877], [136.61972902152573, 35.07101619290406], [136.62000934543948, 35.07098187266847], [136.62034157587664, 35.07092404740782], [136.62041399020512, 35.07122199808075], [136.62049738748794, 35.071646588548724], [136.6205144062572, 35.071778407958874], [136.62045962288497, 35.071953272036765], [136.62037711076107, 35.07217123719748], [136.6203267362044, 35.072402136638786], [136.6203020320144, 35.07257860760597], [136.62201439097785, 35.071895946948096], [136.62231408831423, 35.07177243312728], [136.62262349534268, 35.071607740050005], [136.62284559538662, 35.07182414219786], [136.6232009518646, 35.07216493384553], [136.62318319096573, 35.07261123820565], [136.62318313018707, 35.07332358829072], [136.62291544434044, 35.07330911791241], [136.62248249163227, 35.07346106551236], [136.62186807691972, 35.073688663065795], [136.6214912803596, 35.07385750095334], [136.6214678144514, 35.07386959285642], [136.62110767463304, 35.07405517599685], [136.62069666835725, 35.07432785266737], [136.62061448619, 35.07431848397777], [136.62058977465668, 35.07445981337744], [136.6205404631857, 35.07447527743943], [136.6205166353819, 35.07459230453525], [136.62020730174876, 35.074553250962865], [136.62024481816673, 35.074303824973924], [136.6201365704658, 35.07433649219439], [136.61975295935866, 35.074528318756876], [136.61983041855277, 35.07462665865422], [136.6199155746541, 35.0747347493571], [136.6200012664302, 35.07495875602427], [136.62003795803767, 35.07517730915967], [136.620017360793, 35.075517075168605], [136.62001452117644, 35.075583430768305], [136.61999021936867, 35.07627118602802], [136.61990853873604, 35.07658246039098], [136.61930464612848, 35.07773960438401], [136.61927785494692, 35.077900945147356], [136.6192518464065, 35.07816580590038], [136.61911913358875, 35.07913356779015], [136.61911948161853, 35.079179624901066], [136.61903660546275, 35.07979880693089], [136.61896844200803, 35.080040926134416], [136.6183663719738, 35.08144554022476], [136.6179053687822, 35.082524346925354], [136.61799551676327, 35.08380457658418], [136.61801941630821, 35.084184401237295], [136.61806247949227, 35.08432228553119], [136.61812618733802, 35.08441407709845], [136.61821131845787, 35.08456329697599], [136.6187337458848, 35.084197937857944], [136.61932616315775, 35.08382651441696], [136.61978006932353, 35.08366298891342], [136.61998245675656, 35.08356990713842], [136.6203038807527, 35.0834819205961], [136.6207375805525, 35.0834222318798], [136.62111861078145, 35.083342458739715], [136.62142519805803, 35.08314524399558], [136.62173178176533, 35.08294218435002], [136.6218911392728, 35.0827226244851], [136.62187582366266, 35.08255009035478], [136.62183475892954, 35.08221352666619], [136.62176886751618, 35.081833989955825], [136.62185037448333, 35.08149968461512], [136.62198777930178, 35.081153612976934], [136.62220896202797, 35.08077260256771], [136.6231216111413, 35.07970012243815], [136.62334950588433, 35.07928449674589], [136.6235429716865, 35.0789439106033], [136.62364563563304, 35.078632594377545], [136.62367451138618, 35.07828419258337], [136.62363108921082, 35.07810018397031], [136.623482246536, 35.07786502554944], [136.62334029543902, 35.07761243705746], [136.6237104380026, 35.07748968358418], [136.6252066173028, 35.077194148163336], [136.62526415711827, 35.076937715787516], [136.6254593129776, 35.07590061690609], [136.62550510432558, 35.075480225821096], [136.62546022837824, 35.074848252422036]]]}}, {"type": "Feature", "properties": {"rowId": 17, "city_name": "桑名市", "town_name": "田町", "households": 12, "population": 26, "e_stat_code": "242050170"}, "geometry": {"type": "Polygon", "coordinates": [[[136.69467451193412, 35.06616904775162], [136.69463047440686, 35.065693718969], [136.69438449015314, 35.06570547766625], [136.69437738858053, 35.06552980743891], [136.69422296352522, 35.06555611379773], [136.69414993933438, 35.065565757467134], [136.69403471267424, 35.06557331715293], [136.69369758455215, 35.065614541155085], [136.6937483180726, 35.06596116580688], [136.69351523615043, 35.06599482169682], [136.6935301846087, 35.06610114933166], [136.693583359349, 35.066240639083546], [136.69362603590042, 35.066293566349856], [136.69467451193412, 35.06616904775162]]]}}, {"type": "Feature", "properties": {"rowId": 63, "city_name": "桑名市", "town_name": "益生町", "households": 62, "population": 110, "e_stat_code": "242050580"}, "geometry": {"type": "Polygon", "coordinates": [[[136.68158686744948, 35.057884647465514], [136.6813942646325, 35.05742359839657], [136.68127913093738, 35.05717867094384], [136.68046138578893, 35.05741051767969], [136.67952184227752, 35.057667478046326], [136.67950520376982, 35.05762841525029], [136.6792230673546, 35.057703728173585], [136.67919895373402, 35.057615479886884], [136.67897036205423, 35.05766675945228], [136.67900398583535, 35.05775544814302], [136.6786301127838, 35.05785564024133], [136.678701416303, 35.05800052909157], [136.6790014553828, 35.05859648118546], [136.67900237263692, 35.05859872691399], [136.67909923814918, 35.05883608397434], [136.6792134306083, 35.05908144128932], [136.67929443847927, 35.059265431346354], [136.6797184571251, 35.05911319396528], [136.6796612751967, 35.05898287518638], [136.67979204393416, 35.058970594083], [136.67993671739816, 35.05894668470218], [136.68001258441157, 35.05892921646169], [136.68003934243063, 35.0589230810361], [136.68047810784682, 35.0588553385983], [136.681335215828, 35.05852009787176], [136.68130614971375, 35.05846490670748], [136.68121171646624, 35.05827866928215], [136.6814070286767, 35.05823165578541], [136.6813292844371, 35.05798736483918], [136.68158686744948, 35.057884647465514]]]}}, {"type": "Feature", "properties": {"rowId": 229, "city_name": "桑名市", "town_name": "福岡町", "households": 33, "population": 102, "e_stat_code": "242051540"}, "geometry": {"type": "Polygon", "coordinates": [[[136.7012908290164, 35.03282554859096], [136.70171250023486, 35.03195512345468], [136.7025530772241, 35.030723669979366], [136.7030229002689, 35.030139451367226], [136.70388817042155, 35.02933018609242], [136.7045664174455, 35.02885180005427], [136.70542827441847, 35.02846488297845], [136.70609845771554, 35.0282844332699], [136.70682178929687, 35.028147195619724], [136.7074543867504, 35.02809140051547], [136.70784832226602, 35.028049456785794], [136.7079672099524, 35.02801615778086], [136.70807903936668, 35.02793388528022], [136.70817759829617, 35.027851689482006], [136.70825676181815, 35.02781855131548], [136.70834544318734, 35.027831626139424], [136.7119465057512, 35.02849552138121], [136.7123227524353, 35.02700145040265], [136.71219628940847, 35.02695564123023], [136.71165313450456, 35.026746144591975], [136.71116271730753, 35.026556055449966], [136.7108350433624, 35.02642909777482], [136.71046228188794, 35.02628071238312], [136.7101883958064, 35.02616604475971], [136.71020542249292, 35.02610559133265], [136.71011418149493, 35.0260736599212], [136.7101780667677, 35.02585870409009], [136.71028235420823, 35.025879784846964], [136.71065036035475, 35.024593099310245], [136.71065978136028, 35.0245443108066], [136.71066170631877, 35.02451458063171], [136.71065267004582, 35.024479492496425], [136.71063818974227, 35.02445344937965], [136.71061828505188, 35.024433706280625], [136.71058309594738, 35.02441855973328], [136.71060638046023, 35.0243246897616], [136.71062610476523, 35.02432365829871], [136.71064033498567, 35.02432089892925], [136.71065329580918, 35.02430011845052], [136.71065734008906, 35.024263122756146], [136.71064804088655, 35.024202753403905], [136.71063362733798, 35.02417938600565], [136.7106038039692, 35.02415617973759], [136.71057197384445, 35.02414819677904], [136.71054022191703, 35.024149298596484], [136.71051064858446, 35.02415489369462], [136.7104932442619, 35.0241666858842], [136.7104780337619, 35.024184803395194], [136.7104672956041, 35.024210148961984], [136.71046334476299, 35.02425791952031], [136.71043794540876, 35.02423644738264], [136.71041808788405, 35.02422212716993], [136.71038175187584, 35.0241980428786], [136.71033442216955, 35.02417486906024], [136.7101497475116, 35.02410925692408], [136.70944311836894, 35.023877184096484], [136.70848804439268, 35.023550144324616], [136.7069681639568, 35.023044266396994], [136.7039349033001, 35.02201530304976], [136.70347442175023, 35.02185662728294], [136.7031732516502, 35.02175202983503], [136.70287984966376, 35.02165456995405], [136.7027271657651, 35.02160946651663], [136.70258216959112, 35.021572416663695], [136.7024504423769, 35.02154521919195], [136.70234167118758, 35.02152943956933], [136.70222232678856, 35.02151864953046], [136.70211817836156, 35.02151291309525], [136.70201845793795, 35.02151440522809], [136.7019199119336, 35.02152307265733], [136.7018192524425, 35.02153985153765], [136.70171755793052, 35.02156572157526], [136.7014967852131, 35.0216318561911], [136.70138423334, 35.02166947903108], [136.70118326173105, 35.02174366800873], [136.70101619315892, 35.02181315505892], [136.70097060942516, 35.02173855656934], [136.70067794081746, 35.02185658498671], [136.700593901641, 35.021894887803796], [136.7004062624419, 35.021991534389045], [136.70033972899367, 35.02202980601717], [136.70025252502455, 35.02208347930803], [136.7001816720496, 35.022127127977285], [136.70009997003552, 35.0221835154546], [136.70002048646043, 35.02223897403597], [136.69994751461823, 35.022295241252806], [136.69989973972, 35.02232467145867], [136.69883942006027, 35.02191717217499], [136.69858427536968, 35.022675910340304], [136.69762786260827, 35.02481215862416], [136.69693771101478, 35.02608466933121], [136.69655502869503, 35.02661405881532], [136.6984828793733, 35.02691095697985], [136.69827322937377, 35.02706843372232], [136.69876210478026, 35.0274821108971], [136.69866014849836, 35.02789939730103], [136.69895594117418, 35.027943894232386], [136.69871791254678, 35.028900013000474], [136.69958383642455, 35.03063080015467], [136.7002427614451, 35.03118829286008], [136.7003521398128, 35.03163901742532], [136.7008660496458, 35.03168225268367], [136.70079750445066, 35.03189674066556], [136.70038920741405, 35.031858671719604], [136.7004992352094, 35.03239031033088], [136.70111876983063, 35.032444625980176], [136.70098800224778, 35.03278673141158], [136.7012908290164, 35.03282554859096]]]}}, {"type": "Feature", "properties": {"rowId": 101, "city_name": "桑名市", "town_name": "福島新町", "households": 77, "population": 191, "e_stat_code": "242050852"}, "geometry": {"type": "Polygon", "coordinates": [[[136.68398004408013, 35.07730769620946], [136.68402897960164, 35.077125512592666], [136.6839092246591, 35.07709583403631], [136.68377503694356, 35.07705581318646], [136.68361570183868, 35.07703586462697], [136.68343194820216, 35.076999926524024], [136.68328937836827, 35.076976995731094], [136.68311629979902, 35.076942334043295], [136.68290281575943, 35.076921491971405], [136.68269166414865, 35.07688739704333], [136.68256274963906, 35.07684790858859], [136.68126655779602, 35.07657813696449], [136.68123231514988, 35.07666875436965], [136.68068398667802, 35.0780416681715], [136.68110703944805, 35.078209372113406], [136.68168805716212, 35.07838146989979], [136.68189686129372, 35.07839557952295], [136.68215496403243, 35.07849131547304], [136.68221015870122, 35.07787732170994], [136.68280423899841, 35.0779463789951], [136.68279235314333, 35.078190469223365], [136.68312640633462, 35.07821528059649], [136.6833029037805, 35.07824851446671], [136.68347429801247, 35.07767576871092], [136.6831773384914, 35.07765074844453], [136.68314909534632, 35.07759752572177], [136.68319959739503, 35.07753632386607], [136.6833447640342, 35.07748008181704], [136.68352381590216, 35.07749639846622], [136.68359098746575, 35.07721016551048], [136.68398004408013, 35.07730769620946]]]}}, {"type": "Feature", "properties": {"rowId": 55, "city_name": "桑名市", "town_name": "福江町", "households": 62, "population": 143, "e_stat_code": "242050550"}, "geometry": {"type": "Polygon", "coordinates": [[[136.68162536012704, 35.057899432554436], [136.68183317487862, 35.05788326488438], [136.68187438410325, 35.057884864574476], [136.68182972529004, 35.057710742987865], [136.68185187829405, 35.05770223746185], [136.681835114282, 35.05762775181028], [136.68185823646988, 35.05762748059407], [136.68181380882197, 35.057496598788234], [136.68194189876672, 35.05748186499717], [136.68192918544395, 35.05741066549688], [136.6819614204673, 35.05739886488025], [136.68195197145735, 35.057236305522004], [136.68207914011148, 35.05721890060413], [136.68194341956053, 35.05683162025091], [136.68192595854387, 35.05678164594775], [136.68181112423275, 35.05645946135707], [136.68226128295117, 35.05636284525753], [136.68215913555613, 35.055883047881935], [136.68166913007306, 35.055966506438686], [136.68154748657722, 35.055386885005255], [136.68131417059698, 35.05543051963471], [136.6813523524644, 35.05552636549699], [136.68103541678852, 35.05562800611089], [136.68064834480933, 35.055740955448066], [136.6808408708476, 35.056188766944096], [136.68104989973298, 35.05668451555982], [136.68127913093738, 35.05717867094384], [136.6813942646325, 35.05742359839657], [136.68158686744948, 35.057884647465514], [136.68162536012704, 35.057899432554436]]]}}, {"type": "Feature", "properties": {"rowId": 227, "city_name": "桑名市", "town_name": "立田町", "households": 108, "population": 278, "e_stat_code": "242051520"}, "geometry": {"type": "Polygon", "coordinates": [[[136.7106916763649, 35.045105014599734], [136.70925788351667, 35.039085110722795], [136.70921324950373, 35.03872155284273], [136.70925217069163, 35.03842581891174], [136.7094795166051, 35.03712274349475], [136.70954905538673, 35.03672429076109], [136.70546924883777, 35.03611732410181], [136.70194838545837, 35.03556312100479], [136.7010987806216, 35.03545654368581], [136.7010500517931, 35.035450416762586], [136.7004468370067, 35.03537473788586], [136.70029706474014, 35.03619887126633], [136.7000756694193, 35.03732364582837], [136.69989990700867, 35.0381127223993], [136.69974327240288, 35.03847011970969], [136.69971347477556, 35.038515363802595], [136.69952933179493, 35.03879509940957], [136.6992015367419, 35.03914876243104], [136.6989976574056, 35.03931409806965], [136.69880781282268, 35.039458295344026], [136.69866597088551, 35.03954827070917], [136.69857662190768, 35.03976921700377], [136.69862899386627, 35.03989089257679], [136.69922554570027, 35.04128773476199], [136.7000958676913, 35.043349080856004], [136.70038702543937, 35.04405109552992], [136.70069576035453, 35.04479984106189], [136.70079377788903, 35.04492125273557], [136.70104623739553, 35.045097971953254], [136.70147445371614, 35.04531409990094], [136.70152421140043, 35.04526486698032], [136.7014989590039, 35.045186066079786], [136.70147777117762, 35.044796876948915], [136.7018281329374, 35.04502620129687], [136.70203903835747, 35.0451352685413], [136.7029635414948, 35.04564050505139], [136.70322376831584, 35.04577865209247], [136.70297266058677, 35.04618406485921], [136.70340356659867, 35.04642777700382], [136.70400612936382, 35.046890782972355], [136.70423106477185, 35.047076880078826], [136.70439538465118, 35.047224665381975], [136.7045987927331, 35.04750638378303], [136.7046581576114, 35.047652946432], [136.70470351004533, 35.047733532031124], [136.70555693105126, 35.04778576246708], [136.71136028203847, 35.04819417115793], [136.71078445589185, 35.04553385363303], [136.7106916763649, 35.045105014599734]]]}}, {"type": "Feature", "properties": {"rowId": 126, "city_name": "桑名市", "town_name": "立花町一丁目", "households": 57, "population": 134, "e_stat_code": "24205099001"}, "geometry": {"type": "Polygon", "coordinates": [[[136.67385032972507, 35.06472385970305], [136.67440640154828, 35.06470922252259], [136.674953220328, 35.06471005790323], [136.6749524597018, 35.064617805043554], [136.67523757464733, 35.06462002299393], [136.67518723749677, 35.06376653797018], [136.67514700355594, 35.063473299565985], [136.6750169767381, 35.06348789562401], [136.6750702530773, 35.063332170898825], [136.67509864622056, 35.06320771300148], [136.67371556211225, 35.06353308238737], [136.6736972384522, 35.063507619118354], [136.67351408772913, 35.063541031214314], [136.67264210650765, 35.0637185464397], [136.67269582899198, 35.06387184637471], [136.6727653771883, 35.064158092487425], [136.6728982877704, 35.06448877683231], [136.6728989407202, 35.064568212909165], [136.67290380194456, 35.06471178362825], [136.67385032972507, 35.06472385970305]]]}}, {"type": "Feature", "properties": {"rowId": 127, "city_name": "桑名市", "town_name": "立花町二丁目", "households": 51, "population": 141, "e_stat_code": "24205099002"}, "geometry": {"type": "Polygon", "coordinates": [[[136.67351408772913, 35.063541031214314], [136.6736972384522, 35.063507619118354], [136.67371556211225, 35.06353308238737], [136.67509864622056, 35.06320771300148], [136.67514769769795, 35.06304856088401], [136.67520059136052, 35.06284114551477], [136.67531380777018, 35.06256944907265], [136.67495283238497, 35.062585330242705], [136.67444504288352, 35.06262611015189], [136.67412637522892, 35.06268316340089], [136.67352691024726, 35.06280381818175], [136.67309947912926, 35.06290978365534], [136.67289240660912, 35.062752122216516], [136.6725297857438, 35.06282835920954], [136.67276626696506, 35.063500385414955], [136.6725903132656, 35.06354967180627], [136.67261625870088, 35.06364270073916], [136.67264210650765, 35.0637185464397], [136.67351408772913, 35.063541031214314]]]}}, {"type": "Feature", "properties": {"rowId": 230, "city_name": "桑名市", "town_name": "筒尾一丁目", "households": 152, "population": 370, "e_stat_code": "24205156001"}, "geometry": {"type": "Polygon", "coordinates": [[[136.64737360606765, 35.079876393725385], [136.64793910381445, 35.07979386443769], [136.64794347616973, 35.07982680052767], [136.6494400612298, 35.0795373074702], [136.65003137885085, 35.079405543930356], [136.65057238423097, 35.079152423925414], [136.65122744817813, 35.078763472585074], [136.65081677661513, 35.078329463691375], [136.65046018119278, 35.07797284247701], [136.65018672709377, 35.077724088284256], [136.65004571187387, 35.07758286713832], [136.6494380672492, 35.07772809921421], [136.64798069710665, 35.07809182254714], [136.64780410010673, 35.07813593585216], [136.6475167698578, 35.07821183893092], [136.64714721062467, 35.078294940845836], [136.64721689630414, 35.07878824885803], [136.64737360606765, 35.079876393725385]]]}}, {"type": "Feature", "properties": {"rowId": 236, "city_name": "桑名市", "town_name": "筒尾七丁目", "households": 117, "population": 289, "e_stat_code": "24205156007"}, "geometry": {"type": "Polygon", "coordinates": [[[136.6444932032574, 35.081866602006414], [136.6444567457928, 35.08141361051355], [136.6430425743125, 35.08153605577326], [136.6419237634494, 35.081555508492855], [136.6414171444033, 35.08147375122623], [136.64120967922057, 35.082299948527336], [136.6410814828168, 35.08274021963325], [136.64193392572338, 35.08285409176302], [136.64244420723213, 35.0828716701799], [136.64315971438526, 35.0828340710962], [136.6439243014011, 35.082762332613854], [136.6445904077915, 35.08271822677573], [136.64454583131885, 35.08227880126096], [136.6444932032574, 35.081866602006414]]]}}, {"type": "Feature", "properties": {"rowId": 232, "city_name": "桑名市", "town_name": "筒尾三丁目", "households": 216, "population": 540, "e_stat_code": "24205156003"}, "geometry": {"type": "Polygon", "coordinates": [[[136.6557638373444, 35.08354772124626], [136.6548931879287, 35.08285211910002], [136.65417492199995, 35.08221554962458], [136.65347270432454, 35.08152170541847], [136.65337963111983, 35.08143692159367], [136.65245747838225, 35.080319170700875], [136.65230212867712, 35.08013232361443], [136.6521999739727, 35.08000941736156], [136.65152782478356, 35.080324167811575], [136.6510845223793, 35.08044831297353], [136.65064105973926, 35.08055210454482], [136.6498898315915, 35.08074881463419], [136.648600806853, 35.08108720405564], [136.6486453501464, 35.081519727346844], [136.64948295869794, 35.081319182134436], [136.64961784396377, 35.081724249085084], [136.64976903105173, 35.08211570639403], [136.64995327522806, 35.08252733863338], [136.65010488174073, 35.082966048385146], [136.6503235852995, 35.08357362993077], [136.65068461704556, 35.083449929028774], [136.65106160347295, 35.08325860387324], [136.6514222586843, 35.083087506229994], [136.6515945286225, 35.08302573377574], [136.65208331864255, 35.08293183632926], [136.6525274383865, 35.08290916559092], [136.65293102950292, 35.08296108016114], [136.65387905054789, 35.08319267226186], [136.65474408980984, 35.08333674356846], [136.6557638373444, 35.08354772124626]]]}}, {"type": "Feature", "properties": {"rowId": 238, "city_name": "桑名市", "town_name": "筒尾九丁目", "households": 124, "population": 302, "e_stat_code": "24205156009"}, "geometry": {"type": "Polygon", "coordinates": [[[136.64721689630414, 35.07878824885803], [136.64714721062467, 35.078294940845836], [136.646605075862, 35.07840607723071], [136.6461449012027, 35.07847613935034], [136.6455198875901, 35.07850651295767], [136.64474664982762, 35.07852415032375], [136.64470123957759, 35.07902483262977], [136.64468792823854, 35.07942400145218], [136.64462533553612, 35.07983695452489], [136.6446273550115, 35.08009392518907], [136.6444567457928, 35.08141361051355], [136.64647154189473, 35.0812947072747], [136.64701417416228, 35.08124441558237], [136.64755692495265, 35.0812144757989], [136.64737360606765, 35.079876393725385], [136.64721689630414, 35.07878824885803]]]}}, {"type": "Feature", "properties": {"rowId": 231, "city_name": "桑名市", "town_name": "筒尾二丁目", "households": 163, "population": 409, "e_stat_code": "24205156002"}, "geometry": {"type": "Polygon", "coordinates": [[[136.6521999739727, 35.08000941736156], [136.6515015964545, 35.07909335005774], [136.65122744817813, 35.078763472585074], [136.65057238423097, 35.079152423925414], [136.65003137885085, 35.079405543930356], [136.6494400612298, 35.0795373074702], [136.64794347616973, 35.07982680052767], [136.64793910381445, 35.07979386443769], [136.64737360606765, 35.079876393725385], [136.64755692495265, 35.0812144757989], [136.64810767140406, 35.08115068714327], [136.648600806853, 35.08108720405564], [136.6498898315915, 35.08074881463419], [136.65064105973926, 35.08055210454482], [136.6510845223793, 35.08044831297353], [136.65152782478356, 35.080324167811575], [136.6521999739727, 35.08000941736156]]]}}, {"type": "Feature", "properties": {"rowId": 234, "city_name": "桑名市", "town_name": "筒尾五丁目", "households": 214, "population": 479, "e_stat_code": "24205156005"}, "geometry": {"type": "Polygon", "coordinates": [[[136.64689547932767, 35.084454244011546], [136.64683703266346, 35.08382221043349], [136.64678444374695, 35.08341670311129], [136.64671015448704, 35.08305159351015], [136.64670526833135, 35.083024083426466], [136.64663792046795, 35.082572103283155], [136.64617740229545, 35.08260160276126], [136.64536556156767, 35.082661282692726], [136.6445904077915, 35.08271822677573], [136.6439243014011, 35.082762332613854], [136.64315971438526, 35.0828340710962], [136.64244420723213, 35.0828716701799], [136.64193392572338, 35.08285409176302], [136.6410814828168, 35.08274021963325], [136.6409780656484, 35.08319395210506], [136.6408388773624, 35.083806751320665], [136.64124152689675, 35.083743704381774], [136.64152107259548, 35.08371518170546], [136.6418174506003, 35.0837406556346], [136.64226248180705, 35.08383301896887], [136.64295613375938, 35.084153929538594], [136.64315069690724, 35.08431184629308], [136.64345624577152, 35.08445227148846], [136.64379357870428, 35.084450479903154], [136.64473140519928, 35.084431972556175], [136.64532826521332, 35.0844379514947], [136.64605617757155, 35.0844451997126], [136.64689547932767, 35.084454244011546]]]}}, {"type": "Feature", "properties": {"rowId": 237, "city_name": "桑名市", "town_name": "筒尾八丁目", "households": 107, "population": 268, "e_stat_code": "24205156008"}, "geometry": {"type": "Polygon", "coordinates": [[[136.64474664982762, 35.07852415032375], [136.64216563492494, 35.07829101297711], [136.642070662827, 35.07877174506736], [136.6418071359754, 35.07979437377634], [136.6414171444033, 35.08147375122623], [136.6419237634494, 35.081555508492855], [136.6430425743125, 35.08153605577326], [136.6444567457928, 35.08141361051355], [136.6446273550115, 35.08009392518907], [136.64462533553612, 35.07983695452489], [136.64468792823854, 35.07942400145218], [136.64470123957759, 35.07902483262977], [136.64474664982762, 35.07852415032375]]]}}, {"type": "Feature", "properties": {"rowId": 235, "city_name": "桑名市", "town_name": "筒尾六丁目", "households": 122, "population": 251, "e_stat_code": "24205156006"}, "geometry": {"type": "Polygon", "coordinates": [[[136.6476096232488, 35.08163357571258], [136.64755692495265, 35.0812144757989], [136.64701417416228, 35.08124441558237], [136.64647154189473, 35.0812947072747], [136.6444567457928, 35.08141361051355], [136.6444932032574, 35.081866602006414], [136.64454583131885, 35.08227880126096], [136.6445904077915, 35.08271822677573], [136.64536556156767, 35.082661282692726], [136.64617740229545, 35.08260160276126], [136.64663792046795, 35.082572103283155], [136.646933696081, 35.08251629754736], [136.64722868110465, 35.082365985736665], [136.64746550717595, 35.082141545678], [136.6475461906315, 35.081938220652205], [136.6476096232488, 35.08163357571258]]]}}, {"type": "Feature", "properties": {"rowId": 233, "city_name": "桑名市", "town_name": "筒尾四丁目", "households": 195, "population": 458, "e_stat_code": "24205156004"}, "geometry": {"type": "Polygon", "coordinates": [[[136.64961784396377, 35.081724249085084], [136.64948295869794, 35.081319182134436], [136.6486453501464, 35.081519727346844], [136.648600806853, 35.08108720405564], [136.64810767140406, 35.08115068714327], [136.64755692495265, 35.0812144757989], [136.6476096232488, 35.08163357571258], [136.6475461906315, 35.081938220652205], [136.64746550717595, 35.082141545678], [136.64722868110465, 35.082365985736665], [136.646933696081, 35.08251629754736], [136.64663792046795, 35.082572103283155], [136.64670526833135, 35.083024083426466], [136.64671015448704, 35.08305159351015], [136.64678444374695, 35.08341670311129], [136.64683703266346, 35.08382221043349], [136.64689547932767, 35.084454244011546], [136.64744168596184, 35.08433301506049], [136.64841880853248, 35.08408426624354], [136.64923166415178, 35.08387026324309], [136.64996519716226, 35.08366907517986], [136.6503235852995, 35.08357362993077], [136.65010488174073, 35.082966048385146], [136.64995327522806, 35.08252733863338], [136.64976903105173, 35.08211570639403], [136.64961784396377, 35.081724249085084]]]}}, {"type": "Feature", "properties": {"rowId": 6, "city_name": "桑名市", "town_name": "船馬町", "households": 34, "population": 86, "e_stat_code": "242050060"}, "geometry": {"type": "Polygon", "coordinates": [[[136.7011794934582, 35.070053354675686], [136.69696273565657, 35.06796353935236], [136.69682515747448, 35.06799200595224], [136.6964795073517, 35.06801948329579], [136.6961624041716, 35.06809989546848], [136.6954574275147, 35.06820330525122], [136.69514445328596, 35.06827108557258], [136.69460514841933, 35.068345793887744], [136.69457632858163, 35.068260391619766], [136.69369787405046, 35.06830125980196], [136.69267607101048, 35.06835216450722], [136.69223498134858, 35.06840320259043], [136.6922473606058, 35.06853496792754], [136.69225744437975, 35.06889675436285], [136.69254096334544, 35.06883499474118], [136.69257619863615, 35.06901050455616], [136.69266902363663, 35.069012299154664], [136.69268640787521, 35.06907234307578], [136.69301827007786, 35.069075027289436], [136.69463527904543, 35.06895374213969], [136.69465088884039, 35.069092319955345], [136.69550103483667, 35.069030832644685], [136.69556775379925, 35.069059887665595], [136.70005574928362, 35.07101677127877], [136.70055121298938, 35.07059199841099], [136.70082830080597, 35.070354547096215], [136.7011794934582, 35.070053354675686]]]}}, {"type": "Feature", "properties": {"rowId": 167, "city_name": "桑名市", "town_name": "芳ヶ崎", "households": 537, "population": 1245, "e_stat_code": "242051170"}, "geometry": {"type": "Polygon", "coordinates": [[[136.61930464612848, 35.07773960438401], [136.61990853873604, 35.07658246039098], [136.61999021936867, 35.07627118602802], [136.62001452117644, 35.075583430768305], [136.620017360793, 35.075517075168605], [136.62003795803767, 35.07517730915967], [136.6200012664302, 35.07495875602427], [136.6199155746541, 35.0747347493571], [136.61983041855277, 35.07462665865422], [136.61975295935866, 35.074528318756876], [136.6201365704658, 35.07433649219439], [136.62024481816673, 35.074303824973924], [136.62020730174876, 35.074553250962865], [136.6205166353819, 35.07459230453525], [136.6205404631857, 35.07447527743943], [136.62058977465668, 35.07445981337744], [136.62061448619, 35.07431848397777], [136.62069666835725, 35.07432785266737], [136.62110767463304, 35.07405517599685], [136.6214678144514, 35.07386959285642], [136.6214912803596, 35.07385750095334], [136.62186807691972, 35.073688663065795], [136.62248249163227, 35.07346106551236], [136.62291544434044, 35.07330911791241], [136.62318313018707, 35.07332358829072], [136.62318319096573, 35.07261123820565], [136.6232009518646, 35.07216493384553], [136.62284559538662, 35.07182414219786], [136.62262349534268, 35.071607740050005], [136.62231408831423, 35.07177243312728], [136.62201439097785, 35.071895946948096], [136.6203020320144, 35.07257860760597], [136.6203267362044, 35.072402136638786], [136.62037711076107, 35.07217123719748], [136.62045962288497, 35.071953272036765], [136.6205144062572, 35.071778407958874], [136.62049738748794, 35.071646588548724], [136.62041399020512, 35.07122199808075], [136.62034157587664, 35.07092404740782], [136.62000934543948, 35.07098187266847], [136.61972902152573, 35.07101619290406], [136.61967505353158, 35.07077258560877], [136.61962670691145, 35.070739943167084], [136.61914316161378, 35.070804102232735], [136.61912321167486, 35.07067490305688], [136.61920902237023, 35.07062671769641], [136.61915239279222, 35.07055777835728], [136.61944776098426, 35.07039478623959], [136.61924241658193, 35.07027399771128], [136.61914227128977, 35.070284297441745], [136.61906632279022, 35.07031109412605], [136.61884418738487, 35.07008813282241], [136.61871101173193, 35.06996683462199], [136.61868656755297, 35.069917590961914], [136.61867603465797, 35.0698501069366], [136.6184173859252, 35.06956803379722], [136.61856090141558, 35.069465186722894], [136.61832845558578, 35.06920431855128], [136.6190946937115, 35.06876547119088], [136.6189833917755, 35.06836067254018], [136.6188927774249, 35.06830014550664], [136.61880429537047, 35.06826115813784], [136.6186799775436, 35.06825186180086], [136.6186120383179, 35.068278546118314], [136.6184803177978, 35.06835499400954], [136.61838409353115, 35.06834555382941], [136.61830027061092, 35.068395489229005], [136.61820319203196, 35.06844844988095], [136.61809954254704, 35.06865180147166], [136.6178155999584, 35.06881825172886], [136.61776868704146, 35.06886708362215], [136.61769012759686, 35.06870754814452], [136.6176058180373, 35.06859170429348], [136.61738156143772, 35.06867629786117], [136.6173226046777, 35.068554339338114], [136.6175542113692, 35.06848456880939], [136.61750072924968, 35.06835004633011], [136.61780196029213, 35.0683177398595], [136.6178787067653, 35.068306011175885], [136.61811517072874, 35.06831769574826], [136.61821272816536, 35.06834473563752], [136.61824879961438, 35.06821609675569], [136.61823991807066, 35.06810085663256], [136.61822330069145, 35.06802185325422], [136.61804676155788, 35.067999722261725], [136.6178945169202, 35.06800704602288], [136.6177185535308, 35.06806068961011], [136.61765334387317, 35.06807482385832], [136.61756339262496, 35.06809042244582], [136.61744441291987, 35.068113070140264], [136.61733919259237, 35.06797860022888], [136.61749113841574, 35.06793169974211], [136.6174736984988, 35.067743893466655], [136.61734899100915, 35.06768853956547], [136.6172441679721, 35.06760667452924], [136.61716752155084, 35.06754121621828], [136.61701703562062, 35.06724858830422], [136.61703270488147, 35.06720238024119], [136.6170845004309, 35.06715929875959], [136.61707997824084, 35.06709340371769], [136.61703313574532, 35.06699314527765], [136.6172850457208, 35.0669128486474], [136.61731362002163, 35.06698179065239], [136.6174135695189, 35.066951634015005], [136.61739712796242, 35.06689572950396], [136.61751306096932, 35.066855562219295], [136.6174273607531, 35.06665176396299], [136.61738707567122, 35.06662555911741], [136.61791404341827, 35.066349350486384], [136.61803595818034, 35.06630753264005], [136.6180113585484, 35.066231879700574], [136.61677146405253, 35.06658093623292], [136.61666944786558, 35.066337571077284], [136.61724303534655, 35.06613204645906], [136.61608345414888, 35.062511374472265], [136.61813230421188, 35.06209237933498], [136.61750551358617, 35.06188463765503], [136.6169428840615, 35.06168318609143], [136.61671085840672, 35.061740349849075], [136.61635537873718, 35.06163510363857], [136.6158592746066, 35.06175297114307], [136.61561295765551, 35.060979823626006], [136.6153683995828, 35.06011074743765], [136.61468948906685, 35.06018368523337], [136.61377627172945, 35.06027815381991], [136.6137059894388, 35.06107177681508], [136.61335622436383, 35.0614623560235], [136.61399655920866, 35.06134384251133], [136.61445458575554, 35.062822790642144], [136.61376629280107, 35.062961410565414], [136.6140184882822, 35.063722988141166], [136.61288605955636, 35.06396265248751], [136.61313350483368, 35.06469679031874], [136.61343228558252, 35.065451090966036], [136.61372880279046, 35.06676930014607], [136.61382111459676, 35.06678862363879], [136.61435641282853, 35.066820568286396], [136.61470913524093, 35.06681878514488], [136.61474954316878, 35.06686139947948], [136.6148343690129, 35.06694991780574], [136.61488820303347, 35.06717697936542], [136.61407322399467, 35.067537029479375], [136.6141244360682, 35.067683397176275], [136.61414934815903, 35.0677953886927], [136.61421057713665, 35.06794663492219], [136.61416401282534, 35.068144625073245], [136.61416851613018, 35.06821383057826], [136.6142738823595, 35.06836816306735], [136.6143386068682, 35.06844361365258], [136.6144022097848, 35.068642596686], [136.61445398699743, 35.06876163502728], [136.61449915383582, 35.06878753498158], [136.614618034805, 35.0688482037685], [136.61477782750762, 35.06895556872943], [136.61520261243066, 35.06927948734392], [136.61533555529766, 35.06936452166039], [136.61541220186686, 35.06943005150559], [136.6154851192125, 35.06953517978013], [136.61555643016786, 35.069688063958566], [136.6155974116574, 35.06980645197402], [136.61558592418882, 35.06987897841785], [136.61576679682574, 35.06994728982008], [136.61571585751204, 35.07009910400626], [136.61564935114507, 35.070316915484554], [136.61562596843362, 35.070402671578414], [136.61562686117895, 35.0705213336735], [136.61571394703438, 35.070647799654715], [136.6157345342715, 35.07072016266772], [136.61574298371343, 35.070772869153025], [136.61574763745193, 35.07086179309563], [136.61577210299293, 35.070914417255366], [136.61585478244567, 35.070984846087406], [136.61590369933776, 35.07109333508208], [136.61571012642997, 35.07120474418865], [136.61554423714313, 35.07126650347677], [136.61534037632447, 35.07133676523978], [136.6151762144968, 35.07136069674805], [136.6149358510182, 35.07137832358507], [136.614945568502, 35.07160567939174], [136.6151034567917, 35.07181249380811], [136.6151743748102, 35.071919251860685], [136.61526201468018, 35.0721082532154], [136.61530163867639, 35.072314046786936], [136.61529660840262, 35.0724483040796], [136.61529496843713, 35.07249204615607], [136.6153400574394, 35.07262696434838], [136.61537718475847, 35.07276840203072], [136.6153702667786, 35.07291344399752], [136.61534726121758, 35.073055256428624], [136.61537963870867, 35.073094672004444], [136.61542813392228, 35.07314710389778], [136.6154447465075, 35.07322617858285], [136.61552426353356, 35.07340528959684], [136.61564201798006, 35.073605757312244], [136.61569881810522, 35.07369772718758], [136.61575996933476, 35.07383249313971], [136.61584163725684, 35.074029833659], [136.61585456518367, 35.07414843456078], [136.61584466556425, 35.07434680318325], [136.6158162223947, 35.074357864067665], [136.61585292010096, 35.074977000113826], [136.61584129959675, 35.075293692377095], [136.61580933893782, 35.07569675864685], [136.61581128856187, 35.075955774448516], [136.61584020943178, 35.076076477272544], [136.6158483616259, 35.076231865035886], [136.61584953159425, 35.0763872882505], [136.6159283192325, 35.076622884598876], [136.61614029609862, 35.07734423197483], [136.61588809662044, 35.07741910859038], [136.615992101619, 35.07765288587577], [136.61620874334506, 35.077599951749825], [136.61637239458773, 35.07794448636147], [136.61654359180397, 35.078363844407065], [136.61657398903822, 35.07868032377993], [136.61682289313487, 35.079191334437326], [136.61729388858387, 35.0798997422396], [136.6176146536595, 35.0797254248504], [136.61911948161853, 35.079179624901066], [136.61911913358875, 35.07913356779015], [136.6192518464065, 35.07816580590038], [136.61927785494692, 35.077900945147356], [136.61930464612848, 35.07773960438401]]]}}, {"type": "Feature", "properties": {"rowId": 98, "city_name": "桑名市", "town_name": "蓮見町", "households": 186, "population": 504, "e_stat_code": "242050840"}, "geometry": {"type": "Polygon", "coordinates": [[[136.69066790334716, 35.069852389738735], [136.69051446037273, 35.06925500062411], [136.6909689136678, 35.069163046691685], [136.69091192529112, 35.06883518912823], [136.69024081164451, 35.06877111621037], [136.69015807289085, 35.068655103228544], [136.68948897144725, 35.06876869686338], [136.68945591185752, 35.06870796678587], [136.68902336082525, 35.06878162108659], [136.68907815114824, 35.06892040047135], [136.68881459319599, 35.06897274212045], [136.68893328823108, 35.06947821450859], [136.68905586667418, 35.06945815211889], [136.6891022633171, 35.069576626228525], [136.6889114369833, 35.06961968178241], [136.6888832217891, 35.06962603925822], [136.68866469266166, 35.06967537966283], [136.6885010543658, 35.06971229479869], [136.6884545572398, 35.06957684911101], [136.68831444061382, 35.069594615847436], [136.6883466325601, 35.069745424938674], [136.68819640740463, 35.06978860134862], [136.6881050440476, 35.07041435339804], [136.68803672255925, 35.07042375492986], [136.6881454609044, 35.070596173104605], [136.68848476315017, 35.07108053412359], [136.68851294183517, 35.07112093916658], [136.68863597769607, 35.07129728998485], [136.68863491378164, 35.071323565101984], [136.69005688560273, 35.07116175418869], [136.69065807163636, 35.07109326356289], [136.69046611925975, 35.069891285098684], [136.69066790334716, 35.069852389738735]]]}}, {"type": "Feature", "properties": {"rowId": 261, "city_name": "桑名市", "town_name": "藤が丘一丁目", "households": 67, "population": 186, "e_stat_code": "24205160001"}, "geometry": {"type": "Polygon", "coordinates": [[[136.65522670557698, 35.079137371144434], [136.65528511449907, 35.07901212161948], [136.65521160310067, 35.07890399322869], [136.65492671170992, 35.07878066881782], [136.65511778287325, 35.07873076201098], [136.65509760297235, 35.078682065909916], [136.65481909410616, 35.07853694488991], [136.6549716939692, 35.07821315229193], [136.65508200475082, 35.07797374479782], [136.65531125965046, 35.077739046367476], [136.65544916906683, 35.07764604474107], [136.6556664887349, 35.07756881094338], [136.65550544845397, 35.07724945748893], [136.65544413177753, 35.077016399768524], [136.65543592898925, 35.07681559198589], [136.6552842192638, 35.076832608989726], [136.65500506559505, 35.07660615109694], [136.65475578626248, 35.07639854556069], [136.65397855190352, 35.07658781585225], [136.65365829473424, 35.07666391127653], [136.6539557872822, 35.07734198144363], [136.6541066632825, 35.07769294101843], [136.65428248272784, 35.07807742964147], [136.65463400285648, 35.078826264585835], [136.6548110174431, 35.079177574498374], [136.65498234295313, 35.07913319778417], [136.6551279370066, 35.079175863183885], [136.65522670557698, 35.079137371144434]]]}}, {"type": "Feature", "properties": {"rowId": 267, "city_name": "桑名市", "town_name": "藤が丘七丁目", "households": 212, "population": 503, "e_stat_code": "24205160007"}, "geometry": {"type": "Polygon", "coordinates": [[[136.65027272890225, 35.0724923086313], [136.64995325595865, 35.07162828444594], [136.6495425604807, 35.07170485411859], [136.64940387406944, 35.071336992264186], [136.6495416133752, 35.071336535640576], [136.64950930829286, 35.07130811662784], [136.6494898961781, 35.071285402309194], [136.64942848350572, 35.071167135838124], [136.64939135009863, 35.07104824523065], [136.64929749930138, 35.070955152801154], [136.64902280653885, 35.07093056670297], [136.64831402191825, 35.07086682028428], [136.64823113401945, 35.070854586922046], [136.6481219170744, 35.07077861919484], [136.64793600230325, 35.07081785312092], [136.6478170587856, 35.07082278460174], [136.647677572863, 35.07084050222022], [136.64752187074137, 35.07077337412729], [136.64704442784125, 35.070575986121575], [136.6466787889678, 35.07045680712606], [136.6464554444138, 35.070338909649024], [136.6462888392214, 35.0702036673334], [136.64622668019715, 35.070191251411615], [136.64611419374225, 35.070357632059526], [136.6459870399258, 35.07063057409335], [136.64571293759013, 35.07129536863206], [136.6456163793015, 35.07184238181584], [136.64534432538682, 35.07177791328725], [136.64543811015952, 35.07229827754932], [136.6455990271713, 35.0728858921157], [136.64581643278382, 35.07333101720971], [136.6459834488136, 35.07364809610976], [136.64613320725402, 35.07385695361821], [136.64644052217034, 35.07370981581472], [136.6470322812341, 35.073465240822046], [136.64744073760087, 35.07327171505282], [136.64775234487067, 35.073148215538026], [136.64821184251252, 35.07299702235313], [136.64845013357476, 35.07296187440673], [136.649845809419, 35.072602770308286], [136.65027272890225, 35.0724923086313]]]}}, {"type": "Feature", "properties": {"rowId": 263, "city_name": "桑名市", "town_name": "藤が丘三丁目", "households": 138, "population": 354, "e_stat_code": "24205160003"}, "geometry": {"type": "Polygon", "coordinates": [[[136.65226322946805, 35.07865642460818], [136.65251728518408, 35.07853336371414], [136.65273892929673, 35.078471323927886], [136.65428248272784, 35.07807742964147], [136.6541066632825, 35.07769294101843], [136.6539557872822, 35.07734198144363], [136.65365829473424, 35.07666391127653], [136.65220096973204, 35.077033601648154], [136.65004571187387, 35.07758286713832], [136.65018672709377, 35.077724088284256], [136.65046018119278, 35.07797284247701], [136.65081677661513, 35.078329463691375], [136.65122744817813, 35.078763472585074], [136.65146481704244, 35.07862092479069], [136.65174960762982, 35.07896412585475], [136.65189485684422, 35.078888413087], [136.65226322946805, 35.07865642460818]]]}}, {"type": "Feature", "properties": {"rowId": 269, "city_name": "桑名市", "town_name": "藤が丘九丁目", "households": 82, "population": 220, "e_stat_code": "24205160009"}, "geometry": {"type": "Polygon", "coordinates": [[[136.65441393188303, 35.07395776247748], [136.65409320134782, 35.0739461830278], [136.65409078953638, 35.07415916185818], [136.65360657328392, 35.074303820215626], [136.65254731150043, 35.07455305433519], [136.65222040126963, 35.07482531600648], [136.6524188179494, 35.074945943430265], [136.6528244254037, 35.07526158950705], [136.65314731932455, 35.07551690338778], [136.65329711107614, 35.075732513142135], [136.65346425607356, 35.076056272160564], [136.65365829473424, 35.07666391127653], [136.65397855190352, 35.07658781585225], [136.65475578626248, 35.07639854556069], [136.65488706858272, 35.07593204395567], [136.6550359398202, 35.075512210030126], [136.65496729469348, 35.074956785582835], [136.65489710716076, 35.07491589545165], [136.65490891915468, 35.07481822177224], [136.6549867044418, 35.074764983326986], [136.65431037522328, 35.07459193685293], [136.65434423059128, 35.074293996416195], [136.65441393188303, 35.07395776247748]]]}}, {"type": "Feature", "properties": {"rowId": 262, "city_name": "桑名市", "town_name": "藤が丘二丁目", "households": 150, "population": 405, "e_stat_code": "24205160002"}, "geometry": {"type": "Polygon", "coordinates": [[[136.6548110174431, 35.079177574498374], [136.65463400285648, 35.078826264585835], [136.65428248272784, 35.07807742964147], [136.65273892929673, 35.078471323927886], [136.65251728518408, 35.07853336371414], [136.65226322946805, 35.07865642460818], [136.65189485684422, 35.078888413087], [136.65174960762982, 35.07896412585475], [136.65146481704244, 35.07862092479069], [136.65122744817813, 35.078763472585074], [136.6515015964545, 35.07909335005774], [136.6521999739727, 35.08000941736156], [136.65230212867712, 35.08013232361443], [136.65245747838225, 35.080319170700875], [136.65337963111983, 35.08143692159367], [136.65347270432454, 35.08152170541847], [136.65370266804683, 35.08137940448994], [136.65379693792062, 35.080781763428476], [136.65360105867555, 35.080229067302], [136.65362024049426, 35.0801529753598], [136.65367934643373, 35.08010927504003], [136.65369579418422, 35.08010362227378], [136.65428192709848, 35.07990242689107], [136.65489442073147, 35.079703692610636], [136.65500625340874, 35.0796487905165], [136.65497423662816, 35.079571496441055], [136.6548110174431, 35.079177574498374]]]}}, {"type": "Feature", "properties": {"rowId": 265, "city_name": "桑名市", "town_name": "藤が丘五丁目", "households": 154, "population": 391, "e_stat_code": "24205160005"}, "geometry": {"type": "Polygon", "coordinates": [[[136.65130336925395, 35.07407669584278], [136.65101183013928, 35.073884944223096], [136.6508459792927, 35.073716743118894], [136.65068820037547, 35.07353490698175], [136.65062553280768, 35.073410168158496], [136.65053293935776, 35.07314685229848], [136.65048443406434, 35.07303619288519], [136.65043239345994, 35.072917454073654], [136.65027272890225, 35.0724923086313], [136.649845809419, 35.072602770308286], [136.64845013357476, 35.07296187440673], [136.64860118143403, 35.0733331219376], [136.6487025900465, 35.073677451290756], [136.6488329036049, 35.074031838101014], [136.64900530486634, 35.07398358989516], [136.64939668856363, 35.07510083090972], [136.64962649452016, 35.07503199203565], [136.65096501246381, 35.0747204372393], [136.65135072884252, 35.07460336192599], [136.65164508182644, 35.07437860383732], [136.65130336925395, 35.07407669584278]]]}}, {"type": "Feature", "properties": {"rowId": 268, "city_name": "桑名市", "town_name": "藤が丘八丁目", "households": 95, "population": 293, "e_stat_code": "24205160008"}, "geometry": {"type": "Polygon", "coordinates": [[[136.65360657328392, 35.074303820215626], [136.65409078953638, 35.07415916185818], [136.65409320134782, 35.0739461830278], [136.65404880059344, 35.07383000908943], [136.6540350215388, 35.073793955273466], [136.65401903965846, 35.07373446174201], [136.65388972890986, 35.07373938513352], [136.65376621768843, 35.073816603254336], [136.65355041123968, 35.073996435220096], [136.6534372544266, 35.07407775172125], [136.6533391979134, 35.074108070446556], [136.65314064700667, 35.07415322559264], [136.65307070131738, 35.07416909638007], [136.65265172992372, 35.074175576887065], [136.652367421111, 35.07419837560052], [136.6523564783756, 35.07419561745903], [136.65177857659742, 35.073752158302945], [136.6511220283542, 35.07315052188679], [136.6510833355601, 35.07306769892305], [136.6510451073886, 35.072816978760756], [136.6511260731666, 35.072586958538956], [136.6512070629019, 35.07236531761161], [136.65131654798668, 35.0721457782652], [136.65136154959305, 35.071949894839754], [136.65135942796962, 35.07190920048186], [136.65134319781393, 35.07159702295432], [136.65128961114888, 35.071359132266366], [136.65114829124988, 35.07115157355641], [136.65102426727128, 35.07116921199266], [136.65078726699696, 35.07128527729182], [136.65052920067598, 35.071358989304], [136.65027624784608, 35.07142415133788], [136.65003305214992, 35.07141263740124], [136.6496005459277, 35.07133629035706], [136.6495416133752, 35.071336535640576], [136.64940387406944, 35.071336992264186], [136.6495425604807, 35.07170485411859], [136.64995325595865, 35.07162828444594], [136.65027272890225, 35.0724923086313], [136.65043239345994, 35.072917454073654], [136.65048443406434, 35.07303619288519], [136.65053293935776, 35.07314685229848], [136.65062553280768, 35.073410168158496], [136.65068820037547, 35.07353490698175], [136.6508459792927, 35.073716743118894], [136.65101183013928, 35.073884944223096], [136.65130336925395, 35.07407669584278], [136.65164508182644, 35.07437860383732], [136.65222040126963, 35.07482531600648], [136.65254731150043, 35.07455305433519], [136.65360657328392, 35.074303820215626]]]}}, {"type": "Feature", "properties": {"rowId": 266, "city_name": "桑名市", "town_name": "藤が丘六丁目", "households": 72, "population": 190, "e_stat_code": "24205160006"}, "geometry": {"type": "Polygon", "coordinates": [[[136.64939668856363, 35.07510083090972], [136.64900530486634, 35.07398358989516], [136.6488329036049, 35.074031838101014], [136.6487025900465, 35.073677451290756], [136.64860118143403, 35.0733331219376], [136.64845013357476, 35.07296187440673], [136.64821184251252, 35.07299702235313], [136.64775234487067, 35.073148215538026], [136.64744073760087, 35.07327171505282], [136.6470322812341, 35.073465240822046], [136.64644052217034, 35.07370981581472], [136.64613320725402, 35.07385695361821], [136.64623311353728, 35.07401191939873], [136.6463660625139, 35.07418030089254], [136.64649932282873, 35.0743824846188], [136.64662373104508, 35.07451027614845], [136.6467897368228, 35.074698833099], [136.64690592254556, 35.07482666824015], [136.64712996436947, 35.07506900214713], [136.64739539109516, 35.07534492001726], [136.64758595229145, 35.075512922799454], [136.64776808887848, 35.0756607582949], [136.64799176011633, 35.07585569726759], [136.64835964574027, 35.0755628755212], [136.64871978876823, 35.0753309407382], [136.64939668856363, 35.07510083090972]]]}}, {"type": "Feature", "properties": {"rowId": 264, "city_name": "桑名市", "town_name": "藤が丘四丁目", "households": 109, "population": 301, "e_stat_code": "24205160004"}, "geometry": {"type": "Polygon", "coordinates": [[[136.65222040126963, 35.07482531600648], [136.65164508182644, 35.07437860383732], [136.65135072884252, 35.07460336192599], [136.65096501246381, 35.0747204372393], [136.64962649452016, 35.07503199203565], [136.64939668856363, 35.07510083090972], [136.64871978876823, 35.0753309407382], [136.64835964574027, 35.0755628755212], [136.64799176011633, 35.07585569726759], [136.6484513160252, 35.07624050799228], [136.64893149735093, 35.076611474345434], [136.64920473070023, 35.076833259630924], [136.64948236201013, 35.07708544496133], [136.64983857323415, 35.077394604591184], [136.65004571187387, 35.07758286713832], [136.65220096973204, 35.077033601648154], [136.65365829473424, 35.07666391127653], [136.65346425607356, 35.076056272160564], [136.65329711107614, 35.075732513142135], [136.65314731932455, 35.07551690338778], [136.6528244254037, 35.07526158950705], [136.6524188179494, 35.074945943430265], [136.65222040126963, 35.07482531600648]]]}}, {"type": "Feature", "properties": {"rowId": 120, "city_name": "桑名市", "town_name": "蛎塚新田", "households": 106, "population": 286, "e_stat_code": "242050930"}, "geometry": {"type": "Polygon", "coordinates": [[[136.66424488141288, 35.091096003911225], [136.66429739272579, 35.09105761710691], [136.66462790395278, 35.091093906622156], [136.66465156013413, 35.090751723116156], [136.66512463072277, 35.09086040296872], [136.66533946346158, 35.09047385997307], [136.6659751521597, 35.090681999200115], [136.66629918998814, 35.08994378687105], [136.6685727693985, 35.09074236537645], [136.66951089061462, 35.091087979914256], [136.66966940994433, 35.09085322358214], [136.66988958241052, 35.0905721403498], [136.6701778662035, 35.090662593304415], [136.67028327694956, 35.09059729061439], [136.67040149830612, 35.09054255121698], [136.67050940685928, 35.09050512333767], [136.67067397023783, 35.090449281951024], [136.6720056116228, 35.09005662021404], [136.67210046940758, 35.08962446086417], [136.67228526317746, 35.08964329797434], [136.6725764463461, 35.089658727858904], [136.6727602580996, 35.0896725684185], [136.67281161159852, 35.08967643942616], [136.67302260180125, 35.08962998610838], [136.67308802833097, 35.08961546795791], [136.6732414229954, 35.08953553075468], [136.67337487137058, 35.0894626755141], [136.6734275796474, 35.08942301562305], [136.6735924017341, 35.08925308146435], [136.6722433994921, 35.088697793513674], [136.67222138233623, 35.087998948382925], [136.67220527253437, 35.087701069846965], [136.6720917767998, 35.08680159809488], [136.671603443468, 35.086820357863026], [136.67152820700994, 35.0871740959977], [136.6714813387789, 35.08741929317495], [136.6715027664405, 35.08751938925434], [136.67157096376997, 35.087623593409525], [136.6715145569896, 35.08789694235552], [136.67139883705812, 35.08807822251832], [136.6711860311426, 35.088289758890234], [136.67065824871597, 35.08815337637642], [136.6704885381007, 35.08812945417176], [136.6704347818563, 35.08821933165626], [136.67036915030548, 35.08833406428713], [136.6702409109129, 35.08845174896075], [136.6700066156819, 35.088676219317954], [136.66953183712127, 35.08856235638201], [136.66948890379803, 35.08868710450138], [136.6693469774885, 35.08865577365595], [136.66931807099544, 35.088704103737534], [136.66923153433476, 35.088683030978146], [136.66921426560188, 35.088719183769], [136.66898566168004, 35.08866516066971], [136.66897996888775, 35.08868681250345], [136.66795413688314, 35.088440201759695], [136.66797397390818, 35.08837755522838], [136.66803511403154, 35.08817911277994], [136.66807407516825, 35.08809741664584], [136.66812591964617, 35.08797776150295], [136.66817059006473, 35.087787508523384], [136.66807783672095, 35.08774999026472], [136.66814960298598, 35.08764106977416], [136.6681747519703, 35.087488954282904], [136.66819343340464, 35.08734764996145], [136.66832943691992, 35.08702118567184], [136.66753439237831, 35.0867053386588], [136.66791597577907, 35.08612512086502], [136.66801961681665, 35.08587475373885], [136.66803095180106, 35.085646725285756], [136.66810886823677, 35.08548347391364], [136.668272275513, 35.08527622914711], [136.66805950547774, 35.08509830996696], [136.6679593192688, 35.084957730395836], [136.66777187668205, 35.08464938459281], [136.66759213556892, 35.08447121239791], [136.66781088036413, 35.084168731518275], [136.6676960878228, 35.083859915333576], [136.6675138257438, 35.08337238001236], [136.6674667671119, 35.083269466265385], [136.66725980461965, 35.0829937643567], [136.66717330378395, 35.082912898528576], [136.66701853348744, 35.082965300339474], [136.66689674495134, 35.083012098546625], [136.66678438742753, 35.08300179949161], [136.6666192583166, 35.08299728445685], [136.66650052539202, 35.08301427517063], [136.6663022827132, 35.08299902513378], [136.66615725114195, 35.08302700478907], [136.666012176733, 35.083054914631404], [136.66598486434353, 35.082941116911165], [136.6660039046727, 35.08284868528602], [136.66603609051933, 35.08274540649377], [136.66608864024246, 35.082712511326555], [136.6661808986458, 35.08268482089723], [136.66637197200015, 35.08263496740084], [136.6665035009936, 35.082569102583435], [136.6665828748711, 35.082579511543585], [136.66673494250674, 35.082605789830296], [136.66687355167943, 35.08259425324431], [136.6669725866353, 35.08259370901613], [136.66711190225615, 35.08267435456343], [136.66723125544064, 35.08273334838525], [136.66734325867432, 35.08270019676932], [136.66752684659517, 35.08253636458782], [136.66766426332612, 35.082383561163105], [136.66774930811812, 35.08228548370309], [136.66787432609607, 35.08223042769541], [136.6681115670486, 35.082169401514165], [136.66847073077494, 35.082482294347464], [136.66924899218776, 35.08195960692181], [136.66896211912533, 35.08160286625708], [136.66861831968325, 35.081151505090766], [136.66744774249275, 35.08174423697337], [136.6670729085406, 35.08193623345686], [136.66667793104625, 35.08209038147381], [136.66606200108143, 35.08227574152831], [136.66556955088294, 35.082390911335445], [136.665282257847, 35.082502701643335], [136.66485021402772, 35.08271937245103], [136.66468269566388, 35.08280043421244], [136.66454199144516, 35.082881277944374], [136.66443161131048, 35.082945968479315], [136.66437596427375, 35.08299831772895], [136.66424056763154, 35.083279420129806], [136.6641126594937, 35.08343836504321], [136.66395053714578, 35.08357742643822], [136.6637613761267, 35.08369459193479], [136.66350284345145, 35.08382009389235], [136.66342749349016, 35.08384656305708], [136.6633617798622, 35.08385692261053], [136.66321554040084, 35.083857721866046], [136.66308630159918, 35.08385237151218], [136.66291549111259, 35.08382330361537], [136.66270785566002, 35.083764435531556], [136.6624036660016, 35.083673910467574], [136.66228881931386, 35.08363650721991], [136.6622351023865, 35.083620744004605], [136.6621839470031, 35.08362510723121], [136.6621573920737, 35.083657225607595], [136.6621505037178, 35.08371134957043], [136.662138743229, 35.08376148589095], [136.66214301273354, 35.083987737480285], [136.66213185712056, 35.084117943687914], [136.662086265449, 35.08420636503169], [136.66202569155067, 35.08424866820726], [136.6619794032494, 35.084250893149814], [136.66192813432832, 35.0842411718951], [136.66186942729277, 35.08421754814077], [136.66183520007192, 35.08420167735781], [136.6618059456194, 35.084201836890955], [136.66163340205273, 35.08426080785255], [136.66103760738665, 35.08444462468512], [136.66075382655256, 35.08446793082871], [136.66057558838972, 35.084479676136766], [136.66051976370775, 35.08448378292804], [136.6604173339166, 35.084440536035665], [136.66030303367188, 35.08436481785483], [136.66022135511767, 35.08430807659554], [136.6601608898279, 35.08428939132591], [136.66011909622472, 35.08428574528608], [136.6599700192328, 35.08431204935356], [136.65975272868332, 35.08439464206117], [136.6595353944623, 35.084466389828776], [136.65941045347967, 35.084532211651414], [136.65920748907786, 35.08475043557518], [136.65907664841205, 35.084903123093696], [136.65891933450297, 35.08505060307895], [136.65876735078797, 35.085040582591056], [136.65852223038007, 35.084944163724046], [136.65805890108487, 35.084810969304584], [136.6575943083985, 35.08473926095901], [136.65801756908274, 35.085009299496875], [136.6589541295312, 35.08573360604446], [136.65972384149904, 35.086456983341336], [136.65994954832286, 35.086689848303116], [136.6608546658206, 35.08755882702377], [136.66139958633042, 35.087973901254685], [136.66195390620166, 35.08833180699823], [136.66149953932708, 35.09094536143734], [136.66287941325308, 35.09089437916366], [136.66310116476257, 35.08973150781957], [136.66358616926195, 35.089272925344225], [136.66366445225725, 35.0891530564913], [136.66378284264755, 35.08909268858481], [136.66471988429956, 35.08940503566112], [136.66429760506796, 35.09027047631532], [136.6644035952776, 35.09030799538778], [136.66431291236918, 35.09052561253389], [136.66422768127785, 35.09060748979411], [136.6641222610746, 35.09063518040653], [136.6639904099158, 35.0906630865332], [136.6637346692006, 35.09089245066469], [136.663649787471, 35.091012355637375], [136.66365123872708, 35.09119143834398], [136.66369886928234, 35.09136491617663], [136.66377266818367, 35.091505644091185], [136.66416950229802, 35.09157403846211], [136.6642404869005, 35.09137279853428], [136.66426599175227, 35.09125864038932], [136.66424488141288, 35.091096003911225]]]}}, {"type": "Feature", "properties": {"rowId": 106, "city_name": "桑名市", "town_name": "西方", "households": 373, "population": 1132, "e_stat_code": "242050860"}, "geometry": {"type": "MultiPolygon", "coordinates": [[[[136.66667237824512, 35.07349699627194], [136.6674436551288, 35.073372259867426], [136.66803664491576, 35.07330815016122], [136.66865000130167, 35.073262236481035], [136.6695637595162, 35.07319374552749], [136.66957604596013, 35.073192832646505], [136.67095233795416, 35.07311403254843], [136.6715938607746, 35.073077033151975], [136.67136958342147, 35.07293960662368], [136.67110814392407, 35.072782947235794], [136.67086909144805, 35.072598276242275], [136.67038586736285, 35.07229410277782], [136.67022649904092, 35.07217413370532], [136.6700049033002, 35.07204978888447], [136.66997132504613, 35.072091806281826], [136.66970799501735, 35.072049103412205], [136.66941472643342, 35.07215297809777], [136.66899727119866, 35.07228084792998], [136.66892394752236, 35.072317802754206], [136.66887393601058, 35.07235117878346], [136.66863168424848, 35.07252935133861], [136.66857311029833, 35.07245833265231], [136.6683686897461, 35.07218670197719], [136.66819412671921, 35.071862790772364], [136.668052775582, 35.07158855814432], [136.6679261232769, 35.071314948701286], [136.6679648624183, 35.0712124081447], [136.66837002563742, 35.0709591111655], [136.66855549015386, 35.070818577309616], [136.6687350773324, 35.07064553907351], [136.66886977278014, 35.0705192286398], [136.66903326803492, 35.07045797313122], [136.6691462998778, 35.07044805393256], [136.66923099079966, 35.070428924325704], [136.66921235249478, 35.07038099704505], [136.6692155367998, 35.07036168351273], [136.66924217713296, 35.07034090147671], [136.66943311270697, 35.07024653565646], [136.66961337634598, 35.07016180514799], [136.67040471331848, 35.07010630836185], [136.67038134045822, 35.07001340566173], [136.67062048921267, 35.06986560010019], [136.67085117534785, 35.069720164977866], [136.67119481594884, 35.06955558305398], [136.6712054521291, 35.069426786956384], [136.67116905041254, 35.06867498779018], [136.67083945530206, 35.068718571918126], [136.67032742190324, 35.068800628992854], [136.670305959113, 35.06865884069087], [136.67036139659052, 35.06860853263501], [136.67036019977974, 35.06846240690224], [136.67029588307082, 35.068045422174], [136.67029117055327, 35.06801403854338], [136.67024755516508, 35.067724268818075], [136.66937971825234, 35.067749973859904], [136.66939428132113, 35.06766643964292], [136.6694576710389, 35.067363190546274], [136.66940872780765, 35.067259442376105], [136.6694129969602, 35.06716342922404], [136.66976319344718, 35.06715727253184], [136.67003718841602, 35.06713906910342], [136.67026581892466, 35.06716703391249], [136.6704232044033, 35.06716616477269], [136.67070472868062, 35.06714172083104], [136.6709684259799, 35.06711103705545], [136.67095714708805, 35.066973348181165], [136.67134247812095, 35.066916990256246], [136.671600848529, 35.066852882032336], [136.67157928195067, 35.06669855880222], [136.6713613747809, 35.066745752412984], [136.67134490629425, 35.06659140093953], [136.6715883708936, 35.066569208325305], [136.6716380908132, 35.06644371660531], [136.67146797957108, 35.0664383898612], [136.67143609201943, 35.06626327781112], [136.67142763166655, 35.06616106769997], [136.67142942863057, 35.066067109930174], [136.67145372214776, 35.06593767479802], [136.6714831105788, 35.065808141600556], [136.67144609988227, 35.065624606842874], [136.6713838251808, 35.065462268401646], [136.67124921166175, 35.06513736645731], [136.671832196834, 35.06504653231469], [136.6717782115944, 35.064814075600886], [136.67172493111696, 35.06458379813578], [136.67191173543335, 35.06456741214124], [136.6718532796304, 35.064275681562854], [136.67099679307134, 35.0644168331474], [136.6709391492873, 35.06422883403898], [136.67052850108064, 35.06430413402918], [136.6705336420664, 35.06436178393001], [136.66985675807783, 35.064465384552335], [136.66982827998038, 35.0644079332705], [136.66952946363608, 35.06444803449593], [136.66926806411755, 35.064491731116874], [136.66924885687956, 35.06442648235315], [136.66909486538287, 35.064454303562925], [136.6690490263692, 35.064279619818684], [136.6687934270896, 35.064330889378496], [136.6686562441321, 35.06431910939299], [136.6683880798072, 35.06442073096264], [136.66815510121165, 35.064488847671655], [136.66833007010314, 35.0647800080066], [136.66814228404252, 35.06478104173338], [136.66802489409605, 35.06470238892956], [136.66793143944136, 35.064759243405156], [136.66802955152065, 35.06496321853366], [136.66791332128543, 35.065026466179006], [136.66799632207838, 35.06524721525814], [136.66779407024939, 35.06534431770421], [136.66777526883905, 35.06552801982147], [136.66738863012904, 35.065523314877446], [136.66736195684277, 35.06561360587184], [136.66673256902718, 35.06589270892664], [136.66657919947428, 35.066070882048805], [136.6647939508792, 35.06711698061013], [136.66482599783157, 35.067282092652], [136.6648147296764, 35.067439484410684], [136.66475547173675, 35.06771066450527], [136.6646270257651, 35.06805821280995], [136.66449902892253, 35.06828730212455], [136.66432282475378, 35.068602856200854], [136.66387548564165, 35.06923215875652], [136.6635378406713, 35.06976296951229], [136.66343081630987, 35.069874544691224], [136.66511490724963, 35.073856681276744], [136.66667237824512, 35.07349699627194]]], [[[136.66343598887426, 35.07427933662724], [136.6618622967032, 35.07464956207323], [136.66012434168496, 35.07508495897577], [136.65879040627541, 35.075403419383726], [136.65813574139256, 35.07557219205065], [136.65788128469012, 35.07563780047225], [136.65732308954463, 35.07578167764245], [136.6567633927324, 35.075925911906914], [136.6564518292841, 35.076006264235], [136.65534611072027, 35.0762752822325], [136.65475578626248, 35.07639854556069], [136.65500506559505, 35.07660615109694], [136.6552842192638, 35.076832608989726], [136.65543592898925, 35.07681559198589], [136.65544413177753, 35.077016399768524], [136.65550544845397, 35.07724945748893], [136.6556664887349, 35.07756881094338], [136.65544916906683, 35.07764604474107], [136.65531125965046, 35.077739046367476], [136.65508200475082, 35.07797374479782], [136.6549716939692, 35.07821315229193], [136.65481909410616, 35.07853694488991], [136.65509760297235, 35.078682065909916], [136.65511778287325, 35.07873076201098], [136.65492671170992, 35.07878066881782], [136.65521160310067, 35.07890399322869], [136.65528511449907, 35.07901212161948], [136.65522670557698, 35.079137371144434], [136.6551279370066, 35.079175863183885], [136.65498234295313, 35.07913319778417], [136.6548110174431, 35.079177574498374], [136.65497423662816, 35.079571496441055], [136.65500625340874, 35.0796487905165], [136.65489442073147, 35.079703692610636], [136.65428192709848, 35.07990242689107], [136.65369579418422, 35.08010362227378], [136.65367934643373, 35.08010927504003], [136.65362024049426, 35.0801529753598], [136.65360105867555, 35.080229067302], [136.65379693792062, 35.080781763428476], [136.65370266804683, 35.08137940448994], [136.65347270432454, 35.08152170541847], [136.65417492199995, 35.08221554962458], [136.6548931879287, 35.08285211910002], [136.6557638373444, 35.08354772124626], [136.65604420808378, 35.083510921717796], [136.65636726266754, 35.08344410191334], [136.6566306441108, 35.08335034927678], [136.6571506766711, 35.083141258270985], [136.65753196365097, 35.082927424063975], [136.65844384406338, 35.08258331075309], [136.6596421133519, 35.082137066182064], [136.66051753794224, 35.08177940520759], [136.66114841512106, 35.08140137946921], [136.6614507916265, 35.08123155749693], [136.66202697546828, 35.081030239892634], [136.66263954248436, 35.080836890209895], [136.66304780054026, 35.08068810548262], [136.6634687692373, 35.08048495276711], [136.66399452172377, 35.080172630543736], [136.66508073381942, 35.079349682395204], [136.66544170960702, 35.07908177885478], [136.6663478037963, 35.07844164360339], [136.66673599268412, 35.07827126684086], [136.666953126078, 35.07817232316125], [136.66642477163003, 35.0769457426526], [136.665626956917, 35.07505828700548], [136.6653645669235, 35.074462589967986], [136.66511490724963, 35.073856681276744], [136.66343598887426, 35.07427933662724]]]]}}, {"type": "Feature", "properties": {"rowId": 118, "city_name": "桑名市", "town_name": "西汰上", "households": 87, "population": 213, "e_stat_code": "242050910"}, "geometry": {"type": "Polygon", "coordinates": [[[136.66921426560188, 35.088719183769], [136.66923153433476, 35.088683030978146], [136.66931807099544, 35.088704103737534], [136.6693469774885, 35.08865577365595], [136.66948890379803, 35.08868710450138], [136.66953183712127, 35.08856235638201], [136.6700066156819, 35.088676219317954], [136.6702409109129, 35.08845174896075], [136.67036915030548, 35.08833406428713], [136.6704347818563, 35.08821933165626], [136.6704885381007, 35.08812945417176], [136.67065824871597, 35.08815337637642], [136.6711860311426, 35.088289758890234], [136.67139883705812, 35.08807822251832], [136.6715145569896, 35.08789694235552], [136.67157096376997, 35.087623593409525], [136.6715027664405, 35.08751938925434], [136.6714813387789, 35.08741929317495], [136.67152820700994, 35.0871740959977], [136.671603443468, 35.086820357863026], [136.6720917767998, 35.08680159809488], [136.67336473029948, 35.08675017568672], [136.67334300617654, 35.08631732440219], [136.67379098848966, 35.08631990938132], [136.67389902004248, 35.08620979844372], [136.673891874411, 35.08607546793522], [136.67387885046128, 35.08596617034704], [136.673757140378, 35.08588712435011], [136.67381644115312, 35.085737635251206], [136.67383394700207, 35.08565781763183], [136.6738154584169, 35.0856182000515], [136.67370619873267, 35.08557894649243], [136.67370538011508, 35.08547944007841], [136.67379483789497, 35.085319712856794], [136.67382459094856, 35.08525482721532], [136.67382369049827, 35.0851453918883], [136.67384046031364, 35.08497613814586], [136.6738939620042, 35.08486140121728], [136.67395979549812, 35.08476652495636], [136.67376617381754, 35.08477753017609], [136.67352137244373, 35.08486248241334], [136.67324094554954, 35.08494960417912], [136.67319502402592, 35.08451702777944], [136.673142079009, 35.083964978055945], [136.67319121311388, 35.083683569253154], [136.67323038794015, 35.0832952401596], [136.67315985428255, 35.082812939243134], [136.6732804047996, 35.08272543678324], [136.6733096335365, 35.08262801727398], [136.6733854896973, 35.08191355847442], [136.6718172808316, 35.080379799346645], [136.6705446055412, 35.08129510812444], [136.67026796198587, 35.08151354522901], [136.67001567471257, 35.081719663715674], [136.66962241586486, 35.08201501388959], [136.66953920913647, 35.082290482467556], [136.66928328157516, 35.0835506693431], [136.6692044652452, 35.08406506527697], [136.66916716101917, 35.084286123611264], [136.66904187379666, 35.08448139904288], [136.66889078356357, 35.08464385713628], [136.66875186651845, 35.08480688178409], [136.66857471239058, 35.08499835732669], [136.66841705272216, 35.085148597074095], [136.668272275513, 35.08527622914711], [136.66810886823677, 35.08548347391364], [136.66803095180106, 35.085646725285756], [136.66801961681665, 35.08587475373885], [136.66791597577907, 35.08612512086502], [136.66753439237831, 35.0867053386588], [136.66832943691992, 35.08702118567184], [136.66819343340464, 35.08734764996145], [136.6681747519703, 35.087488954282904], [136.66814960298598, 35.08764106977416], [136.66807783672095, 35.08774999026472], [136.66817059006473, 35.087787508523384], [136.66812591964617, 35.08797776150295], [136.66807407516825, 35.08809741664584], [136.66803511403154, 35.08817911277994], [136.66797397390818, 35.08837755522838], [136.66795413688314, 35.088440201759695], [136.66897996888775, 35.08868681250345], [136.66898566168004, 35.08866516066971], [136.66921426560188, 35.088719183769]]]}}, {"type": "Feature", "properties": {"rowId": 149, "city_name": "桑名市", "town_name": "西金井", "households": 45, "population": 176, "e_stat_code": "242051090"}, "geometry": {"type": "Polygon", "coordinates": [[[136.66641429387812, 35.05350493243046], [136.6664593401471, 35.05278979433526], [136.66674666365384, 35.05286808107747], [136.66772637531912, 35.0533684263077], [136.66835545258982, 35.05311594199692], [136.6681321848236, 35.05238706713035], [136.66806548627886, 35.05214791545515], [136.66802284286484, 35.05202265183379], [136.66796723850607, 35.05172068974275], [136.66784933165982, 35.05143998766909], [136.66763190883873, 35.05085939502455], [136.66749963583817, 35.050517923643426], [136.66761207936725, 35.05041279340683], [136.66753526820517, 35.05006721370289], [136.66683531050393, 35.04993196677995], [136.66679330651934, 35.04990064657916], [136.6667724787742, 35.0498669565189], [136.66676390037333, 35.04982312834247], [136.66677168118818, 35.04976906962073], [136.6668039037891, 35.04968776227709], [136.6669619810209, 35.04941321999571], [136.6668914975205, 35.04933923729539], [136.66675091704752, 35.04923866564529], [136.66659841866888, 35.04918886633334], [136.66629331851786, 35.04915004514829], [136.66613125445963, 35.04912431289843], [136.66584901394737, 35.04909543613925], [136.665570799554, 35.04899815377251], [136.66542447240096, 35.048917190414734], [136.66528957684395, 35.04881524836747], [136.66499225051757, 35.04864200944869], [136.6648202072336, 35.04852125522305], [136.664414222996, 35.04805958078002], [136.66405411104063, 35.04757286485559], [136.66384847823144, 35.047570327011364], [136.6634086524475, 35.04749659854932], [136.663038210749, 35.047430237247504], [136.66263470262143, 35.04727271340454], [136.6622678838059, 35.04707702814315], [136.66196864060305, 35.04695125857881], [136.66177875663095, 35.046910459499585], [136.6615986744364, 35.04693806176629], [136.66141907111822, 35.04703031153247], [136.66121222770622, 35.04717975421564], [136.66115463352293, 35.047205984351486], [136.66113747427775, 35.04719671053927], [136.66113155466164, 35.04716871326617], [136.66113296220223, 35.04699313453018], [136.66112728259523, 35.04696337475353], [136.66111259883948, 35.04693704496237], [136.66099171218679, 35.04678170944063], [136.6607729156954, 35.046596552775156], [136.66070692090483, 35.04644105981102], [136.66072369869835, 35.04622793036295], [136.66084226547235, 35.04602206403285], [136.66091052156162, 35.04588471447225], [136.66092811561836, 35.04577820529361], [136.6608860447819, 35.04543053038387], [136.66086762747915, 35.04526027094405], [136.66085606026638, 35.04515314514082], [136.66088726009838, 35.045008462107994], [136.66095017109438, 35.04478754270078], [136.66103664222425, 35.04461600426938], [136.6611287926792, 35.04429421183796], [136.66119063472345, 35.04393638510407], [136.661184657974, 35.04376915216116], [136.6610635539427, 35.04365578917817], [136.66089564740838, 35.043477885996886], [136.66084359662977, 35.04332611576408], [136.6608215740928, 35.04317601392435], [136.66077697812204, 35.04280749673004], [136.66076659175695, 35.04266683932224], [136.66080091060232, 35.04263277658256], [136.66088581561047, 35.04254829499581], [136.66113399698557, 35.04236066547], [136.6611438850083, 35.04235483609949], [136.6611945931293, 35.042324980819124], [136.66121402053707, 35.04230769086035], [136.66122049531035, 35.042277301921146], [136.66122935127606, 35.0421282284725], [136.66123578167566, 35.04209227544736], [136.66122877057123, 35.04205646648102], [136.66120276513232, 35.04202259079596], [136.66108471492257, 35.041984497904465], [136.66090389147132, 35.04192463118444], [136.660771308376, 35.04182076597079], [136.6607658285719, 35.04181537281241], [136.6606641004846, 35.04171486173669], [136.66064491058006, 35.041623762150365], [136.66066237910556, 35.041501968282496], [136.66059272707844, 35.04146051307136], [136.66051822335183, 35.04139626448513], [136.660482800635, 35.041590414651964], [136.6603294434006, 35.04206269027357], [136.65997690370364, 35.043064677729795], [136.65948236145888, 35.044510354093845], [136.659290575074, 35.04509889387932], [136.6591726270475, 35.04537708036308], [136.65900372086713, 35.04564413210703], [136.65860802986538, 35.04616439423888], [136.65859775743223, 35.04622846645477], [136.65860807859443, 35.046271512009646], [136.6586284038092, 35.04631238964481], [136.659163109662, 35.046879810221], [136.65910095960245, 35.04694099428836], [136.65900471645662, 35.047011728771245], [136.65889724128684, 35.04706484810979], [136.6586778634998, 35.04709462620137], [136.6584792468403, 35.047118447512865], [136.65828124589177, 35.04721846515414], [136.6579313767317, 35.04741043509965], [136.65769680628793, 35.04756382188532], [136.6575410614857, 35.047743263349176], [136.6574682352081, 35.04788817047907], [136.65742834035746, 35.04809755178892], [136.65735324614676, 35.04824810585466], [136.65691999526996, 35.0484177760886], [136.65719147946123, 35.04883457350344], [136.65676303198498, 35.04902703674264], [136.6578357106699, 35.05074746225013], [136.65815681599892, 35.051295119443154], [136.65836093352775, 35.0513738778115], [136.65844924303542, 35.05143424780681], [136.65852056995934, 35.05167725389939], [136.6592394009617, 35.051369119065185], [136.65944898858544, 35.051558131958636], [136.6596443350813, 35.05170158637802], [136.65966828420898, 35.05180406672865], [136.6604266788545, 35.05181522873281], [136.6611668187711, 35.0518567684311], [136.6616922621765, 35.05193567201908], [136.66235901963387, 35.05205753735103], [136.662914508009, 35.05213429933785], [136.66312244184576, 35.05211802298333], [136.6633602312086, 35.052076793382604], [136.66349011395522, 35.05212545256834], [136.663767659072, 35.05213921884154], [136.66396153381467, 35.052100130040294], [136.66492341998082, 35.05211761616061], [136.66487954605586, 35.05269393952959], [136.66483994305895, 35.05351165782367], [136.66385327462788, 35.05528691957039], [136.66544059378137, 35.0558864998073], [136.6660409198914, 35.054497445181404], [136.66641429387812, 35.05350493243046]]]}}, {"type": "Feature", "properties": {"rowId": 321, "city_name": "桑名市", "town_name": "長島町上坂手", "households": 11, "population": 45, "e_stat_code": "242052040"}, "geometry": {"type": "Polygon", "coordinates": [[[136.66996244638963, 35.12185151143529], [136.68349051026857, 35.11903577659182], [136.68241027755292, 35.11546888311766], [136.6671861495701, 35.11863588188825], [136.66730225541212, 35.11886320849035], [136.66745244240911, 35.11912309366459], [136.66765897207432, 35.11937104851322], [136.66810683552947, 35.11981472100237], [136.66853720661342, 35.120272995750334], [136.66934128820432, 35.121160768229515], [136.6698819720721, 35.12174293839347], [136.6699424689671, 35.12182457881206], [136.66996244638963, 35.12185151143529]]]}}, {"type": "Feature", "properties": {"rowId": 320, "city_name": "桑名市", "town_name": "長島町下坂手", "households": 60, "population": 188, "e_stat_code": "242052030"}, "geometry": {"type": "Polygon", "coordinates": [[[136.6828433694666, 35.1077638894466], [136.6786810376697, 35.10691271316659], [136.667151860158, 35.10900453272873], [136.66687565196332, 35.109678252815016], [136.66670860387555, 35.110091927842156], [136.66664563415807, 35.11025777122199], [136.66659498693852, 35.11048953493325], [136.66653944458653, 35.11090963899969], [136.66641407353123, 35.11204282273724], [136.66640194667627, 35.112190147035726], [136.6662877067616, 35.11263790018566], [136.66620757747347, 35.11293849038723], [136.66607462898858, 35.11333092156662], [136.665982793478, 35.11363594229362], [136.66591452743532, 35.11384111127672], [136.66588654334475, 35.11392514060537], [136.66583136150706, 35.11412699923489], [136.66580940731072, 35.11446248074056], [136.66582644840184, 35.11484000323527], [136.66589342980438, 35.11569339174392], [136.665986191092, 35.11614444318157], [136.6660734636798, 35.11646840899423], [136.66622491478628, 35.11688470212939], [136.66646133094255, 35.11734109454992], [136.66665494132621, 35.117739831475305], [136.66710161774307, 35.118470285364815], [136.6671861495701, 35.11863588188825], [136.68241027755292, 35.11546888311766], [136.68342732931242, 35.115259984028256], [136.68204609553587, 35.110613082152895], [136.68646340603618, 35.109717046178005], [136.68632545808126, 35.109091332437934], [136.6863865261263, 35.10892844935342], [136.686449705955, 35.10839357309117], [136.6854080836216, 35.10829254788926], [136.68495449805803, 35.10819242674901], [136.6828433694666, 35.1077638894466]]]}}, {"type": "Feature", "properties": {"rowId": 312, "city_name": "桑名市", "town_name": "長島町中川", "households": 40, "population": 124, "e_stat_code": "242051950"}, "geometry": {"type": "Polygon", "coordinates": [[[136.69511327446, 35.11552287594896], [136.69542477126888, 35.1150173530711], [136.696225461756, 35.11363204138197], [136.69646888438834, 35.11373036722457], [136.69717469279544, 35.11282637591375], [136.69744037117, 35.11247780414865], [136.69772712259555, 35.11187657084388], [136.69705504292702, 35.1115999270127], [136.69631779224716, 35.11131294631496], [136.69332356650392, 35.110375032321166], [136.69331716365832, 35.1105399324289], [136.69326001253154, 35.11056166737601], [136.6928277450814, 35.110598428866176], [136.69221955061556, 35.1107085153607], [136.6917253799841, 35.1107370335246], [136.6910541466854, 35.110745146149824], [136.6907263449532, 35.11075123500723], [136.69040618362274, 35.11073812308264], [136.68897779445552, 35.11044255710474], [136.68853748868497, 35.11037455703281], [136.68807805573644, 35.11019750620884], [136.68791121819453, 35.11016422481055], [136.68766199187812, 35.11022979069284], [136.6865803740689, 35.110635772083036], [136.68646743025104, 35.1112969178101], [136.68635225546404, 35.11185567777453], [136.6863278772644, 35.112224485377396], [136.6863629822637, 35.112455982037694], [136.68641014997888, 35.112638677199875], [136.68662005359585, 35.113167502092864], [136.68693401140803, 35.11385046114693], [136.68724618687403, 35.114545048693216], [136.68731136561453, 35.11465728807949], [136.68746688481772, 35.11481134138685], [136.6877036878401, 35.11495430070309], [136.68872788075186, 35.11550111913892], [136.6892357810125, 35.11578690763453], [136.68973062576492, 35.116303336888144], [136.6907228309606, 35.117373079291205], [136.6913594782862, 35.117175864351864], [136.6944330605695, 35.11668629140002], [136.69511327446, 35.11552287594896]]]}}, {"type": "Feature", "properties": {"rowId": 309, "city_name": "桑名市", "town_name": "長島町出口", "households": 518, "population": 1228, "e_stat_code": "242051920"}, "geometry": {"type": "Polygon", "coordinates": [[[136.69996094263732, 35.103598268527314], [136.70009077312193, 35.103382584340956], [136.70204587313938, 35.104180981000574], [136.7025782805868, 35.10322336697142], [136.70340306339475, 35.101868836186206], [136.7030466877398, 35.10165673687384], [136.70275604696906, 35.10151517464971], [136.7023300530248, 35.101308475467526], [136.70126513935625, 35.10080658228122], [136.70049708500807, 35.10046607153994], [136.69978691445002, 35.100165083646814], [136.6996895560447, 35.100118318903924], [136.69929537620675, 35.10044440087562], [136.69917614914607, 35.100496144209984], [136.6990247385661, 35.100511945825744], [136.69885184539723, 35.100490474224316], [136.69716064366716, 35.10016919269975], [136.6950714645224, 35.0997613659024], [136.69406215903277, 35.099554174077014], [136.69303475761959, 35.09935961325223], [136.69234254736898, 35.10366783804393], [136.69577405235867, 35.10402535436244], [136.6959290003347, 35.10405700289657], [136.69714094715587, 35.104541617301194], [136.69896566140227, 35.10528503478987], [136.69953122061676, 35.10433097740844], [136.69996094263732, 35.103598268527314]]]}}, {"type": "Feature", "properties": {"rowId": 315, "city_name": "桑名市", "town_name": "長島町十日外面", "households": 41, "population": 124, "e_stat_code": "242051980"}, "geometry": {"type": "Polygon", "coordinates": [[[136.69717716525162, 35.08920345140229], [136.69841453673638, 35.08680738202472], [136.69850423263503, 35.086675945361684], [136.6987414695099, 35.08636464067252], [136.699289590584, 35.08562350422662], [136.69957667226367, 35.08526064197424], [136.69973196279827, 35.08500079572532], [136.70008517633826, 35.084136759573745], [136.70060092798778, 35.08289008111342], [136.70071584196003, 35.08275307559003], [136.70102833458037, 35.08245830477684], [136.70115100290252, 35.082266816122036], [136.70124026879674, 35.082041362953454], [136.7012467688001, 35.08183012095254], [136.70121151327348, 35.081584963879195], [136.7012466320483, 35.081329188919526], [136.70136126623504, 35.08116500029259], [136.69629712338576, 35.079371047226985], [136.69598352723145, 35.080131040890215], [136.69523531117136, 35.08194447515541], [136.69534385510553, 35.08309882211466], [136.6953133752191, 35.08353478663395], [136.69524526791704, 35.08367130756216], [136.69520908528006, 35.083743770761565], [136.6951200445892, 35.08392231487827], [136.69495113583295, 35.08416927625821], [136.69484984401416, 35.08431746674626], [136.69478584979595, 35.084514952362056], [136.69472035652464, 35.084717235409606], [136.6946848901871, 35.08531816327763], [136.69466990207061, 35.086742099919675], [136.69279189104395, 35.08823859026343], [136.6925478113089, 35.0884330890084], [136.69396961977327, 35.08919267273733], [136.69410216016865, 35.08919191502277], [136.69425144094882, 35.089134580513594], [136.69442011829938, 35.089050866306835], [136.69476293970877, 35.08880579795788], [136.69517468471608, 35.08858040450794], [136.69531148279754, 35.088501026077196], [136.6956212372346, 35.088267130298625], [136.69584585777284, 35.088122598227066], [136.69591789391006, 35.08811528416871], [136.69713353313423, 35.08916574318047], [136.69717716525162, 35.08920345140229]]]}}, {"type": "Feature", "properties": {"rowId": 319, "city_name": "桑名市", "town_name": "長島町千倉", "households": 58, "population": 174, "e_stat_code": "242052020"}, "geometry": {"type": "Polygon", "coordinates": [[[136.667151860158, 35.10900453272873], [136.6786810376697, 35.10691271316659], [136.6828433694666, 35.1077638894466], [136.6837855569269, 35.10466985591446], [136.68445623068493, 35.10247208003796], [136.6848905003557, 35.1010549440057], [136.68569076979412, 35.0988636759252], [136.6855742433461, 35.09869630077386], [136.68511194094376, 35.09820361362362], [136.68479589131147, 35.0978826403162], [136.68328469665533, 35.09672302415597], [136.6796948335518, 35.09352920676749], [136.67897599401886, 35.09382971810708], [136.67798265196515, 35.09438803453097], [136.6766018947945, 35.095322950532065], [136.67626424036754, 35.09555547335564], [136.6762609192843, 35.095557815870855], [136.6760210761408, 35.09572302995882], [136.67585382911827, 35.095838894275296], [136.6757137961721, 35.09592988782743], [136.6753684725232, 35.09612653320019], [136.67488301009382, 35.096401495449825], [136.67455934090324, 35.09658013027906], [136.67411240441123, 35.09684663512981], [136.67403391978243, 35.09690981932148], [136.67393914781798, 35.09700344746092], [136.67373840167414, 35.09722977929344], [136.6734971356075, 35.09749929520214], [136.67325141642422, 35.097764116880434], [136.67308481433014, 35.09794370811621], [136.67262300889888, 35.09844107147391], [136.67258777878743, 35.09847598603417], [136.67218275760132, 35.098913312973785], [136.67191978863508, 35.09920210194048], [136.67170984626785, 35.099431581826195], [136.67142585488062, 35.09973302212544], [136.67124666192885, 35.0999404278813], [136.67113239695652, 35.10008205024039], [136.67103433035155, 35.100224217260966], [136.67086046649408, 35.10048067896], [136.67077670926594, 35.100607131824106], [136.6706512909465, 35.100804873984906], [136.67029828149663, 35.101359376372216], [136.67008758958076, 35.101676747663475], [136.66995486632487, 35.10188262777816], [136.66973575946997, 35.10228729998496], [136.66941584432809, 35.102929437799524], [136.66905588996167, 35.10366390864536], [136.66887435269703, 35.10410562479925], [136.66882074374692, 35.10425155793646], [136.6687909772297, 35.10436320378008], [136.66875349697108, 35.10460081137529], [136.6687120873642, 35.10489238509445], [136.66866665965665, 35.10522715104969], [136.66856903983913, 35.105724391359765], [136.66848684811214, 35.1060697827152], [136.66838766859436, 35.10633935025565], [136.66800195529086, 35.10714417246119], [136.66776488005357, 35.1076498566008], [136.6675467245667, 35.10810606981841], [136.66737937029365, 35.10848108498727], [136.66721198214003, 35.108857790314474], [136.667151860158, 35.10900453272873]]]}}, {"type": "Feature", "properties": {"rowId": 302, "city_name": "桑名市", "town_name": "長島町又木", "households": 290, "population": 778, "e_stat_code": "242051850"}, "geometry": {"type": "MultiPolygon", "coordinates": [[[[136.7061834272934, 35.09181279876778], [136.70614724884027, 35.0914130641916], [136.70605025317857, 35.09089635587796], [136.70598815003112, 35.090426557995634], [136.7059149764661, 35.090113451009984], [136.70583369886785, 35.08982426462732], [136.7057701306793, 35.089661177171074], [136.70567787048037, 35.089538962089755], [136.70455163851213, 35.090169042759605], [136.70401990713904, 35.09046805243497], [136.7036668105181, 35.09067151354818], [136.70348101370422, 35.09076639643391], [136.7031336139674, 35.0908604527524], [136.70277753419242, 35.09090681114381], [136.70220079109214, 35.09095409149133], [136.70187658272184, 35.090985261903576], [136.70154554270755, 35.091058796407275], [136.70105315936237, 35.09116720554696], [136.70051110000264, 35.09128280190251], [136.70089821201182, 35.09194833962957], [136.70073331538538, 35.09205837994896], [136.70084647886526, 35.09220083101187], [136.70101984741405, 35.09211461577185], [136.70118820426515, 35.0924135148834], [136.70045563476188, 35.092550633140256], [136.70064791598105, 35.09273692502389], [136.70080218755044, 35.093081822499336], [136.70087391337665, 35.0932278929511], [136.70101367783897, 35.093574704877796], [136.7011240014386, 35.09387048748927], [136.7012337738692, 35.09410162292498], [136.70138510271394, 35.09434258967583], [136.7015345003025, 35.09457314336665], [136.70161616584545, 35.09469901491947], [136.70202387495192, 35.09438657732009], [136.70264996398745, 35.093916180690435], [136.70307570097594, 35.095458982402164], [136.70373078288904, 35.095465401140814], [136.7041783668148, 35.09544576429485], [136.70435646749615, 35.0954310694315], [136.70443083153083, 35.09540000402975], [136.70458661382872, 35.09526099762076], [136.7046841403293, 35.09518310497706], [136.70487084800095, 35.095003776649584], [136.7053254916976, 35.09458070102076], [136.70546088448717, 35.0943831471343], [136.7061834272934, 35.09181279876778]]], [[[136.70014451025804, 35.0959154308397], [136.6999838825564, 35.0955585989679], [136.6999624149662, 35.09571372740604], [136.69988843936008, 35.095785634649815], [136.6998020275925, 35.09586113471249], [136.6996698730764, 35.095923235758576], [136.69951254848624, 35.0959480150974], [136.6993467235007, 35.0959455189359], [136.69920945283238, 35.095895251136795], [136.6994505084253, 35.09649965720313], [136.6994644309674, 35.09653450768873], [136.6996472863034, 35.096950509762905], [136.6998525901504, 35.09741645366814], [136.70004292783526, 35.09736922900955], [136.70020837716592, 35.09732735890613], [136.70036939307624, 35.09724811862103], [136.70049285845477, 35.09714169995841], [136.70032281291967, 35.09676104828891], [136.70014241750164, 35.096357357292], [136.70012852365835, 35.09632581667198], [136.6999707963414, 35.09596755958062], [136.70014451025804, 35.0959154308397]]]]}}, {"type": "Feature", "properties": {"rowId": 308, "city_name": "桑名市", "town_name": "長島町大倉", "households": 415, "population": 1046, "e_stat_code": "242051910"}, "geometry": {"type": "Polygon", "coordinates": [[[136.70204587313938, 35.104180981000574], [136.70009077312193, 35.103382584340956], [136.69996094263732, 35.103598268527314], [136.69953122061676, 35.10433097740844], [136.69896566140227, 35.10528503478987], [136.69786292530358, 35.107164033682075], [136.69816506291605, 35.10729089437196], [136.69965055370145, 35.10789237313637], [136.70117464287645, 35.108520373067904], [136.7014916779314, 35.108659252869664], [136.70161332585963, 35.10872890524489], [136.7028568296862, 35.10921849974556], [136.70402674669307, 35.107398432069104], [136.7032963953195, 35.10709067758913], [136.70358187110295, 35.106762536197486], [136.70333817377633, 35.106631054787165], [136.70363745383463, 35.10627395913588], [136.7041576914316, 35.10583107360662], [136.70465245856894, 35.105421432445816], [136.7048113689582, 35.105290224556306], [136.70447401005868, 35.10517372562705], [136.70204587313938, 35.104180981000574]]]}}, {"type": "Feature", "properties": {"rowId": 316, "city_name": "桑名市", "town_name": "長島町大島", "households": 71, "population": 190, "e_stat_code": "242051990"}, "geometry": {"type": "Polygon", "coordinates": [[[136.7074393164205, 35.07565195757859], [136.70797159652062, 35.07557300879107], [136.7081970561371, 35.07557169429608], [136.70850270444876, 35.0756604775443], [136.70924678226578, 35.07577825139978], [136.7093321836677, 35.075579788620026], [136.70939219317458, 35.07544161590712], [136.70940931319407, 35.075296863023155], [136.70940628231497, 35.07475453857408], [136.70940625546558, 35.07445016198437], [136.70940269960658, 35.07433651684053], [136.70952299467774, 35.07431940506416], [136.709489029112, 35.07410213115714], [136.7092410258108, 35.07393315078638], [136.70848630249995, 35.072949845891415], [136.70836133697276, 35.0729368425783], [136.70806069957726, 35.072906199832154], [136.70796783376875, 35.072875613429545], [136.70781655448283, 35.07280121098734], [136.701412105402, 35.06985397570435], [136.7011794934582, 35.070053354675686], [136.70082830080597, 35.070354547096215], [136.70055121298938, 35.07059199841099], [136.70005574928362, 35.07101677127877], [136.6992046540416, 35.07174634667416], [136.69909006618542, 35.07184454536969], [136.6981479593004, 35.072652033169405], [136.69742029785567, 35.073666669970166], [136.70575276719487, 35.07633975101057], [136.70601776801462, 35.07600143838143], [136.70615757177052, 35.07587217056392], [136.70637735172232, 35.075803495847545], [136.70691221703402, 35.07573087440552], [136.7074393164205, 35.07565195757859]]]}}, {"type": "Feature", "properties": {"rowId": 307, "city_name": "桑名市", "town_name": "長島町小島", "households": 126, "population": 377, "e_stat_code": "242051900"}, "geometry": {"type": "Polygon", "coordinates": [[[136.70544900757116, 35.11385826802201], [136.70596709842894, 35.11322038723615], [136.70909811677222, 35.10944761957091], [136.70402674669307, 35.107398432069104], [136.7028568296862, 35.10921849974556], [136.70161332585963, 35.10872890524489], [136.7014916779314, 35.108659252869664], [136.70117464287645, 35.108520373067904], [136.69965055370145, 35.10789237313637], [136.69816506291605, 35.10729089437196], [136.69786292530358, 35.107164033682075], [136.69693854984988, 35.10874867988747], [136.6962514665754, 35.109648489096685], [136.6959232352431, 35.110219117550976], [136.69584226521064, 35.110489025427285], [136.6958283023889, 35.11068150578819], [136.69589265623068, 35.11090783353266], [136.69612914771199, 35.11118015003458], [136.69631779224716, 35.11131294631493], [136.69705504292702, 35.111599927012705], [136.69772712259555, 35.11187657084388], [136.69744037117, 35.11247780414867], [136.69717469279544, 35.11282637591375], [136.69646888438834, 35.11373036722458], [136.696225461756, 35.11363204138195], [136.69542477126888, 35.1150173530711], [136.69511327446, 35.11552287594896], [136.696813502637, 35.11622245047797], [136.70090169871736, 35.11837789496455], [136.70318718093762, 35.116367053832114], [136.7039007180008, 35.11564481375259], [136.70442688927682, 35.1150574590757], [136.70544900757116, 35.11385826802201]]]}}, {"type": "Feature", "properties": {"rowId": 313, "city_name": "桑名市", "town_name": "長島町平方", "households": 79, "population": 238, "e_stat_code": "242051960"}, "geometry": {"type": "Polygon", "coordinates": [[[136.68893222806224, 35.09830721818811], [136.68848438351864, 35.09829313810131], [136.6880932104257, 35.09836408931903], [136.68729156978912, 35.09853053391345], [136.68569076979412, 35.0988636759252], [136.6848905003557, 35.1010549440057], [136.68445623068493, 35.10247208003796], [136.6837855569269, 35.10466985591446], [136.6858861973655, 35.10509766735816], [136.6864579459623, 35.10518274998797], [136.6886019257616, 35.105400974578224], [136.69013865756168, 35.10557190786983], [136.69200713245402, 35.10576860924329], [136.69227388402092, 35.10407105727109], [136.69234254736898, 35.10366783804393], [136.69303475761959, 35.09935961325223], [136.69165379684978, 35.09909846309911], [136.69111767388225, 35.09894580689848], [136.68947425278967, 35.09845963980086], [136.6891248494485, 35.098347042618705], [136.68893222806224, 35.09830721818811]]]}}, {"type": "Feature", "properties": {"rowId": 306, "city_name": "桑名市", "town_name": "長島町押付", "households": 620, "population": 1483, "e_stat_code": "242051890"}, "geometry": {"type": "Polygon", "coordinates": [[[136.70547506785644, 35.09555683668261], [136.70458661382872, 35.09526099762076], [136.70443083153083, 35.09540000402975], [136.70435646749615, 35.0954310694315], [136.7041783668148, 35.09544576429485], [136.70373078288904, 35.095465401140814], [136.70307570097594, 35.095458982402164], [136.7029079681435, 35.09547868597334], [136.7026470422318, 35.09550744918628], [136.70238225357323, 35.09557024986774], [136.70215902274487, 35.095643091792915], [136.70187803586907, 35.09575042352597], [136.70162617810874, 35.09586765600294], [136.70146545872782, 35.095981052899646], [136.70133429724322, 35.09615899816184], [136.7011541101055, 35.09641561000669], [136.7005480076645, 35.097287865341585], [136.70008703997465, 35.09797364109015], [136.70045436694423, 35.09880788804255], [136.70054790122816, 35.0990788359198], [136.70055994136882, 35.099199051285005], [136.70052625135972, 35.09930262947129], [136.7004391827798, 35.099422008218774], [136.6996895560447, 35.100118318903924], [136.69978691445002, 35.100165083646814], [136.70049708500807, 35.10046607153994], [136.70126513935625, 35.10080658228122], [136.7023300530248, 35.101308475467526], [136.70275604696906, 35.10151517464971], [136.7030466877398, 35.10165673687384], [136.70340306339475, 35.101868836186206], [136.7025782805868, 35.10322336697142], [136.70204587313938, 35.104180981000574], [136.70447401005868, 35.10517372562705], [136.7048113689582, 35.105290224556306], [136.70465245856894, 35.105421432445816], [136.7041576914316, 35.10583107360662], [136.70363745383463, 35.10627395913588], [136.70333817377633, 35.106631054787165], [136.70358187110295, 35.106762536197486], [136.7032963953195, 35.10709067758913], [136.70402674669307, 35.107398432069104], [136.70909811677222, 35.10944761957091], [136.709571069112, 35.10884969843124], [136.71031205249517, 35.107941114610554], [136.71195730530093, 35.10591205336518], [136.71279667510515, 35.10482864614939], [136.70786159251855, 35.10195914923557], [136.7081019111278, 35.10190394521432], [136.70829910635968, 35.10186103414536], [136.70838032182914, 35.10183379879008], [136.70842226410636, 35.10180876476922], [136.7085219250762, 35.10173923843147], [136.70858253456703, 35.101648107473], [136.7067009616467, 35.10104524103588], [136.7069421141195, 35.10053600583837], [136.70716500356775, 35.10004539695061], [136.7074022696494, 35.099563085505885], [136.70525197595825, 35.098869294187615], [136.70574645192374, 35.09784061576536], [136.70596960056864, 35.09738029111591], [136.70478166578604, 35.097002104542405], [136.70547506785644, 35.09555683668261]]]}}, {"type": "Feature", "properties": {"rowId": 324, "city_name": "桑名市", "town_name": "長島町新所", "households": 34, "population": 96, "e_stat_code": "242052070"}, "geometry": {"type": "Polygon", "coordinates": [[[136.68474668019195, 35.127032937560614], [136.68829780960883, 35.12584186775567], [136.68757095255856, 35.12403567075952], [136.68768867495726, 35.123989018292086], [136.68717684109686, 35.1226208299894], [136.68474771985302, 35.123117088065804], [136.68443576762598, 35.1221072761002], [136.6839360651636, 35.12220559204363], [136.68254524070616, 35.1225039302834], [136.68284280510647, 35.123532982375075], [136.68308669998356, 35.124318244606734], [136.68333788815139, 35.12520163588311], [136.68305652192745, 35.12534512548854], [136.68337576030015, 35.12567762704766], [136.68282266339025, 35.12595934089079], [136.6829945904396, 35.12628091275437], [136.68299972861917, 35.12629053127955], [136.6833061138909, 35.126232535135735], [136.683557986664, 35.12615456381013], [136.6837499869564, 35.12607178897337], [136.6841273923642, 35.125865430547634], [136.68474668019195, 35.127032937560614]]]}}, {"type": "Feature", "properties": {"rowId": 322, "city_name": "桑名市", "town_name": "長島町杉江", "households": 17, "population": 48, "e_stat_code": "242052050"}, "geometry": {"type": "Polygon", "coordinates": [[[136.68284280510647, 35.123532982375075], [136.68254524070616, 35.1225039302834], [136.6839360651636, 35.12220559204363], [136.68443576762598, 35.1221072761002], [136.68349051026857, 35.11903577659182], [136.66996244638963, 35.12185151143529], [136.67019212260342, 35.12216130709875], [136.67045055729068, 35.12272186604673], [136.67056006891158, 35.12317317560352], [136.6706331779373, 35.123491442901425], [136.67064894002826, 35.12369410855548], [136.67064348543377, 35.12389118785088], [136.67053038040004, 35.124282883037], [136.67050014103123, 35.124897154540086], [136.6705634227918, 35.125736895535006], [136.67061936713657, 35.126131102460455], [136.68284280510647, 35.123532982375075]]]}}, {"type": "Feature", "properties": {"rowId": 305, "city_name": "桑名市", "town_name": "長島町東殿名", "households": 90, "population": 251, "e_stat_code": "242051880"}, "geometry": {"type": "Polygon", "coordinates": [[[136.71685188331531, 35.09509656073095], [136.7173402940674, 35.09248822893209], [136.7175505362368, 35.09156751623943], [136.71770590546646, 35.09061353444495], [136.71815357321947, 35.08854299356289], [136.71816468860123, 35.08849151689301], [136.7184456923951, 35.08709381663315], [136.71875973194622, 35.08556697270963], [136.71911126903674, 35.083658694746184], [136.71961894959537, 35.082137674195096], [136.7196512546495, 35.082040860015], [136.714334283347, 35.08354814731112], [136.71419609093874, 35.084514276936595], [136.71414894126812, 35.08509971541861], [136.71411847486175, 35.08554033281099], [136.7140669550037, 35.086307353692845], [136.71404048159343, 35.08669026914717], [136.71401065076168, 35.08727743859813], [136.7139839712349, 35.087587889410194], [136.71395704108969, 35.08787439600605], [136.71393380544677, 35.08806376507629], [136.71388251952013, 35.0886373275499], [136.71385437108418, 35.08891201090041], [136.71380844792756, 35.089358916723064], [136.71371832862664, 35.09004341556371], [136.71352551120196, 35.09002912524294], [136.7133053557402, 35.09000936169362], [136.71326317765107, 35.09015891072469], [136.71310839083856, 35.09059575074079], [136.71298546286076, 35.09097204971649], [136.71295175671753, 35.091209158324354], [136.712949746725, 35.09137171082269], [136.71293761972487, 35.091548408826135], [136.71289980317832, 35.091707087356525], [136.71230567694158, 35.09381170603946], [136.71162925402027, 35.093596085075184], [136.7113964037504, 35.09408324195801], [136.70921631788232, 35.0933741316337], [136.7080910891243, 35.09300469586206], [136.70644297561293, 35.09641053595088], [136.70596960056866, 35.09738029111591], [136.70574645192374, 35.09784061576536], [136.70525197595825, 35.098869294187615], [136.7074022696494, 35.099563085505885], [136.70716500356775, 35.10004539695061], [136.7069421141195, 35.10053600583837], [136.7067009616467, 35.10104524103588], [136.70858253456703, 35.10164810747301], [136.70852192507624, 35.10173923843147], [136.70842226410636, 35.10180876476923], [136.70838032182914, 35.101833798790096], [136.70829910635973, 35.10186103414535], [136.7081019111278, 35.10190394521432], [136.70786159251855, 35.10195914923557], [136.71279667510515, 35.1048286461494], [136.71286542200642, 35.104722394185664], [136.71335797405433, 35.103960955982046], [136.7137449953024, 35.103289435931394], [136.7142651536612, 35.10239508209207], [136.71465276839803, 35.101578619295225], [136.71531532545444, 35.10005699312886], [136.71561488897154, 35.09935527425751], [136.7162667246997, 35.09737636336933], [136.71685188331531, 35.09509656073095]]]}}, {"type": "Feature", "properties": {"rowId": 318, "city_name": "桑名市", "town_name": "長島町松ケ島", "households": 659, "population": 1672, "e_stat_code": "242052010"}, "geometry": {"type": "MultiPolygon", "coordinates": [[[[136.70567787048037, 35.089538962089755], [136.70568002642824, 35.08871074967603], [136.7056896842286, 35.08832546735708], [136.70567438506635, 35.087932442918266], [136.7056071647103, 35.08764366760163], [136.70554538927487, 35.08739486266436], [136.70540596711302, 35.087089040528916], [136.705247623424, 35.086754313989466], [136.70511325709202, 35.086502971456504], [136.70500255705545, 35.08621395612595], [136.70495229325994, 35.08597346545973], [136.70494019938704, 35.08571352616271], [136.70495411748786, 35.08539991404061], [136.70491042293435, 35.085141284894014], [136.7048940663631, 35.08492834429589], [136.70494584946155, 35.084733600479815], [136.70503992853597, 35.084535653861856], [136.70523977177646, 35.08432293666846], [136.7055498971922, 35.08407274693273], [136.70634078254133, 35.08349566606168], [136.7060775772076, 35.08325535737374], [136.70561715216556, 35.082736746970866], [136.7057401169326, 35.08257581520986], [136.70445226217225, 35.082159332758245], [136.70204291574797, 35.081385999978465], [136.70136126623504, 35.08116500029259], [136.7012466320483, 35.081329188919526], [136.70121151327348, 35.081584963879195], [136.7012467688001, 35.08183012095254], [136.70124026879674, 35.082041362953454], [136.70115100290252, 35.082266816122036], [136.70102833458037, 35.08245830477684], [136.70071584196003, 35.08275307559003], [136.70060092798778, 35.08289008111342], [136.70008517633826, 35.084136759573745], [136.69973196279827, 35.08500079572532], [136.69957667226367, 35.08526064197424], [136.699289590584, 35.08562350422662], [136.6987414695099, 35.08636464067252], [136.69850423263503, 35.086675945361684], [136.69841453673638, 35.08680738202472], [136.69717716525162, 35.08920345140229], [136.69805989332758, 35.089943832645346], [136.69828090485666, 35.090114329434], [136.69834498882426, 35.090148891943], [136.69842281866028, 35.090142599784194], [136.69862375211204, 35.09003376439438], [136.69873314999685, 35.08998658365819], [136.6987862172511, 35.0899804336878], [136.69882920983562, 35.09003842743177], [136.69903262257813, 35.09021479894423], [136.69932884820025, 35.090483808881835], [136.6996146693604, 35.09077322976823], [136.6997935145407, 35.090981925751365], [136.69994762139564, 35.09119351112965], [136.70008293060198, 35.091385766195515], [136.70051110000264, 35.09128280190251], [136.70105315936237, 35.09116720554696], [136.70154554270755, 35.091058796407275], [136.70187658272184, 35.090985261903576], [136.70220079109214, 35.09095409149133], [136.70277753419242, 35.09090681114381], [136.7031336139674, 35.0908604527524], [136.70348101370422, 35.09076639643391], [136.7036668105181, 35.09067151354818], [136.70401990713904, 35.09046805243497], [136.70455163851213, 35.090169042759605], [136.70567787048037, 35.089538962089755]]], [[[136.7133053557402, 35.09000936169362], [136.71352551120194, 35.09002912524292], [136.71371832862664, 35.0900434155637], [136.71380844792753, 35.08935891672306], [136.71385437108418, 35.08891201090041], [136.71388251952013, 35.08863732754987], [136.71393380544677, 35.08806376507629], [136.71395704108963, 35.087874396006036], [136.7139839712349, 35.087587889410194], [136.71401065076168, 35.08727743859813], [136.71404048159343, 35.08669026914717], [136.71406695500366, 35.086307353692845], [136.71411847486175, 35.08554033281099], [136.71414894126812, 35.08509971541861], [136.71419609093869, 35.084514276936595], [136.71414691522347, 35.0843526583267], [136.7140920225072, 35.08421804720727], [136.7139454852082, 35.08418940002094], [136.71369466567916, 35.08417862072036], [136.7137446573343, 35.08375141023238], [136.7129896433608, 35.083936202824624], [136.71265153938083, 35.084015443423986], [136.71217200316553, 35.08413114752473], [136.71132758664828, 35.084336032551526], [136.71134633743088, 35.08445289870624], [136.7113951252742, 35.084570786705676], [136.71141647343694, 35.084626649011355], [136.711430556117, 35.08468459674597], [136.711410669272, 35.08479175926703], [136.71142819573268, 35.087984519050984], [136.71144680739656, 35.08953876407089], [136.71143275722574, 35.09052916551304], [136.71143405385664, 35.090604301007936], [136.71143752412846, 35.09121528983512], [136.7128998031783, 35.09170708735652], [136.71293761972484, 35.091548408826135], [136.712949746725, 35.09137171082269], [136.71295175671753, 35.091209158324354], [136.71298546286076, 35.09097204971648], [136.71310839083856, 35.090595750740746], [136.71326317765107, 35.09015891072471], [136.7133053557402, 35.09000936169362]]]]}}, {"type": "Feature", "properties": {"rowId": 323, "city_name": "桑名市", "town_name": "長島町松之木", "households": 27, "population": 80, "e_stat_code": "242052060"}, "geometry": {"type": "Polygon", "coordinates": [[[136.68474668019195, 35.127032937560635], [136.6841273923642, 35.125865430547634], [136.6837499869564, 35.12607178897338], [136.68355798666397, 35.12615456381013], [136.6833061138909, 35.126232535135735], [136.68299972861917, 35.12629053127953], [136.68299459043962, 35.12628091275438], [136.68282266339023, 35.12595934089079], [136.68337576030015, 35.12567762704766], [136.68305652192745, 35.12534512548854], [136.68333788815139, 35.12520163588312], [136.68308669998356, 35.124318244606734], [136.68284280510647, 35.123532982375075], [136.67061936713654, 35.126131102460455], [136.67070187585978, 35.12671242081802], [136.67077806595725, 35.1274014521677], [136.6708730404126, 35.128238129274045], [136.6708662529373, 35.128843038771016], [136.67080865399555, 35.129560556815264], [136.67069664098375, 35.13042190068514], [136.67067450230002, 35.131109925675766], [136.67068477956747, 35.13139670590432], [136.67059966401814, 35.1316645080056], [136.67022497172275, 35.13242948841144], [136.66982596343408, 35.1331358690222], [136.66934392496321, 35.1340365150074], [136.6725592003872, 35.13520243351443], [136.6735827788655, 35.13381135899592], [136.67676049228044, 35.12989624277836], [136.68117563909092, 35.128313370091576], [136.68474668019195, 35.127032937560635]]]}}, {"type": "Feature", "properties": {"rowId": 333, "city_name": "桑名市", "town_name": "長島町松蔭", "households": 131, "population": 482, "e_stat_code": "242052160"}, "geometry": {"type": "Polygon", "coordinates": [[[136.73777197840337, 35.04818624022391], [136.73894236178734, 35.04594109411639], [136.73945334165725, 35.04510859056014], [136.74308992012075, 35.03918331000424], [136.7379819708843, 35.03579728188476], [136.73791715204555, 35.03576837881516], [136.73712443873538, 35.035460504137454], [136.73610605160732, 35.035068636069326], [136.73387152608174, 35.034228041392424], [136.7316140223805, 35.033370505841866], [136.7320636267714, 35.03254797841026], [136.7274532937249, 35.030808788685825], [136.72469231995828, 35.02976293316585], [136.71299812854468, 35.025332383274], [136.7123227524353, 35.02700145040265], [136.71194650575117, 35.02849552138122], [136.71140556126906, 35.03025741790772], [136.71026703831075, 35.03417478878367], [136.70958181439997, 35.0365323311208], [136.70954905538673, 35.03672429076109], [136.7094795166051, 35.03712274349475], [136.718787412535, 35.03983085716104], [136.71965137806606, 35.040181666487165], [136.71998453821894, 35.039741365009775], [136.72114976594392, 35.04017277405419], [136.72161434835283, 35.039021099260395], [136.72178480051954, 35.039095722483495], [136.7219770989596, 35.039210709913796], [136.72473174764679, 35.04115725770494], [136.72625573372287, 35.04222896444722], [136.72771109538925, 35.04326359806659], [136.72777565047116, 35.04334927048535], [136.7279606313702, 35.043727963471056], [136.72935720008206, 35.04647116032656], [136.72867591672284, 35.046674694588354], [136.72760348238594, 35.04713135351608], [136.72695760897554, 35.04741811989796], [136.72657088152815, 35.04781284302987], [136.7266844118376, 35.0478008251657], [136.72747386437084, 35.04743362017813], [136.7285437861679, 35.04696331437946], [136.7288737308682, 35.04681893520795], [136.73009944919303, 35.04641148635966], [136.73011575657767, 35.04669400369428], [136.7301281294907, 35.04683301886916], [136.73026249854976, 35.04697806119906], [136.73028736050955, 35.04711538145571], [136.73029486587782, 35.047313513074876], [136.73034904370715, 35.04738706312653], [136.7366561174552, 35.04956038258933], [136.73777197840337, 35.04818624022391]]]}}, {"type": "Feature", "properties": {"rowId": 332, "city_name": "桑名市", "town_name": "長島町横満蔵", "households": 152, "population": 440, "e_stat_code": "242052150"}, "geometry": {"type": "Polygon", "coordinates": [[[136.72931531391274, 35.058308683754056], [136.73307481216622, 35.053869388541344], [136.73457564515365, 35.05212222549666], [136.7366561174552, 35.04956038258933], [136.73034904370715, 35.04738706312653], [136.73029486587782, 35.047313513074876], [136.73028736050955, 35.04711538145571], [136.73026249854976, 35.04697806119906], [136.7301281294907, 35.04683301886916], [136.73011575657767, 35.04669400369428], [136.73009944919303, 35.04641148635966], [136.7288737308682, 35.04681893520795], [136.7285437861679, 35.04696331437946], [136.72747386437084, 35.04743362017813], [136.7266844118376, 35.0478008251657], [136.72657088152815, 35.04781284302987], [136.72599401205437, 35.048397653274506], [136.72535534462375, 35.049054593321785], [136.72523369786396, 35.04913652076242], [136.724012640686, 35.04986524321133], [136.72325669725504, 35.050317230396466], [136.7229036698901, 35.050536665053265], [136.72273836102826, 35.05059159549093], [136.72258897045464, 35.05059713223804], [136.72076076733117, 35.05055603191859], [136.72067417170493, 35.05056380014723], [136.72061752576184, 35.050568924990024], [136.72022105197559, 35.050815091317055], [136.72006570240077, 35.050843972805644], [136.7197261202719, 35.050840424251255], [136.71977342766195, 35.050912610554256], [136.72053859156912, 35.05182606127859], [136.7213606823544, 35.05278318324744], [136.72154958535393, 35.05296558788133], [136.72157276462008, 35.05290410970559], [136.72214658497418, 35.05356762379161], [136.7223944333504, 35.053509738364475], [136.7229888045559, 35.05450032421063], [136.72350188722595, 35.05535201999526], [136.72404906988453, 35.05510205724392], [136.7245976334553, 35.05587768827275], [136.72522562605403, 35.05667558989398], [136.7249315410801, 35.05717926802609], [136.725339648436, 35.05731584887886], [136.72435978753143, 35.059151421030336], [136.72799616874627, 35.06056422534731], [136.72918523375358, 35.05853109358903], [136.72931531391274, 35.058308683754056]]]}}, {"type": "Feature", "properties": {"rowId": 304, "city_name": "桑名市", "town_name": "長島町殿名", "households": 50, "population": 140, "e_stat_code": "242051870"}, "geometry": {"type": "Polygon", "coordinates": [[[136.70644297561293, 35.09641053595087], [136.7080910891243, 35.09300469586206], [136.70921631788232, 35.0933741316337], [136.7113964037504, 35.09408324195801], [136.71162925402027, 35.09359608507518], [136.71230567694158, 35.09381170603946], [136.7128998031783, 35.09170708735652], [136.71143752412846, 35.09121528983512], [136.71143405385664, 35.090604301007936], [136.70967982053128, 35.09061794302013], [136.70932060567046, 35.090613209798406], [136.7086174855177, 35.09056118438758], [136.70826082250372, 35.09053931977512], [136.70785013586826, 35.090507698664645], [136.70733166997348, 35.09047663223263], [136.70717545630282, 35.09048930268924], [136.70705306835757, 35.09050994539273], [136.70699464934924, 35.09054634306487], [136.7069928807442, 35.09060466592772], [136.70649134691004, 35.090614344494966], [136.70647303815463, 35.09089051752835], [136.70605025317857, 35.09089635587796], [136.70614724884027, 35.0914130641916], [136.7061834272934, 35.09181279876778], [136.70546088448717, 35.0943831471343], [136.7053254916976, 35.09458070102076], [136.70487084800095, 35.095003776649584], [136.7046841403293, 35.09518310497706], [136.70458661382872, 35.09526099762076], [136.70547506785644, 35.09555683668261], [136.70478166578604, 35.097002104542405], [136.70596960056864, 35.09738029111591], [136.70644297561293, 35.09641053595087]]]}}, {"type": "Feature", "properties": {"rowId": 334, "city_name": "桑名市", "town_name": "長島町浦安", "households": 184, "population": 187, "e_stat_code": "242052170"}, "geometry": {"type": "Polygon", "coordinates": [[[136.7289547694724, 35.02535554952547], [136.71412227626564, 35.022042401807305], [136.71299812854468, 35.025332383274], [136.72469231995828, 35.02976293316585], [136.7274532937249, 35.030808788685825], [136.7320636267714, 35.03254797841026], [136.7316140223805, 35.033370505841866], [136.73387152608174, 35.034228041392424], [136.73610605160732, 35.035068636069326], [136.73712443873538, 35.035460504137454], [136.73791715204555, 35.03576837881516], [136.7379819708843, 35.03579728188476], [136.74308992012075, 35.03918331000424], [136.74362335882392, 35.03831402914884], [136.74627412949496, 35.03409319328526], [136.7459867253578, 35.03402016652289], [136.73940297518817, 35.032346339628916], [136.73875681018615, 35.0316998243116], [136.73779321079485, 35.03074163116797], [136.7366301292606, 35.02957153375677], [136.73562733666967, 35.028581446188426], [136.73493654472279, 35.02792602997648], [136.7345127768742, 35.027546119525], [136.73403624641935, 35.02718258558271], [136.73366672000665, 35.02696044733393], [136.73321916871063, 35.02672504748398], [136.73286143071368, 35.026566780525734], [136.73175005872133, 35.02618875609351], [136.73024359194793, 35.02567591246811], [136.72998688458853, 35.02559414423458], [136.7289547694724, 35.02535554952547]]]}}, {"type": "Feature", "properties": {"rowId": 303, "city_name": "桑名市", "town_name": "長島町源部外面", "households": 54, "population": 147, "e_stat_code": "242051860"}, "geometry": {"type": "Polygon", "coordinates": [[[136.71143405385664, 35.09060430100797], [136.71143275722574, 35.09052916551304], [136.71144680739656, 35.08953876407089], [136.71142819573268, 35.08798451905096], [136.711410669272, 35.08479175926703], [136.711430556117, 35.084684596746], [136.71141647343694, 35.084626649011355], [136.7113951252742, 35.08457078670569], [136.71134633743088, 35.08445289870622], [136.71132758664828, 35.084336032551526], [136.71098209936113, 35.084423904089654], [136.70966085216534, 35.084371558019335], [136.70940246283075, 35.08434729177896], [136.7091900060075, 35.084284797684276], [136.70898911569697, 35.084182938559884], [136.70878476033778, 35.084022083719724], [136.70747352405726, 35.08279376812511], [136.7063407825414, 35.08349566606168], [136.7055498971922, 35.08407274693273], [136.70523977177646, 35.08432293666846], [136.70503992853597, 35.084535653861856], [136.70494584946155, 35.084733600479815], [136.7048940663631, 35.08492834429589], [136.70491042293438, 35.085141284894], [136.70495411748786, 35.08539991404061], [136.70494019938704, 35.08571352616271], [136.70495229325996, 35.08597346545973], [136.70500255705545, 35.08621395612595], [136.70511325709202, 35.086502971456504], [136.705247623424, 35.086754313989466], [136.70540596711302, 35.087089040528916], [136.70554538927487, 35.087394862664354], [136.7056071647103, 35.08764366760163], [136.70567438506637, 35.087932442918266], [136.7056896842286, 35.08832546735708], [136.70568002642824, 35.08871074967607], [136.70567787048037, 35.089538962089755], [136.7057701306792, 35.089661177171074], [136.70583369886785, 35.08982426462734], [136.7059149764661, 35.090113451009984], [136.70598815003112, 35.09042655799565], [136.70605025317857, 35.09089635587796], [136.70647303815466, 35.09089051752836], [136.70649134691004, 35.090614344494966], [136.7069928807442, 35.09060466592772], [136.70699464934924, 35.09054634306487], [136.70705306835757, 35.09050994539273], [136.70717545630282, 35.09048930268924], [136.70733166997348, 35.09047663223264], [136.70785013586826, 35.090507698664645], [136.70826082250372, 35.09053931977512], [136.7086174855177, 35.09056118438757], [136.70932060567046, 35.090613209798406], [136.70967982053128, 35.09061794302013], [136.71143405385664, 35.09060430100797]]]}}, {"type": "Feature", "properties": {"rowId": 331, "city_name": "桑名市", "town_name": "長島町白鶏", "households": 82, "population": 230, "e_stat_code": "242052140"}, "geometry": {"type": "Polygon", "coordinates": [[[136.71940877381292, 35.05088230798612], [136.71955285256468, 35.050837930223075], [136.7197261202719, 35.050840424251255], [136.72006570240077, 35.050843972805644], [136.72022105197559, 35.050815091317055], [136.72061752576184, 35.050568924990024], [136.72067417170493, 35.05056380014723], [136.72076076733117, 35.05055603191859], [136.72258897045464, 35.05059713223804], [136.72273836102826, 35.05059159549093], [136.7229036698901, 35.050536665053265], [136.72325669725504, 35.050317230396466], [136.724012640686, 35.04986524321133], [136.72523369786396, 35.04913652076242], [136.72535534462375, 35.049054593321785], [136.72599401205437, 35.048397653274506], [136.72657088152815, 35.04781284302987], [136.72695760897554, 35.04741811989796], [136.72760348238594, 35.04713135351608], [136.72867591672284, 35.046674694588354], [136.72935720008206, 35.04647116032656], [136.7279606313702, 35.043727963471056], [136.72777565047116, 35.04334927048535], [136.72771109538925, 35.04326359806659], [136.72625573372287, 35.04222896444722], [136.72473174764679, 35.04115725770494], [136.7219770989596, 35.039210709913796], [136.72178480051954, 35.039095722483495], [136.72161434835283, 35.039021099260395], [136.72114976594392, 35.04017277405419], [136.71998453821894, 35.039741365009775], [136.71965137806606, 35.040181666487165], [136.718787412535, 35.03983085716104], [136.7094795166051, 35.03712274349475], [136.70925217069163, 35.03842581891174], [136.70921324950373, 35.03872155284273], [136.70925788351667, 35.039085110722795], [136.7106916763649, 35.045105014599734], [136.71078445589185, 35.04553385363303], [136.71136028203847, 35.04819417115793], [136.71163368847436, 35.04959508581385], [136.71698486426337, 35.0509282076589], [136.7174967973045, 35.0517573249451], [136.71841384465998, 35.05135124921445], [136.71940877381292, 35.05088230798612]]]}}, {"type": "Feature", "properties": {"rowId": 330, "city_name": "桑名市", "town_name": "長島町福吉", "households": 528, "population": 1618, "e_stat_code": "242052130"}, "geometry": {"type": "Polygon", "coordinates": [[[136.72736872008693, 35.061854726855266], [136.72799616874627, 35.06056422534731], [136.72435978753143, 35.059151421030336], [136.725339648436, 35.05731584887886], [136.7249315410801, 35.05717926802609], [136.72522562605403, 35.05667558989398], [136.7245976334553, 35.05587768827275], [136.72404906988453, 35.05510205724392], [136.72350188722595, 35.05535201999526], [136.7229888045559, 35.05450032421063], [136.7223944333504, 35.053509738364475], [136.72214658497418, 35.05356762379161], [136.72157276462008, 35.05290410970559], [136.72154958535393, 35.05296558788133], [136.7213606823544, 35.05278318324744], [136.72053859156912, 35.05182606127859], [136.71977342766195, 35.050912610554256], [136.7197261202719, 35.050840424251255], [136.71955285256468, 35.050837930223075], [136.71940877381292, 35.05088230798612], [136.71841384465998, 35.05135124921445], [136.7174967973045, 35.0517573249451], [136.71698486426337, 35.0509282076589], [136.71163368847436, 35.04959508581385], [136.7118910198245, 35.050913766324626], [136.71200937115785, 35.051799724531584], [136.71187818998212, 35.052618904426865], [136.7116069670729, 35.05323432163619], [136.71042562897074, 35.055162514285236], [136.7097668457421, 35.056177885658336], [136.70957449005599, 35.056474373711566], [136.70912868532366, 35.057693149261276], [136.70841927444008, 35.05843006356324], [136.7081996311595, 35.058895375211236], [136.70804516824805, 35.05922241460941], [136.7079657276199, 35.05939070080636], [136.70781391311775, 35.05971230172605], [136.71401159402296, 35.061395504142574], [136.7140358184688, 35.06103541857841], [136.71424841732312, 35.060301464023475], [136.7145714375672, 35.0593255116307], [136.71581903807285, 35.059655636797096], [136.71699126780783, 35.05994555928673], [136.71731881835424, 35.060027359859944], [136.71877699634857, 35.06039987336627], [136.71989172442903, 35.06068362968183], [136.7216080511262, 35.06110190450764], [136.7215545483272, 35.06062973911358], [136.72213946853032, 35.06062295010654], [136.72361428230252, 35.06061747530599], [136.72736872008693, 35.061854726855266]]]}}, {"type": "Feature", "properties": {"rowId": 329, "city_name": "桑名市", "town_name": "長島町福豊", "households": 151, "population": 286, "e_stat_code": "242052120"}, "geometry": {"type": "Polygon", "coordinates": [[[136.7248725620588, 35.069549382000034], [136.72564251860484, 35.06603289183799], [136.72659909021445, 35.063717575241384], [136.72704004552241, 35.062650317920074], [136.72736872008693, 35.061854726855266], [136.72361428230252, 35.06061747530599], [136.72213946853032, 35.06062295010654], [136.7215545483272, 35.06062973911358], [136.7216080511262, 35.06110190450764], [136.71989172442903, 35.06068362968183], [136.71877699634857, 35.06039987336627], [136.71731881835424, 35.060027359859944], [136.71699126780783, 35.05994555928673], [136.71581903807285, 35.059655636797096], [136.7145714375672, 35.0593255116307], [136.71424841732312, 35.060301464023475], [136.7140358184688, 35.06103541857841], [136.71401159402296, 35.061395504142574], [136.70781391311775, 35.05971230172605], [136.7072546698443, 35.06089673050723], [136.70669831455066, 35.06207501221983], [136.70663392697108, 35.062211308024146], [136.7065948444706, 35.06229780626325], [136.7062744753712, 35.06301279513395], [136.70584571113974, 35.063942083115], [136.70525198838018, 35.06527079307782], [136.70518913302547, 35.065411444981656], [136.70501206022212, 35.06571677961922], [136.71172093018848, 35.06744467370284], [136.7118417936258, 35.067179236993276], [136.71205066711101, 35.06722857705268], [136.7121150956887, 35.067013965912246], [136.7154098722089, 35.06785532704001], [136.7182368829307, 35.06855330491724], [136.71845668788268, 35.06945133264663], [136.72455090495527, 35.071018120890095], [136.7248725620588, 35.069549382000034]]]}}, {"type": "Feature", "properties": {"rowId": 335, "city_name": "桑名市", "town_name": "長島町老松", "households": 0, "population": 0, "e_stat_code": "242052180"}, "geometry": {"type": "Polygon", "coordinates": [[[136.74627412949496, 35.03409319328526], [136.7436233588239, 35.03831402914886], [136.74308992012075, 35.039183310004255], [136.75186463695715, 35.04446745359032], [136.75242598240663, 35.04366028528923], [136.75426258085116, 35.04097295026038], [136.75526170409452, 35.03952640559662], [136.74627412949496, 35.03409319328526]]]}}, {"type": "Feature", "properties": {"rowId": 327, "city_name": "桑名市", "town_name": "長島町葭ケ須", "households": 204, "population": 524, "e_stat_code": "242052100"}, "geometry": {"type": "Polygon", "coordinates": [[[136.70846240351113, 35.081003434533116], [136.708599720071, 35.08085861490046], [136.70967544270667, 35.08103163624286], [136.70998063252583, 35.07979149826509], [136.71025831072592, 35.079843538477235], [136.7103802264794, 35.07932668003877], [136.71151324498194, 35.079529491239654], [136.71146247393352, 35.07978444579467], [136.71185030504876, 35.07984928818953], [136.71203536285796, 35.07909747237052], [136.71326064726676, 35.07931043031433], [136.71331592032075, 35.07915024121306], [136.71413743429488, 35.078924277545674], [136.7142717979047, 35.078437554494386], [136.72040485469873, 35.07955481913903], [136.7207407932383, 35.07860539579256], [136.72112226166504, 35.07747710302048], [136.72269808583184, 35.073955905084304], [136.71714203159442, 35.072513235761086], [136.71672677244666, 35.072584705372904], [136.7164794860035, 35.072655251624035], [136.71616552647427, 35.07278140456959], [136.7159080148182, 35.0728779274983], [136.71563503048515, 35.07288988895794], [136.7153198199799, 35.07287794389684], [136.7140358271879, 35.07281817578224], [136.7134765558773, 35.072755828324745], [136.7130731172013, 35.072744324414074], [136.71245345803618, 35.07274627237105], [136.71207987790353, 35.072779521663755], [136.7114838283565, 35.07284175085833], [136.71134971837503, 35.07288056682585], [136.71096470182707, 35.07305198259686], [136.71064698756354, 35.07322997633208], [136.7100728685121, 35.07358905178514], [136.70971168222363, 35.073841947134284], [136.70965615874616, 35.07393910605436], [136.7096959624457, 35.074019650848946], [136.70967957938436, 35.074071579405896], [136.709561111337, 35.07412628778606], [136.70948902911206, 35.07410213115714], [136.7095229946778, 35.074319405064195], [136.70940269960658, 35.07433651684053], [136.70940625546558, 35.07445016198437], [136.709406282315, 35.074754538574105], [136.70940931319407, 35.075296863023155], [136.7093921931746, 35.07544161590712], [136.7093321836677, 35.075579788620026], [136.70924678226578, 35.07577825139978], [136.70926183231242, 35.076115922160085], [136.7092604918245, 35.07653939468719], [136.7092425194473, 35.07677387387435], [136.7091442478258, 35.077261577039856], [136.70910670271638, 35.07754546790321], [136.70906922877077, 35.07783759858918], [136.70898687875766, 35.07814639966079], [136.7088381128582, 35.07858108619171], [136.70864672411824, 35.0790055978982], [136.7084654981499, 35.079446529991415], [136.7082670255214, 35.07991432384905], [136.70750467593462, 35.081551500682146], [136.70738359964582, 35.0818559489487], [136.7073156268451, 35.082094734001586], [136.70731243388622, 35.0823003226598], [136.70727924540108, 35.08251432624223], [136.70730466668164, 35.0825960120838], [136.7073621334464, 35.08268272331598], [136.70741865156378, 35.08272929669021], [136.70747352405726, 35.082793768125114], [136.7077814978381, 35.082514147925174], [136.70793440308424, 35.08238332218777], [136.70831544429822, 35.08216222046663], [136.70823570805558, 35.08189788730703], [136.70823071109723, 35.08179065857766], [136.70831420311075, 35.081548895601266], [136.70834268205775, 35.08130576372309], [136.7083902349761, 35.081148015483386], [136.70846240351113, 35.081003434533116]]]}}, {"type": "Feature", "properties": {"rowId": 314, "city_name": "桑名市", "town_name": "長島町西外面", "households": 368, "population": 1103, "e_stat_code": "242051970"}, "geometry": {"type": "Polygon", "coordinates": [[[136.70045436694423, 35.09880788804255], [136.70008703997465, 35.09797364109015], [136.7005480076645, 35.097287865341585], [136.70052250449731, 35.097216530776905], [136.70049285845477, 35.09714169995841], [136.70036939307624, 35.09724811862103], [136.70020837716592, 35.09732735890613], [136.70004292783526, 35.09736922900955], [136.6998525901504, 35.09741645366814], [136.6996472863034, 35.096950509762905], [136.6994644309674, 35.09653450768873], [136.6994505084253, 35.09649965720313], [136.69920945283238, 35.095895251136795], [136.6991144001572, 35.09568628473679], [136.6990125674311, 35.09541087693338], [136.69894052030455, 35.09523177839882], [136.69888196639667, 35.09500717938517], [136.69886964052364, 35.094918373797334], [136.69882308473268, 35.094583981675676], [136.69878382102723, 35.094355960339236], [136.6987659045857, 35.094199297123744], [136.69876877937253, 35.093898846556826], [136.69876917894632, 35.09385525111974], [136.69880490638226, 35.09366919376448], [136.698853684841, 35.09341122825676], [136.69898214229462, 35.09282145304239], [136.6990184132367, 35.092649055488266], [136.69907983001477, 35.092366015657454], [136.69915244719647, 35.09213051870742], [136.69930772605315, 35.09186722095639], [136.69939278356227, 35.091764192322955], [136.69942258285516, 35.09172690617137], [136.6996987351577, 35.09154136553476], [136.70008293060198, 35.091385766195515], [136.69994762139564, 35.09119351112965], [136.6997935145407, 35.090981925751365], [136.6996146693604, 35.09077322976823], [136.69932884820025, 35.090483808881835], [136.69903262257813, 35.09021479894423], [136.69882920983562, 35.09003842743177], [136.6987862172511, 35.0899804336878], [136.69873314999685, 35.08998658365819], [136.69862375211204, 35.09003376439438], [136.69842281866028, 35.090142599784194], [136.69834498882426, 35.090148891943], [136.69828090485666, 35.090114329434], [136.69805989332758, 35.089943832645346], [136.69717716525162, 35.08920345140229], [136.69713353313423, 35.08916574318047], [136.69591789391006, 35.08811528416871], [136.69584585777284, 35.088122598227066], [136.6956212372346, 35.088267130298625], [136.69531148279754, 35.088501026077196], [136.69517468471608, 35.08858040450794], [136.69476293970877, 35.08880579795788], [136.69442011829938, 35.089050866306835], [136.69425144094882, 35.089134580513594], [136.69410216016865, 35.08919191502277], [136.69396961977327, 35.08919267273733], [136.6925478113089, 35.0884330890084], [136.69130930515186, 35.08941983055066], [136.6886992011608, 35.09124789530838], [136.68601572579644, 35.0923201635073], [136.68461892157123, 35.09287827635263], [136.68210143787726, 35.09309682131692], [136.68180174204898, 35.09317188763563], [136.68134662727715, 35.09322796587686], [136.68078322157675, 35.093311410664754], [136.6800786074254, 35.09336881273691], [136.6796948335518, 35.09352920676749], [136.68328469665533, 35.09672302415597], [136.68479589131147, 35.0978826403162], [136.68511194094376, 35.09820361362362], [136.6855742433461, 35.09869630077386], [136.68569076979412, 35.0988636759252], [136.68729156978912, 35.09853053391345], [136.6880932104257, 35.09836408931903], [136.68848438351864, 35.09829313810131], [136.68893222806224, 35.09830721818811], [136.6891248494485, 35.098347042618705], [136.68947425278967, 35.09845963980086], [136.69111767388225, 35.09894580689848], [136.69165379684978, 35.09909846309911], [136.69303475761959, 35.09935961325223], [136.69406215903277, 35.099554174077014], [136.6950714645224, 35.0997613659024], [136.69716064366716, 35.10016919269975], [136.69885184539723, 35.100490474224316], [136.6990247385661, 35.100511945825744], [136.69917614914607, 35.100496144209984], [136.69929537620675, 35.10044440087562], [136.6996895560447, 35.100118318903924], [136.7004391827798, 35.099422008218774], [136.70052625135972, 35.09930262947129], [136.70055994136882, 35.099199051285005], [136.70054790122816, 35.0990788359198], [136.70045436694423, 35.09880788804255]]]}}, {"type": "Feature", "properties": {"rowId": 325, "city_name": "桑名市", "town_name": "長島町西川", "households": 79, "population": 232, "e_stat_code": "242052080"}, "geometry": {"type": "Polygon", "coordinates": [[[136.69402082844442, 35.124530278022505], [136.69685567863405, 35.12189140586132], [136.6992896773049, 35.11976508872608], [136.70090169871736, 35.11837789496455], [136.696813502637, 35.11622245047797], [136.69511327446, 35.11552287594896], [136.6944330605695, 35.11668629140001], [136.6913594782862, 35.117175864351864], [136.6907228309606, 35.117373079291205], [136.68973062576498, 35.116303336888144], [136.6892357810125, 35.11578690763453], [136.68872788075186, 35.11550111913892], [136.6877036878401, 35.11495430070309], [136.68746688481772, 35.11481134138685], [136.68731136561453, 35.11465728807948], [136.68724618687403, 35.114545048693216], [136.68693401140803, 35.11385046114693], [136.68662005359585, 35.11316750209287], [136.68641014997888, 35.112638677199875], [136.6863629822637, 35.112455982037694], [136.6863278772644, 35.112224485377396], [136.68635225546404, 35.111855677774514], [136.68646743025104, 35.1112969178101], [136.6865803740689, 35.110635772083036], [136.68646340603618, 35.109717046178005], [136.68204609553587, 35.110613082152895], [136.68342732931242, 35.115259984028256], [136.68241027755292, 35.11546888311766], [136.68349051026857, 35.11903577659182], [136.68443576762598, 35.1221072761002], [136.68474771985302, 35.123117088065804], [136.68717684109686, 35.1226208299894], [136.68768867495726, 35.123989018292086], [136.68757095255856, 35.12403567075952], [136.68829780960883, 35.125841867755696], [136.6894392901295, 35.1254084180041], [136.69156730170286, 35.12501026255376], [136.69402082844442, 35.124530278022505]]]}}, {"type": "Feature", "properties": {"rowId": 328, "city_name": "桑名市", "town_name": "長島町赤地", "households": 33, "population": 97, "e_stat_code": "242052110"}, "geometry": {"type": "Polygon", "coordinates": [[[136.7153198199799, 35.07287794389684], [136.71563503048517, 35.072889888957945], [136.71590801481818, 35.0728779274983], [136.71616552647427, 35.07278140456962], [136.7164794860035, 35.072655251624035], [136.71672677244666, 35.072584705372925], [136.71714203159442, 35.0725132357611], [136.72269808583184, 35.073955905084276], [136.72285643344043, 35.07371819233839], [136.72412941616645, 35.07180658349294], [136.72455090495524, 35.071018120890095], [136.7184566878827, 35.069451332646636], [136.7182368829307, 35.06855330491724], [136.7154098722089, 35.06785532704001], [136.7121150956887, 35.06701396591229], [136.712050667111, 35.06722857705268], [136.7118417936258, 35.06717923699326], [136.71172093018848, 35.06744467370281], [136.70501206022215, 35.06571677961922], [136.70380072267216, 35.06780599624754], [136.701412105402, 35.06985397570435], [136.70781655448283, 35.07280121098734], [136.70796783376875, 35.07287561342957], [136.70806069957726, 35.072906199832154], [136.70836133697276, 35.072936842578315], [136.70848630249995, 35.072949845891415], [136.70924102581083, 35.07393315078639], [136.709489029112, 35.07410213115714], [136.70956111133697, 35.07412628778606], [136.70967957938433, 35.074071579405896], [136.70969596244566, 35.074019650848946], [136.70965615874616, 35.07393910605436], [136.7097116822236, 35.073841947134284], [136.71007286851207, 35.073589051785135], [136.71064698756354, 35.07322997633208], [136.71096470182707, 35.073051982596844], [136.71134971837503, 35.07288056682585], [136.71148382835648, 35.07284175085833], [136.71207987790353, 35.072779521663755], [136.71245345803618, 35.07274627237102], [136.71307311720128, 35.072744324414074], [136.71347655587726, 35.07275582832474], [136.7140358271879, 35.07281817578224], [136.7153198199799, 35.07287794389684]]]}}, {"type": "Feature", "properties": {"rowId": 326, "city_name": "桑名市", "town_name": "長島町鎌ケ地", "households": 35, "population": 109, "e_stat_code": "242052090"}, "geometry": {"type": "Polygon", "coordinates": [[[136.7196512546495, 35.082040860015], [136.71981519774062, 35.081501698474035], [136.72040485469873, 35.07955481913903], [136.7142717979047, 35.078437554494386], [136.71413743429488, 35.078924277545674], [136.71331592032075, 35.07915024121306], [136.71326064726676, 35.07931043031433], [136.71203536285796, 35.07909747237052], [136.71185030504878, 35.079849288189514], [136.71146247393352, 35.07978444579466], [136.71151324498194, 35.079529491239654], [136.7103802264794, 35.07932668003877], [136.71025831072592, 35.079843538477235], [136.70998063252583, 35.07979149826507], [136.70967544270667, 35.081031636242855], [136.708599720071, 35.08085861490046], [136.70846240351113, 35.081003434533116], [136.70839023497612, 35.081148015483386], [136.70834268205772, 35.08130576372309], [136.70831420311075, 35.081548895601266], [136.70823071109726, 35.08179065857766], [136.70823570805558, 35.081897887307015], [136.70831544429822, 35.08216222046664], [136.70793440308424, 35.082383322187766], [136.7077814978381, 35.082514147925146], [136.70747352405726, 35.08279376812511], [136.70878476033778, 35.084022083719724], [136.70898911569697, 35.0841829385599], [136.7091900060075, 35.08428479768427], [136.70940246283075, 35.08434729177896], [136.70966085216534, 35.084371558019335], [136.71098209936108, 35.084423904089675], [136.71132758664828, 35.084336032551505], [136.71217200316556, 35.08413114752472], [136.71265153938083, 35.084015443424015], [136.7129896433608, 35.083936202824624], [136.7137446573343, 35.08375141023238], [136.71369466567916, 35.08417862072036], [136.71394548520817, 35.084189400020946], [136.71409202250715, 35.08421804720727], [136.71414691522347, 35.0843526583267], [136.71419609093874, 35.084514276936595], [136.714334283347, 35.083548147311106], [136.7196512546495, 35.082040860015]]]}}, {"type": "Feature", "properties": {"rowId": 301, "city_name": "桑名市", "town_name": "長島町長島下町", "households": 54, "population": 135, "e_stat_code": "242051840"}, "geometry": {"type": "Polygon", "coordinates": [[[136.70018414276524, 35.093521528912525], [136.70087391337665, 35.0932278929511], [136.70080218755044, 35.093081822499336], [136.70064791598105, 35.09273692502389], [136.70045563476188, 35.092550633140256], [136.70118820426515, 35.0924135148834], [136.70101984741405, 35.09211461577185], [136.70084647886526, 35.09220083101187], [136.70073331538538, 35.09205837994896], [136.70089821201182, 35.09194833962957], [136.70051110000264, 35.09128280190251], [136.70008293060198, 35.091385766195515], [136.6996987351577, 35.09154136553476], [136.69942258285516, 35.09172690617137], [136.69939278356227, 35.091764192322955], [136.69930772605315, 35.09186722095639], [136.69915244719647, 35.09213051870742], [136.69907983001477, 35.092366015657454], [136.6990184132367, 35.092649055488266], [136.69898214229462, 35.09282145304239], [136.698853684841, 35.09341122825676], [136.6992642780217, 35.09332048208414], [136.69939078381543, 35.09329968214979], [136.69963654267266, 35.09325171661928], [136.6998245534752, 35.09364973225379], [136.70018414276524, 35.093521528912525]]]}}, {"type": "Feature", "properties": {"rowId": 300, "city_name": "桑名市", "town_name": "長島町長島中町", "households": 66, "population": 193, "e_stat_code": "242051830"}, "geometry": {"type": "Polygon", "coordinates": [[[136.69921312914155, 35.09516133494572], [136.70018164649574, 35.09492708784314], [136.70025751824335, 35.09509221902169], [136.70047069790405, 35.09503619908107], [136.70065264747643, 35.09498064167573], [136.70092529308198, 35.0948699803269], [136.70117507493498, 35.094750999435625], [136.70135260547502, 35.094664760286655], [136.7015345003025, 35.09457314336665], [136.70138510271394, 35.09434258967583], [136.7012337738692, 35.09410162292498], [136.7011240014386, 35.09387048748927], [136.70101367783897, 35.093574704877796], [136.70087391337665, 35.0932278929511], [136.70018414276524, 35.093521528912525], [136.6998245534752, 35.09364973225379], [136.69963654267266, 35.09325171661928], [136.69939078381543, 35.09329968214979], [136.6992642780217, 35.09332048208414], [136.698853684841, 35.09341122825676], [136.69880490638226, 35.09366919376448], [136.69876917894632, 35.09385525111974], [136.69876877937253, 35.093898846556826], [136.6987659045857, 35.094199297123744], [136.69878382102723, 35.094355960339236], [136.69882308473268, 35.094583981675676], [136.69886964052364, 35.094918373797334], [136.69888196639667, 35.09500717938517], [136.69894052030455, 35.09523177839882], [136.6990125674311, 35.09541087693338], [136.69926495008065, 35.09535484541302], [136.69921312914155, 35.09516133494572]]]}}, {"type": "Feature", "properties": {"rowId": 299, "city_name": "桑名市", "town_name": "長島町長島萱町", "households": 43, "population": 105, "e_stat_code": "242051820"}, "geometry": {"type": "Polygon", "coordinates": [[[136.7005480076645, 35.097287865341585], [136.7011541101055, 35.09641561000671], [136.70133429724322, 35.09615899816184], [136.70146545872782, 35.095981052899646], [136.70162617810874, 35.09586765600294], [136.70187803586907, 35.09575042352597], [136.70215902274487, 35.095643091792915], [136.70238225357323, 35.09557024986774], [136.7026470422318, 35.09550744918628], [136.7029079681435, 35.09547868597334], [136.70307570097597, 35.095458982402185], [136.70264996398745, 35.093916180690435], [136.70202387495192, 35.09438657732009], [136.70161616584542, 35.09469901491946], [136.7015345003025, 35.09457314336665], [136.70135260547502, 35.094664760286655], [136.70117507493498, 35.094750999435625], [136.70092529308198, 35.09486998032691], [136.70065264747643, 35.09498064167573], [136.70047069790405, 35.09503619908107], [136.70025751824335, 35.09509221902169], [136.70018164649574, 35.094927087843146], [136.69921312914155, 35.09516133494572], [136.69926495008062, 35.095354845413006], [136.6990125674311, 35.095410876933336], [136.6991144001572, 35.09568628473679], [136.69920945283238, 35.095895251136795], [136.6993467235007, 35.0959455189359], [136.69951254848624, 35.09594801509742], [136.6996698730764, 35.095923235758576], [136.6998020275925, 35.09586113471249], [136.69988843936008, 35.095785634649815], [136.6999624149662, 35.09571372740604], [136.6999838825564, 35.0955585989679], [136.70014451025804, 35.09591543083968], [136.69997079634138, 35.095967559580636], [136.70012852365835, 35.096325816672], [136.70014241750164, 35.096357357292], [136.7003228129197, 35.09676104828891], [136.70049285845477, 35.09714169995841], [136.7005225044973, 35.097216530776905], [136.7005480076645, 35.097287865341585]]]}}, {"type": "Feature", "properties": {"rowId": 310, "city_name": "桑名市", "town_name": "長島町間々", "households": 42, "population": 128, "e_stat_code": "242051930"}, "geometry": {"type": "Polygon", "coordinates": [[[136.69631779224716, 35.11131294631496], [136.69612914771199, 35.11118015003458], [136.69589265623068, 35.11090783353263], [136.6958283023889, 35.11068150578819], [136.6958422652107, 35.110489025427285], [136.6959232352431, 35.110219117550976], [136.6962514665754, 35.109648489096685], [136.69693854984988, 35.10874867988749], [136.69786292530358, 35.10716403368209], [136.69896566140227, 35.10528503478989], [136.69714094715587, 35.104541617301194], [136.6959290003347, 35.10405700289657], [136.69577405235867, 35.10402535436244], [136.69234254736898, 35.10366783804393], [136.69227388402092, 35.10407105727109], [136.69200713245402, 35.10576860924329], [136.69013865756168, 35.10557190786986], [136.6895506489394, 35.109167377472644], [136.68984968752355, 35.109201596501], [136.6906147249836, 35.10927697251568], [136.690796874973, 35.10924593725871], [136.69093963716358, 35.10918308200374], [136.69291699565287, 35.109441621181674], [136.6930203506589, 35.10964441769997], [136.69368787641298, 35.109700611775246], [136.6933574665744, 35.110066520800885], [136.69328612446873, 35.11025960894077], [136.69332356650392, 35.110375032321166], [136.69631779224716, 35.11131294631496]]]}}, {"type": "Feature", "properties": {"rowId": 317, "city_name": "桑名市", "town_name": "長島町駒江", "households": 42, "population": 112, "e_stat_code": "242052000"}, "geometry": {"type": "Polygon", "coordinates": [[[136.70747352405726, 35.08279376812511], [136.70741865156376, 35.08272929669021], [136.7073621334464, 35.082682723316], [136.70730466668164, 35.0825960120838], [136.70727924540105, 35.08251432624224], [136.70731243388622, 35.0823003226598], [136.70731562684506, 35.082094734001586], [136.70738359964582, 35.081855948948665], [136.70750467593462, 35.08155150068213], [136.7082670255214, 35.07991432384905], [136.70846549814996, 35.079446529991436], [136.7086467241183, 35.079005597898195], [136.7088381128582, 35.07858108619171], [136.70898687875768, 35.07814639966079], [136.70906922877077, 35.07783759858918], [136.70910670271638, 35.077545467903214], [136.7091442478258, 35.077261577039856], [136.7092425194473, 35.07677387387435], [136.7092604918245, 35.07653939468719], [136.70926183231242, 35.076115922160085], [136.70924678226578, 35.07577825139978], [136.70850270444876, 35.075660477544275], [136.7081970561371, 35.07557169429608], [136.70797159652062, 35.07557300879107], [136.70743931642053, 35.075651957578586], [136.70691221703404, 35.07573087440552], [136.70637735172232, 35.075803495847516], [136.70615757177052, 35.07587217056392], [136.70601776801462, 35.07600143838143], [136.70575276719487, 35.076339751010586], [136.69742029785567, 35.07366666997014], [136.69629577458946, 35.075234582123734], [136.6969662670779, 35.07774933598799], [136.69629712338573, 35.07937104722697], [136.70136126623504, 35.08116500029259], [136.70204291574797, 35.08138599997846], [136.70445226217225, 35.08215933275826], [136.70574011693262, 35.08257581520984], [136.70561715216553, 35.08273674697085], [136.7060775772076, 35.08325535737374], [136.7063407825414, 35.08349566606168], [136.70747352405726, 35.08279376812511]]]}}, {"type": "Feature", "properties": {"rowId": 311, "city_name": "桑名市", "town_name": "長島町高座", "households": 35, "population": 106, "e_stat_code": "242051940"}, "geometry": {"type": "Polygon", "coordinates": [[[136.69332356650392, 35.110375032321166], [136.69328612446873, 35.11025960894077], [136.6933574665744, 35.110066520800885], [136.69368787641298, 35.109700611775246], [136.6930203506589, 35.10964441769997], [136.69291699565287, 35.109441621181674], [136.69093963716358, 35.10918308200374], [136.690796874973, 35.10924593725871], [136.6906147249836, 35.10927697251568], [136.68984968752355, 35.109201596501], [136.6895506489394, 35.109167377472644], [136.69013865756168, 35.10557190786986], [136.6886019257616, 35.10540097457824], [136.6864579459623, 35.10518274998797], [136.68588619736556, 35.10509766735818], [136.68378555692686, 35.10466985591446], [136.6828433694666, 35.10776388944661], [136.68495449805803, 35.10819242674901], [136.68540808362158, 35.10829254788926], [136.686449705955, 35.10839357309117], [136.6863865261263, 35.10892844935344], [136.68632545808126, 35.109091332437934], [136.68646340603618, 35.10971704617804], [136.6865803740689, 35.110635772083036], [136.68766199187812, 35.11022979069284], [136.68791121819453, 35.11016422481055], [136.68807805573644, 35.11019750620884], [136.68853748868497, 35.11037455703281], [136.68897779445552, 35.11044255710474], [136.69040618362274, 35.11073812308264], [136.6907263449532, 35.11075123500723], [136.6910541466854, 35.110745146149824], [136.6917253799841, 35.1107370335246], [136.69221955061556, 35.1107085153607], [136.6928277450814, 35.110598428866176], [136.69326001253154, 35.11056166737601], [136.69331716365832, 35.1105399324289], [136.69332356650392, 35.110375032321166]]]}}, {"type": "Feature", "properties": {"rowId": 270, "city_name": "桑名市", "town_name": "陽だまりの丘一丁目", "households": 239, "population": 687, "e_stat_code": "24205161001"}, "geometry": {"type": "Polygon", "coordinates": [[[136.65055693889366, 35.0838785857715], [136.65039869899533, 35.08380302382459], [136.65032583295556, 35.08378679366739], [136.6502491861365, 35.08380713538525], [136.65015665529927, 35.08386080167004], [136.6500436438919, 35.08388133761395], [136.64998297827964, 35.08387497233637], [136.64996519716226, 35.08366907517986], [136.64923166415178, 35.08387026324309], [136.64841880853248, 35.08408426624354], [136.64744168596184, 35.08433301506049], [136.64689547932767, 35.084454244011546], [136.6469070268338, 35.08468003514109], [136.6469619084042, 35.08575516438235], [136.64697269561086, 35.0859664888429], [136.64697011238343, 35.08603551960541], [136.6469567911579, 35.08639398312679], [136.6469372472594, 35.08691945781042], [136.64682691813337, 35.08722118509204], [136.64671581160263, 35.087478688869346], [136.64652591049418, 35.08768006099446], [136.64626583476291, 35.08785969465191], [136.6464013647687, 35.08803728762885], [136.64653691526232, 35.08819016169631], [136.64663053459668, 35.08821367772673], [136.64855473159142, 35.08821593831734], [136.64857423255006, 35.0881848470056], [136.6486561489115, 35.08806651736275], [136.64885705575824, 35.08791916934682], [136.6489478246167, 35.08786959802389], [136.64897380232728, 35.087855443895634], [136.64913497109458, 35.0877914806139], [136.64944915846044, 35.087656977089594], [136.64949336098957, 35.08762342934515], [136.6495368886757, 35.08751030538787], [136.64956883565122, 35.087460272793265], [136.6496774303663, 35.08738989993821], [136.64980588651633, 35.08727956053412], [136.64985374796638, 35.08719965279222], [136.6498892997213, 35.08709643040008], [136.64993518473102, 35.087021464071704], [136.65006764100482, 35.08690779187763], [136.65018422577577, 35.08682406595714], [136.6502362687802, 35.08676399607869], [136.65029606613314, 35.086660643593824], [136.65034342413188, 35.08651763758773], [136.65040331536767, 35.08642090475413], [136.65051105159418, 35.08624757524805], [136.6506271182856, 35.08610413045163], [136.65072953889307, 35.08595347361688], [136.65075296425144, 35.085919013042954], [136.6508365733528, 35.08575574202853], [136.6508401258647, 35.08569600262475], [136.65085566795375, 35.085619437204706], [136.65089936771977, 35.08552286140919], [136.65103809587694, 35.08517999311803], [136.6511015638382, 35.085026830337746], [136.65110090442315, 35.084943802320744], [136.65107189330584, 35.084850926690606], [136.65107318066242, 35.08475950875395], [136.65112488089767, 35.084656269423604], [136.6512091307806, 35.08457940608254], [136.6513216698715, 35.08449908081245], [136.65135745651475, 35.08442578755311], [136.6514009158741, 35.08429928224101], [136.65145618268576, 35.08413292339903], [136.6510672978416, 35.08401873974592], [136.65055693889366, 35.0838785857715]]]}}, {"type": "Feature", "properties": {"rowId": 276, "city_name": "桑名市", "town_name": "陽だまりの丘七丁目", "households": 518, "population": 1469, "e_stat_code": "24205161007"}, "geometry": {"type": "Polygon", "coordinates": [[[136.64079691502332, 35.08545942510367], [136.6407813901573, 35.084700467289856], [136.63932021206855, 35.08472480437451], [136.63892319761268, 35.08478626702509], [136.63858342136388, 35.08488686367887], [136.63831031598573, 35.08496774190634], [136.63773473806162, 35.085297474417146], [136.6370530441451, 35.08592481368997], [136.63703794089673, 35.085940326066186], [136.63597754051617, 35.08702944483909], [136.63551078006884, 35.08741803253273], [136.6349347182105, 35.08768838482454], [136.63530065731416, 35.088280501230955], [136.63551784967694, 35.08845676270601], [136.63573702674807, 35.088634632620966], [136.63601491474788, 35.08881713976421], [136.63629137292483, 35.08899870801887], [136.6367871792498, 35.08932433178026], [136.636996995877, 35.089462129078285], [136.63707981938032, 35.08937014141173], [136.63751042692806, 35.08898180794152], [136.6379431126041, 35.0888607243871], [136.63837612047897, 35.088825345226006], [136.6387728697469, 35.08867810846701], [136.63881723154893, 35.088637028189176], [136.63974155212776, 35.08778191217039], [136.6406136037594, 35.08687903498654], [136.64065748191322, 35.08675027852693], [136.64081394906046, 35.086291124380864], [136.64081145080874, 35.08616866857142], [136.64079691502332, 35.08545942510367]]]}}, {"type": "Feature", "properties": {"rowId": 272, "city_name": "桑名市", "town_name": "陽だまりの丘三丁目", "households": 236, "population": 822, "e_stat_code": "24205161003"}, "geometry": {"type": "Polygon", "coordinates": [[[136.6412326851924, 35.09289336297857], [136.64163578970164, 35.09275164726618], [136.64172281946819, 35.092755875898476], [136.64206844411447, 35.092772667118915], [136.64227129193642, 35.09286462446619], [136.6424177686809, 35.09299004983062], [136.64253941402146, 35.09303588504644], [136.64261994052262, 35.09299559767607], [136.64286884511824, 35.09278166500843], [136.64302989856057, 35.092701089748005], [136.6431748100773, 35.09262722040777], [136.64328752449146, 35.0925667605456], [136.6433271825438, 35.09246696972024], [136.6434150343605, 35.09233361151961], [136.643542948756, 35.09214686970029], [136.643637016556, 35.09177424407109], [136.64370019118488, 35.091581225826], [136.64386066722778, 35.09142755183279], [136.64409377818296, 35.091249123515865], [136.64415795482353, 35.091200048925735], [136.64438306388996, 35.091039410192266], [136.64456315547892, 35.0908092186652], [136.64465821093037, 35.09056293035718], [136.64487375153502, 35.09048725540237], [136.64515802452092, 35.09038744742655], [136.64528557670542, 35.09016084488618], [136.64529153007737, 35.08988840910723], [136.6453225653556, 35.08972211172645], [136.64538600420346, 35.08956895102358], [136.64566958056858, 35.08964716239537], [136.64604275401047, 35.08981461655779], [136.64616448612244, 35.08987706849645], [136.64634309509893, 35.08997583806106], [136.64648535190003, 35.09007142086932], [136.6467555770752, 35.0902543520902], [136.6471044027608, 35.090408622232005], [136.64726200819078, 35.090407781299504], [136.6474033039528, 35.09038709746883], [136.6477139778442, 35.090315647598096], [136.64794542012842, 35.0901932099052], [136.6482864625274, 35.089872431867164], [136.64848755905058, 35.08974839470549], [136.64859151097838, 35.08960501738286], [136.6485582130159, 35.08947892325865], [136.64848456305077, 35.08936973505803], [136.64836014874194, 35.08922257844804], [136.64827370811574, 35.08902366704169], [136.64824800044744, 35.08884436075378], [136.648247028554, 35.08872147416172], [136.64831812920482, 35.08850848134977], [136.64844614291667, 35.088341663716406], [136.64853032062138, 35.08825487306355], [136.64855473159142, 35.08821593831734], [136.64663053459668, 35.08821367772673], [136.64653691526232, 35.08819016169631], [136.6464013647687, 35.08803728762885], [136.64626583476291, 35.08785969465191], [136.64534854335614, 35.088369455180455], [136.64501815186262, 35.08855305650558], [136.64470529091318, 35.08863399560124], [136.6444611686766, 35.08869715082829], [136.64425674538202, 35.088698237683836], [136.64303564448375, 35.08870472271884], [136.64304069360855, 35.08934831065037], [136.64304693541516, 35.090143895745115], [136.64305194269014, 35.09078210394291], [136.64305531535953, 35.09121196017811], [136.6430429763844, 35.09125580687044], [136.64297049790525, 35.09151333606816], [136.6428562495051, 35.091596549979016], [136.64269314238598, 35.09171537727228], [136.6423795672349, 35.09174570241033], [136.64169563596354, 35.09175310366328], [136.64119420239885, 35.091758527337284], [136.64072174181345, 35.09176363183732], [136.64072517003842, 35.09199501132315], [136.6407306617776, 35.09236582949467], [136.64073335653356, 35.09254782240862], [136.64070462805412, 35.09261037073114], [136.6406234155902, 35.09267798531053], [136.64054185748722, 35.09270721952927], [136.64004591269378, 35.09277223608716], [136.63997608840853, 35.092806196857254], [136.63989483630056, 35.09286909266758], [136.63984294794548, 35.092955778452406], [136.63980865328037, 35.09305194804134], [136.63980988610112, 35.093822116388814], [136.63981016644945, 35.09399760546967], [136.64031971298627, 35.093994493247635], [136.6403581390976, 35.09374181702804], [136.64037303539072, 35.09357560600379], [136.64047692845187, 35.093422234571726], [136.64065351251304, 35.093261859515856], [136.64091892856297, 35.09308763437826], [136.6412326851924, 35.09289336297857]]]}}, {"type": "Feature", "properties": {"rowId": 271, "city_name": "桑名市", "town_name": "陽だまりの丘二丁目", "households": 488, "population": 1417, "e_stat_code": "24205161002"}, "geometry": {"type": "Polygon", "coordinates": [[[136.64605617757155, 35.0844451997126], [136.64532826521332, 35.0844379514947], [136.64473140519928, 35.084431972556175], [136.64379357870428, 35.084450479903154], [136.64345624577152, 35.08445227148846], [136.64315069690724, 35.08431184629308], [136.64295613375938, 35.084153929538594], [136.64226248180705, 35.08383301896887], [136.6418174506003, 35.0837406556346], [136.64152107259548, 35.08371518170546], [136.64124152689675, 35.083743704381774], [136.6408388773624, 35.083806751320665], [136.64076304760667, 35.08380567335806], [136.6407813901573, 35.084700467289856], [136.64079691502332, 35.08545942510367], [136.64081145080874, 35.08616866857142], [136.64081394906046, 35.086291124380864], [136.64065748191322, 35.08675027852693], [136.6406136037594, 35.08687903498654], [136.63974155212776, 35.08778191217039], [136.64018638488773, 35.08809109345436], [136.64068098458165, 35.08843485944974], [136.64115516143525, 35.0886794031829], [136.64115593385966, 35.088679399096534], [136.6418852702435, 35.088710820882895], [136.64303564448375, 35.08870472271884], [136.64425674538202, 35.088698237683836], [136.6444611686766, 35.08869715082829], [136.64470529091318, 35.08863399560124], [136.64501815186262, 35.08855305650558], [136.64534854335614, 35.088369455180455], [136.64626583476291, 35.08785969465191], [136.64652591049418, 35.08768006099446], [136.64671581160263, 35.087478688869346], [136.64682691813337, 35.08722118509204], [136.6469372472594, 35.08691945781042], [136.6469567911579, 35.08639398312679], [136.64697011238343, 35.08603551960541], [136.64697269561086, 35.0859664888429], [136.6469619084042, 35.08575516438235], [136.6469070268338, 35.08468003514109], [136.64689547932767, 35.084454244011546], [136.64605617757155, 35.0844451997126]]]}}, {"type": "Feature", "properties": {"rowId": 274, "city_name": "桑名市", "town_name": "陽だまりの丘五丁目", "households": 188, "population": 641, "e_stat_code": "24205161005"}, "geometry": {"type": "Polygon", "coordinates": [[[136.63541644567917, 35.09502025390351], [136.63578363746615, 35.094935297139195], [136.63595297891746, 35.09487792814552], [136.6360295702321, 35.094854286734446], [136.63611383719848, 35.09477081325008], [136.63623881279096, 35.094726987611814], [136.63639216762877, 35.09469625219065], [136.6364529402409, 35.09471579296697], [136.6364977723871, 35.0947621078522], [136.6365668508826, 35.094808225543346], [136.63665164047822, 35.09479778000069], [136.6367927438126, 35.09475062955225], [136.63687342918107, 35.094730204535686], [136.63695032197035, 35.09473980091051], [136.63702687661907, 35.09470615817688], [136.63713524476236, 35.094609317996195], [136.63727631797764, 35.09455871631032], [136.63736126490835, 35.09456819911037], [136.63749498230496, 35.09460742693995], [136.63751370198656, 35.09467866940574], [136.63753864882747, 35.094768258902086], [136.63764115851708, 35.094953782385666], [136.63776337362938, 35.09507279227265], [136.63781644121048, 35.09514223335956], [136.637882011128, 35.09525485017517], [136.63791895210224, 35.09532768713755], [136.63795962622407, 35.09535740376017], [136.63804462671558, 35.09537364663499], [136.63868256593295, 35.095280495670565], [136.63880772208938, 35.095259906539766], [136.63900946893975, 35.0952156722521], [136.63962972890621, 35.09466914382302], [136.63984666596554, 35.09450200711512], [136.64005600506823, 35.094387941144454], [136.64018487525976, 35.09432739900764], [136.64024900151333, 35.094260649698825], [136.64031971298627, 35.093994493247635], [136.63981016644945, 35.09399760546967], [136.63980988610112, 35.093822116388814], [136.63980865328037, 35.09305194804134], [136.63984294794548, 35.092955778452406], [136.63989483630056, 35.09286909266758], [136.63997608840853, 35.092806196857254], [136.64004591269378, 35.09277223608716], [136.64054185748722, 35.09270721952927], [136.6406234155902, 35.09267798531053], [136.64070462805412, 35.09261037073114], [136.64073335653356, 35.09254782240862], [136.6407306617776, 35.09236582949467], [136.64072517003842, 35.09199501132315], [136.64072174181345, 35.09176363183732], [136.63981700583375, 35.09177334040739], [136.63976474425408, 35.09177389739667], [136.63929346349465, 35.0917047617059], [136.63894378483081, 35.09157758699692], [136.6385587218528, 35.091379046028855], [136.63852469287468, 35.09135521040311], [136.63817306029804, 35.091108815050596], [136.63789324006171, 35.09099563570962], [136.63750925435775, 35.090940330038606], [136.63691619715075, 35.09094344776883], [136.63658615177707, 35.09094518157623], [136.6365896264996, 35.09139250195498], [136.63630465505855, 35.09192866357242], [136.6358737965909, 35.09228734450929], [136.63529769958583, 35.09255769821652], [136.63407318393803, 35.093098779493495], [136.63263275688547, 35.0937597920648], [136.63166049924095, 35.09421038086809], [136.63096590454379, 35.09447880395548], [136.63113973497425, 35.094481207030874], [136.63154896652676, 35.09460865293533], [136.63161401482427, 35.09465479429221], [136.63174504267766, 35.094873342829196], [136.63184710513946, 35.095002462615774], [136.63195688714512, 35.09508822995877], [136.63209057547706, 35.09512401220286], [136.63218733758217, 35.095093575687834], [136.6323282607779, 35.09502318780099], [136.63251787627215, 35.09497233574631], [136.63281089722184, 35.0949691127714], [136.6329323158273, 35.09499171776802], [136.63306616210866, 35.095047568176504], [136.63324143163825, 35.09523602406596], [136.63351835398657, 35.09550028805978], [136.63369296005504, 35.095602405830334], [136.63389176038893, 35.09569763511422], [136.63401738097818, 35.095736978038694], [136.63414681967606, 35.09574953869462], [136.63422748241746, 35.095725805494695], [136.63428354410615, 35.09566241053782], [136.6343711977267, 35.095495817340044], [136.63441874106238, 35.09537260622811], [136.6344703055163, 35.095242823928466], [136.63452247039726, 35.09519606912864], [136.6346194536059, 35.09518887044806], [136.6348336093258, 35.0951811298452], [136.63500502999534, 35.095132060795656], [136.63541644567917, 35.09502025390351]]]}}, {"type": "Feature", "properties": {"rowId": 277, "city_name": "桑名市", "town_name": "陽だまりの丘八丁目", "households": 367, "population": 1211, "e_stat_code": "24205161008"}, "geometry": {"type": "Polygon", "coordinates": [[[136.63597754051617, 35.08702944483909], [136.63703794089673, 35.085940326066186], [136.6370530441451, 35.08592481368997], [136.63773473806162, 35.085297474417146], [136.63831031598573, 35.08496774190634], [136.63858342136388, 35.08488686367887], [136.63892319761268, 35.08478626702509], [136.63932021206855, 35.08472480437451], [136.6407813901573, 35.084700467289856], [136.64076304760667, 35.08380567335806], [136.64015588803292, 35.08379676955421], [136.6393663071064, 35.08383481170024], [136.6389593599355, 35.083874072535274], [136.63893344094458, 35.083879349665665], [136.63867943336678, 35.08359560813596], [136.63807913675515, 35.08370863333226], [136.63721835563328, 35.08407141512228], [136.63719333352424, 35.08408196904302], [136.6367798328031, 35.084309432159245], [136.63580268040386, 35.08503564459549], [136.63578057647723, 35.085052028744315], [136.63575228329728, 35.085068262694314], [136.63527617276796, 35.085341444712284], [136.63453052416946, 35.085584303553816], [136.63364539942214, 35.08562330450477], [136.63375372976785, 35.08578880057368], [136.63251461281249, 35.08629804168643], [136.63231419226153, 35.08588949584212], [136.63220949969553, 35.08577905238284], [136.63191703413986, 35.085550147602035], [136.63172932702122, 35.08544020716609], [136.63147955360282, 35.08536467576349], [136.63119903501598, 35.085340574089855], [136.6310616250998, 35.08531481019909], [136.63079243249047, 35.08786440345704], [136.632262737752, 35.08795049468397], [136.63266990805116, 35.08797433113708], [136.6334933720859, 35.08797481478946], [136.63391943407763, 35.08793899293609], [136.6349347182105, 35.08768838482454], [136.63551078006884, 35.08741803253273], [136.63597754051617, 35.08702944483909]]]}}, {"type": "Feature", "properties": {"rowId": 275, "city_name": "桑名市", "town_name": "陽だまりの丘六丁目", "households": 207, "population": 627, "e_stat_code": "24205161006"}, "geometry": {"type": "Polygon", "coordinates": [[[136.6294002648645, 35.096668037669986], [136.62955764157547, 35.09663066793974], [136.62974380555715, 35.09665955878767], [136.6300152485524, 35.09674124607992], [136.6300588989626, 35.09663467610628], [136.63014431228328, 35.09644316660303], [136.6301918111469, 35.09631340656852], [136.6302678079988, 35.0962066685127], [136.6303923502426, 35.09610636721002], [136.63034703691665, 35.09599688001225], [136.63032545959243, 35.095820999781964], [136.6303356660678, 35.09557178069002], [136.63033284653292, 35.09546714367461], [136.63038052321306, 35.09536055268969], [136.63055699364003, 35.09517694904533], [136.63081031011956, 35.09500280400324], [136.6308073446519, 35.09488492736049], [136.63082233596947, 35.094728716415396], [136.63086965361398, 35.09457557696776], [136.63090153795048, 35.09451561984728], [136.63096590454379, 35.09447880395548], [136.63166049924095, 35.09421038086809], [136.63263275688547, 35.0937597920648], [136.63407318393803, 35.093098779493495], [136.63529769958583, 35.09255769821652], [136.6358737965909, 35.09228734450929], [136.63630465505855, 35.09192866357242], [136.6365896264996, 35.09139250195498], [136.63658615177707, 35.09094518157623], [136.63658214489547, 35.090429341127134], [136.63657924468058, 35.09005596321541], [136.63664990090666, 35.089847697908574], [136.63687356697497, 35.08959926112507], [136.636996995877, 35.089462129078285], [136.6367871792498, 35.08932433178026], [136.63629137292483, 35.08899870801887], [136.63601491474788, 35.08881713976421], [136.63573702674807, 35.088634632620966], [136.63551784967694, 35.08845676270601], [136.63530065731416, 35.088280501230955], [136.6349347182105, 35.08768838482454], [136.63391943407763, 35.08793899293609], [136.6334933720859, 35.08797481478946], [136.63266990805116, 35.08797433113708], [136.632262737752, 35.08795049468397], [136.63079243249047, 35.08786440345704], [136.6307914328746, 35.087873845624145], [136.63049466566278, 35.09052069791133], [136.63039098693577, 35.09126034897905], [136.6302515667242, 35.091247060534855], [136.62873355749252, 35.093420248581275], [136.62824603640192, 35.09413245510411], [136.62817927489112, 35.094432179730696], [136.62822416175283, 35.09496098082027], [136.62825037882922, 35.09510535756082], [136.628308193735, 35.09527548786852], [136.6283345309686, 35.09543007565391], [136.62834213484848, 35.095605537429044], [136.62830523093083, 35.09570383156973], [136.6281674243945, 35.09575095803713], [136.62836713267413, 35.096405442893314], [136.62861237194352, 35.09645064842371], [136.62849456623204, 35.09664739626287], [136.62833108209253, 35.09702762953009], [136.62842387125144, 35.09766196380141], [136.6285418849032, 35.09753627426018], [136.6286544344071, 35.097452656594044], [136.62880724828884, 35.09734544864507], [136.62899557650303, 35.097131924401396], [136.6291074606726, 35.09696189825078], [136.62916713698976, 35.09683862463525], [136.62924729088317, 35.09674848583869], [136.6294002648645, 35.096668037669986]]]}}, {"type": "Feature", "properties": {"rowId": 273, "city_name": "桑名市", "town_name": "陽だまりの丘四丁目", "households": 416, "population": 1405, "e_stat_code": "24205161004"}, "geometry": {"type": "Polygon", "coordinates": [[[136.64018638488773, 35.08809109345436], [136.63974155212776, 35.08778191217039], [136.63881723154893, 35.088637028189176], [136.6387728697469, 35.08867810846701], [136.63837612047897, 35.088825345226006], [136.6379431126041, 35.0888607243871], [136.63751042692806, 35.08898180794152], [136.63707981938032, 35.08937014141173], [136.636996995877, 35.089462129078285], [136.63687356697497, 35.08959926112507], [136.63664990090666, 35.089847697908574], [136.63657924468058, 35.09005596321541], [136.63658214489547, 35.090429341127134], [136.63658615177707, 35.09094518157623], [136.63691619715075, 35.09094344776883], [136.63750925435775, 35.090940330038606], [136.63789324006171, 35.09099563570962], [136.63817306029804, 35.091108815050596], [136.63852469287468, 35.09135521040311], [136.6385587218528, 35.091379046028855], [136.63894378483081, 35.09157758699692], [136.63929346349465, 35.0917047617059], [136.63976474425408, 35.09177389739667], [136.63981700583375, 35.09177334040739], [136.64072174181345, 35.09176363183732], [136.64119420239885, 35.091758527337284], [136.64169563596354, 35.09175310366328], [136.6423795672349, 35.09174570241033], [136.64269314238598, 35.09171537727228], [136.6428562495051, 35.091596549979016], [136.64297049790525, 35.09151333606816], [136.6430429763844, 35.09125580687044], [136.64305531535953, 35.09121196017811], [136.64305194269014, 35.09078210394291], [136.64304693541516, 35.090143895745115], [136.64304069360855, 35.08934831065037], [136.64303564448375, 35.08870472271884], [136.6418852702435, 35.088710820882895], [136.64115593385966, 35.088679399096534], [136.64115516143525, 35.0886794031829], [136.64068098458165, 35.08843485944974], [136.64018638488773, 35.08809109345436]]]}}, {"type": "Feature", "properties": {"rowId": 11, "city_name": "桑名市", "town_name": "風呂町", "households": 8, "population": 18, "e_stat_code": "242050110"}, "geometry": {"type": "Polygon", "coordinates": [[[136.6953089777385, 35.067114044333444], [136.69523496756364, 35.06667515533476], [136.6947698973923, 35.06673000253065], [136.69478860501246, 35.066930817953924], [136.69481433739395, 35.06714694641123], [136.6953089777385, 35.067114044333444]]]}}, {"type": "Feature", "properties": {"rowId": 109, "city_name": "桑名市", "town_name": "高塚町一丁目", "households": 78, "population": 180, "e_stat_code": "24205088001"}, "geometry": {"type": "Polygon", "coordinates": [[[136.67403288879527, 35.07012108064679], [136.67400950909226, 35.070028178669546], [136.67408304338477, 35.070027770505], [136.6740590865247, 35.06986979883503], [136.67405263013129, 35.0697722253462], [136.67398486934644, 35.06978189812347], [136.67397317493973, 35.069740129909334], [136.67397271566327, 35.06968435569924], [136.67397768460535, 35.069595944493216], [136.67394318537868, 35.06953106307448], [136.67368767326414, 35.06940691270546], [136.6734722682407, 35.069347683236806], [136.6732005998799, 35.06932130064757], [136.67294631095217, 35.069345950941674], [136.67266405749396, 35.06941258708017], [136.6722743557528, 35.06947524035788], [136.67222515653822, 35.06968002751002], [136.67231354357222, 35.07011666760964], [136.67237632313794, 35.07052781534731], [136.67247758492522, 35.07115037723296], [136.67268657045202, 35.07112126033987], [136.67263404974776, 35.07092161399906], [136.67318483044855, 35.07084179837441], [136.67312785247066, 35.070449212335056], [136.6734329915275, 35.07041498405408], [136.67381158387525, 35.07037569938791], [136.67377859802514, 35.07014580259556], [136.67403288879527, 35.07012108064679]]]}}, {"type": "Feature", "properties": {"rowId": 111, "city_name": "桑名市", "town_name": "高塚町三丁目", "households": 78, "population": 163, "e_stat_code": "24205088003"}, "geometry": {"type": "Polygon", "coordinates": [[[136.67231354357222, 35.07011666760964], [136.67222515653822, 35.06968002751002], [136.6719377446223, 35.06980718663902], [136.67161633454091, 35.06992516759656], [136.67146373097447, 35.069935377874366], [136.6713786230106, 35.06990324174434], [136.67128198427542, 35.069838703881636], [136.6712247616815, 35.0697600736688], [136.67119481594884, 35.06955558305398], [136.67085117534785, 35.069720164977866], [136.6709892417874, 35.070695848027206], [136.67107174394366, 35.0710999850521], [136.6711556142923, 35.071676093437944], [136.67254844094956, 35.07151732288916], [136.67247758492522, 35.07115037723296], [136.67237632313794, 35.07052781534731], [136.67231354357222, 35.07011666760964]]]}}, {"type": "Feature", "properties": {"rowId": 110, "city_name": "桑名市", "town_name": "高塚町二丁目", "households": 29, "population": 76, "e_stat_code": "24205088002"}, "geometry": {"type": "Polygon", "coordinates": [[[136.67385286506928, 35.072577525810864], [136.67404323075914, 35.072590906405615], [136.6742912702191, 35.07254988043603], [136.67458324639367, 35.07249762299829], [136.67455379640586, 35.07265596107103], [136.67489168264515, 35.07257175649699], [136.67476468035153, 35.072451119679286], [136.6746953418146, 35.07227487854484], [136.67449750710261, 35.07228534417596], [136.67440689314037, 35.07227183286], [136.67427017533996, 35.072151742989995], [136.673911074239, 35.07215606051715], [136.67385980752678, 35.07211444147319], [136.6733287147713, 35.07217788339625], [136.67290488108708, 35.0722220648788], [136.67271329618728, 35.07127224485896], [136.67268657045196, 35.07112126033991], [136.67247758492522, 35.07115037723296], [136.67254844094956, 35.07151732288916], [136.67270546108995, 35.07248275776566], [136.67277131707786, 35.07300748338571], [136.673256311127, 35.073030148339164], [136.6734102901461, 35.07303556178391], [136.67356058594066, 35.072598162255815], [136.67385286506928, 35.072577525810864]]]}}, {"type": "Feature", "properties": {"rowId": 113, "city_name": "桑名市", "town_name": "高塚町五丁目", "households": 92, "population": 203, "e_stat_code": "24205088005"}, "geometry": {"type": "Polygon", "coordinates": [[[136.6709892417874, 35.070695848027206], [136.67085117534785, 35.069720164977866], [136.67062048921267, 35.06986560010019], [136.67038134045822, 35.07001340566173], [136.67040471331848, 35.07010630836185], [136.66961337634598, 35.07016180514799], [136.66943311270697, 35.07024653565646], [136.66924217713296, 35.07034090147671], [136.6692155367998, 35.07036168351273], [136.66921235249478, 35.07038099704505], [136.66923099079966, 35.070428924325704], [136.66942389568143, 35.07085337066505], [136.6696081552378, 35.07125222844812], [136.6697581863091, 35.0716187388646], [136.67000838944375, 35.071784758852026], [136.6711556142923, 35.071676093437944], [136.67107174394366, 35.0710999850521], [136.6709892417874, 35.070695848027206]]]}}, {"type": "Feature", "properties": {"rowId": 114, "city_name": "桑名市", "town_name": "高塚町六丁目", "households": 67, "population": 139, "e_stat_code": "24205088006"}, "geometry": {"type": "Polygon", "coordinates": [[[136.66941472643342, 35.07215297809777], [136.66970799501735, 35.072049103412205], [136.66997132504613, 35.072091806281826], [136.6700049033002, 35.07204978888447], [136.6701674145032, 35.0718628986214], [136.67000838944375, 35.071784758852026], [136.6697581863091, 35.0716187388646], [136.6696081552378, 35.07125222844812], [136.66942389568143, 35.07085337066505], [136.66923099079966, 35.070428924325704], [136.6691462998778, 35.07044805393256], [136.66903326803492, 35.07045797313122], [136.66886977278014, 35.0705192286398], [136.6687350773324, 35.07064553907351], [136.66855549015386, 35.070818577309616], [136.66837002563742, 35.0709591111655], [136.6679648624183, 35.0712124081447], [136.6679261232769, 35.071314948701286], [136.668052775582, 35.07158855814432], [136.66819412671921, 35.071862790772364], [136.6683686897461, 35.07218670197719], [136.66857311029833, 35.07245833265231], [136.66863168424848, 35.07252935133861], [136.66887393601058, 35.07235117878346], [136.66892394752236, 35.072317802754206], [136.66899727119866, 35.07228084792998], [136.66941472643342, 35.07215297809777]]]}}, {"type": "Feature", "properties": {"rowId": 112, "city_name": "桑名市", "town_name": "高塚町四丁目", "households": 99, "population": 227, "e_stat_code": "24205088004"}, "geometry": {"type": "Polygon", "coordinates": [[[136.67270546108995, 35.07248275776566], [136.67254844094956, 35.07151732288916], [136.6711556142923, 35.071676093437944], [136.67000838944375, 35.071784758852026], [136.6701674145032, 35.0718628986214], [136.6700049033002, 35.07204978888447], [136.67022649904092, 35.07217413370532], [136.67038586736285, 35.07229410277782], [136.67086909144805, 35.072598276242275], [136.67110814392407, 35.072782947235794], [136.67136958342147, 35.07293960662368], [136.6715938607746, 35.073077033151975], [136.67219445435273, 35.073042298552934], [136.672440575499, 35.07302825927489], [136.6725713667086, 35.073021196629554], [136.6727713170778, 35.0730074833857], [136.67270546108995, 35.07248275776566]]]}}]}
